1311126102	20260628101500	20260628101500	1	jpost.com	http://www.jpost.com/defense-and-tech/article-900681	9	2250	2298	2258	0	10	4651	0.13550135501355		
1311126103	20260628101500	20260628101500	1	jpost.com	http://www.jpost.com/defense-and-tech/article-900681	9	2298	2407	2402	0	10	4651	0.13550135501355		
1311126104	20260628101500	20260628101500	1	jpost.com	http://www.jpost.com/defense-and-tech/article-900681	12	3191	3305	3223	1	60	4651	0.13550135501355		
1311126105	20260628101500	20260628101500	1	jpost.com	http://www.jpost.com/defense-and-tech/article-900681	12	3191	3426	3416	1	40	4651	0.13550135501355		
1311126106	20260628101500	20260628101500	1	jpost.com	http://www.jpost.com/defense-and-tech/article-900681	12	3191	3422	3412	0	10	4651	0.13550135501355		
1311126107	20260628101500	20260628101500	1	jpost.com	http://www.jpost.com/defense-and-tech/article-900681	12	3226	3316	3234	0	20	4651	0.13550135501355		
1311126108	20260628101500	20260628101500	1	jpost.com	http://www.jpost.com/defense-and-tech/article-900681	12	3211	3301	3219	0	20	4651	0.13550135501355		
1310014216	20260621000000	20260628101500	1	russiaherald.com	http://www.russiaherald.com/news/279153008/iran-us-trade-blame-as-attacks-resume-despite-fragile-truce	20	-1	3351	3333	1	80	4646	-8.26330532212885		
1310014216	20260621000000	20260628101500	1	rferl.org	https://www.rferl.org/a/iran-us-hormuz-cease-fire-violation-kuwait-bahrain-trump/33790546.html	18	-1	3114	3096	1	80	4109	-7.89889415481832		
1310014216	20260621000000	20260628101500	1	irishsun.com	http://www.irishsun.com/news/279153008/iran-us-trade-blame-as-attacks-resume-despite-fragile-truce	20	-1	3351	3333	1	80	4646	-8.26330532212885		
1311126109	20260628101500	20260628101500	1	donegalnews.com	https://donegalnews.com/after-the-heat-back-to-a-wet-week-ahead-for-donegal2/	8	-1	2136	2113	1	50	2261	-2.20385674931129		
1311126110	20260628101500	20260628101500	1	cbc.ca	https://www.cbc.ca/news/canada/nova-scotia/hiker-rescue-nova-scotia-9.7249768	2	103	156	137	1	70	2233	0.26315789473684		
1311113821	20260628074500	20260628101500	1	irishsun.com	http://www.irishsun.com/news/279152776/somali-immigrant-detained-after-car-plows-into-london-shoppers	11	1433	1545	1527	1	80	2219	-12.1037463976945		
1311113821	20260628074500	20260628101500	1	irishsun.com	http://www.irishsun.com/news/279152617/somalian-immigrant-detained-after-car-ploughs-into-london-shoppers	11	1436	1548	1530	1	80	2218	-12.1037463976945		
1311126111	20260628101500	20260628101500	1	jpost.com	http://www.jpost.com/defense-and-tech/article-900681	8	2040	1970	2014	0	20	4651	0.13550135501355		
1311126112	20260628101500	20260628101500	1	jpost.com	http://www.jpost.com/defense-and-tech/article-900681	8	2063	1970	2037	0	20	4651	0.13550135501355		
1311126113	20260628101500	20260628101500	1	jpost.com	http://www.jpost.com/defense-and-tech/article-900681	8	2035	1970	2010	1	60	4651	0.13550135501355		
1310079798	20260621153000	20260628101500	1	irishsun.com	http://www.irishsun.com/news/279152617/somalian-immigrant-detained-after-car-ploughs-into-london-shoppers	11	1502	1573	1558	0	20	2218	-12.1037463976945		
1310079798	20260621153000	20260628101500	1	irishsun.com	http://www.irishsun.com/news/279152776/somali-immigrant-detained-after-car-plows-into-london-shoppers	11	1499	1570	1555	0	20	2219	-12.1037463976945		
1310043400	20260621081500	20260628101500	1	donegalnews.com	https://donegalnews.com/after-the-heat-back-to-a-wet-week-ahead-for-donegal2/	8	2136	-1	2113	1	50	2261	-2.20385674931129		
1311126114	20260628101500	20260628101500	1	jpost.com	http://www.jpost.com/defense-and-tech/article-900681	8	1970	2040	2014	0	20	4651	0.13550135501355		
1311126115	20260628101500	20260628101500	1	jpost.com	http://www.jpost.com/defense-and-tech/article-900681	8	1970	2063	2037	0	20	4651	0.13550135501355		
1311126116	20260628101500	20260628101500	1	jpost.com	http://www.jpost.com/defense-and-tech/article-900681	8	1970	2035	2010	1	60	4651	0.13550135501355		
1310055763	20260621101500	20260628101500	1	russiaherald.com	http://www.russiaherald.com/news/279153008/iran-us-trade-blame-as-attacks-resume-despite-fragile-truce	20	3398	3351	3333	0	10	4646	-8.26330532212885		
1310055763	20260621101500	20260628101500	1	rferl.org	https://www.rferl.org/a/iran-us-hormuz-cease-fire-violation-kuwait-bahrain-trump/33790546.html	18	3161	3114	3096	0	10	4109	-7.89889415481832		
1310055763	20260621101500	20260628101500	1	irishsun.com	http://www.irishsun.com/news/279153008/iran-us-trade-blame-as-attacks-resume-despite-fragile-truce	20	3398	3351	3333	0	10	4646	-8.26330532212885		
1310028153	20260621041500	20260628101500	1	russiaherald.com	http://www.russiaherald.com/news/279153008/iran-us-trade-blame-as-attacks-resume-despite-fragile-truce	20	3398	3351	3333	0	10	4646	-8.26330532212885		
1310028153	20260621041500	20260628101500	1	rferl.org	https://www.rferl.org/a/iran-us-hormuz-cease-fire-violation-kuwait-bahrain-trump/33790546.html	18	3161	3114	3096	0	10	4109	-7.89889415481832		
1310028153	20260621041500	20260628101500	1	irishsun.com	http://www.irishsun.com/news/279153008/iran-us-trade-blame-as-attacks-resume-despite-fragile-truce	20	3398	3351	3333	0	10	4646	-8.26330532212885		
1310025888	20260621033000	20260628101500	1	rferl.org	https://www.rferl.org/a/iran-us-hormuz-cease-fire-violation-kuwait-bahrain-trump/33790546.html	18	3161	-1	3197	0	20	4109	-7.89889415481832		
1310025888	20260621033000	20260628101500	1	russiaherald.com	http://www.russiaherald.com/news/279153008/iran-us-trade-blame-as-attacks-resume-despite-fragile-truce	20	3398	3454	3429	0	20	4646	-8.26330532212885		
1310025888	20260621033000	20260628101500	1	irishsun.com	http://www.irishsun.com/news/279153008/iran-us-trade-blame-as-attacks-resume-despite-fragile-truce	20	3398	3454	3429	0	20	4646	-8.26330532212885		
1310025889	20260621033000	20260628101500	1	irishsun.com	http://www.irishsun.com/news/279153008/iran-us-trade-blame-as-attacks-resume-despite-fragile-truce	20	3379	3431	3407	1	30	4646	-8.26330532212885		
1310025889	20260621033000	20260628101500	1	rferl.org	https://www.rferl.org/a/iran-us-hormuz-cease-fire-violation-kuwait-bahrain-trump/33790546.html	18	3142	3196	3171	1	30	4109	-7.89889415481832		
1310025889	20260621033000	20260628101500	1	russiaherald.com	http://www.russiaherald.com/news/279153008/iran-us-trade-blame-as-attacks-resume-despite-fragile-truce	20	3379	3431	3407	1	30	4646	-8.26330532212885		
1311124883	20260628100000	20260628101500	1	russiaherald.com	http://www.russiaherald.com/news/279153008/iran-us-trade-blame-as-attacks-resume-despite-fragile-truce	20	3398	3454	3429	0	20	4646	-8.26330532212885		
1311124883	20260628100000	20260628101500	1	rferl.org	https://www.rferl.org/a/iran-us-hormuz-cease-fire-violation-kuwait-bahrain-trump/33790546.html	18	3161	-1	3197	0	20	4109	-7.89889415481832		
1311124883	20260628100000	20260628101500	1	irishsun.com	http://www.irishsun.com/news/279153008/iran-us-trade-blame-as-attacks-resume-despite-fragile-truce	20	3398	3454	3429	0	20	4646	-8.26330532212885		
1311109826	20260628064500	20260628101500	1	russiaherald.com	http://www.russiaherald.com/news/279152798/massive-blow-to-iran-and-hezbollah-netanyahu-claims-israel-lebanon-agreement-sidelines-tehran	3	745	-1	767	0	10	6715	2.36578707916288		
1311109827	20260628064500	20260628101500	1	russiaherald.com	http://www.russiaherald.com/news/279152798/massive-blow-to-iran-and-hezbollah-netanyahu-claims-israel-lebanon-agreement-sidelines-tehran	3	729	-1	750	0	10	6715	2.36578707916288		
1311109828	20260628064500	20260628101500	1	russiaherald.com	http://www.russiaherald.com/news/279152798/massive-blow-to-iran-and-hezbollah-netanyahu-claims-israel-lebanon-agreement-sidelines-tehran	3	729	-1	751	1	30	6715	2.36578707916288		
1311109829	20260628064500	20260628101500	1	russiaherald.com	http://www.russiaherald.com/news/279152798/massive-blow-to-iran-and-hezbollah-netanyahu-claims-israel-lebanon-agreement-sidelines-tehran	3	745	-1	767	0	20	6715	2.36578707916288		
1311120289	20260628090000	20260628101500	1	gazetteherald.co.uk	https://www.gazetteherald.co.uk/news/26230858.tributes-don-oldfield-engineer-cancer-battle/	3	-1	852	833	1	30	2656	0		
1311112815	20260628073000	20260628101500	1	theage.com.au	https://www.theage.com.au/national/from-big-house-to-big-build-cfmeu-chief-s-courtroom-plea-for-violent-contractor-exposed-20260628-p60anp.html	10	-1	3675	3696	0	40	10544	-2.00235571260306		
1311123736	20260628094500	20260628101500	1	theage.com.au	https://www.theage.com.au/national/from-big-house-to-big-build-cfmeu-chief-s-courtroom-plea-for-violent-contractor-exposed-20260628-p60anp.html	26	-1	8612	8706	0	40	10544	-2.00235571260306		
1311124887	20260628100000	20260628101500	1	azernews.az	https://www.azernews.az/nation/260337.html	2	-1	140	131	1	50	2049	1.66666666666666		
1311124888	20260628100000	20260628101500	1	azernews.az	https://www.azernews.az/nation/260335.html	11	-1	3861	3969	0	10	5652	2.18446601941747		
1311126117	20260628101500	20260628101500	1	gazetteseries.co.uk	https://www.gazetteseries.co.uk/news/26221855.dursley-inner-wheel-welcomes-new-president-jane-ball/	10	-1	1991	2000	1	100	1998	4.7752808988764		
1311118867	20260628084500	20260628101500	1	gazetteseries.co.uk	https://www.gazetteseries.co.uk/news/national/26229533.cargo-ship-hit-un-approved-route-strait-hormuz/	13	-1	3950	3935	0	10	6101	-3.61681329423265		
1311118867	20260628084500	20260628101500	1	times-series.co.uk	https://www.times-series.co.uk/news/national/26229533.cargo-ship-hit-un-approved-route-strait-hormuz/	13	-1	3950	3935	0	10	6101	-3.61681329423265		
1311118869	20260628084500	20260628101500	1	times-series.co.uk	https://www.times-series.co.uk/news/national/26229533.cargo-ship-hit-un-approved-route-strait-hormuz/	13	-1	3950	3935	1	40	6101	-3.61681329423265		
1311118869	20260628084500	20260628101500	1	gazetteseries.co.uk	https://www.gazetteseries.co.uk/news/national/26229533.cargo-ship-hit-un-approved-route-strait-hormuz/	13	-1	3950	3935	1	40	6101	-3.61681329423265		
1311126118	20260628101500	20260628101500	1	freebeacon.com	https://freebeacon.com/culture/americas-vision-statement/	12	-1	5369	5319	1	30	8405	-1.171875		
1311126119	20260628101500	20260628101500	1	courant.com	https://www.courant.com/2026/06/28/man-has-been-charged-in-i-95-crash-with-off-duty-officer-he-was-allegedly-parked-in-travel-lane/	12	-1	3079	3086	1	60	5753	-5.31914893617021		
1311126120	20260628101500	20260628101500	1	outinperth.com	https://www.outinperth.com/watchdog-compels-nsw-police-to-review-sydney-gay-club-drug-raids/	2	-1	300	317	1	100	2388	-6.57534246575342		
1311126121	20260628101500	20260628101500	1	mexicoledger.com	http://www.mexicoledger.com/stories/mexico-to-host-first-annual-jeep-thing,120066	3	-1	576	559	1	30	3073	0		
1311086671	20260628000000	20260628101500	1	gazetteseries.co.uk	https://www.gazetteseries.co.uk/news/26218786.stroud-district-council-leaders-column-catherine-braun/	3	-1	810	766	1	100	1878	3.84615384615385		
1311126122	20260628101500	20260628101500	1	universityworldnews.com	https://www.universityworldnews.com/post.php?story=20260625140223502	2	-1	752	746	1	100	8729	-0.97817908201656		
1311089743	20260628001500	20260628101500	1	gazetteherald.co.uk	https://www.gazetteherald.co.uk/news/26232312.excel-learning-trust-artsfest-held-york-central-hall/	2	-1	229	254	1	100	1114	10.3626943005181		
1311126123	20260628101500	20260628101500	1	universityworldnews.com	https://www.universityworldnews.com/post.php?story=20260627081834145	1	-1	700	690	0	40	18280	2.11189329381252		
1311126124	20260628101500	20260628101500	1	universityworldnews.com	https://www.universityworldnews.com/post.php?story=20260627155723800	4	-1	800	788	1	100	1361	0		
1311126125	20260628101500	20260628101500	1	jpost.com	http://www.jpost.com/business-and-innovation/banking-and-finance/article-900687	4	-1	983	933	0	10	5140	-5.09849362688297		
1311126126	20260628101500	20260628101500	1	universityworldnews.com	https://www.universityworldnews.com/post.php?story=20260627155723800	5	-1	868	879	1	100	1361	0		
1311126127	20260628101500	20260628101500	1	universityworldnews.com	https://www.universityworldnews.com/post.php?story=20260627134944965	3	-1	661	630	1	100	1067	10.2739726027397		
1311093074	20260628013000	20260628101500	1	tvguide.co.uk	https://www.tvguide.co.uk/schedule/f4fdf094-48b6-54ad-9ce2-71fc1b3bef15/mortimer-and-whitehouse-gone-fishing	1	-1	167	130	1	100	891	1.38888888888889		
1311126128	20260628101500	20260628101500	1	spokesman.com	https://www.spokesman.com/stories/2026/jun/28/get-ready-for-the-fourth-with-a-special-edition-of/	24	-1	6202	6186	1	80	9647	1.00439422473321		
1311126129	20260628101500	20260628101500	1	spokesman.com	https://www.spokesman.com/stories/2026/jun/28/get-ready-for-the-fourth-with-a-special-edition-of/	24	-1	6205	6189	0	20	9647	1.00439422473321		
1311113829	20260628074500	20260628101500	1	irishsun.com	http://www.irishsun.com/news/279152776/somali-immigrant-detained-after-car-plows-into-london-shoppers	9	-1	1328	1292	1	100	2219	-12.1037463976945		
1311113829	20260628074500	20260628101500	1	irishsun.com	http://www.irishsun.com/news/279152617/somalian-immigrant-detained-after-car-ploughs-into-london-shoppers	9	-1	1331	1295	1	100	2218	-12.1037463976945		
1311126130	20260628101500	20260628101500	1	cbc.ca	https://www.cbc.ca/news/canada/nova-scotia/hiker-rescue-nova-scotia-9.7249768	5	-1	735	815	1	100	2233	0.26315789473684		
1311126131	20260628101500	20260628101500	1	spokesman.com	https://www.spokesman.com/stories/2026/jun/28/think-about-what-it-took-northwest-tribal-leaders-/	1	-1	1225	1187	1	40	9511	-0.1914486279515		
1311126132	20260628101500	20260628101500	1	spokesman.com	https://www.spokesman.com/stories/2026/jun/28/think-about-what-it-took-northwest-tribal-leaders-/	1	-1	1225	1187	0	10	9511	-0.1914486279515		
1311126133	20260628101500	20260628101500	1	jpost.com	http://www.jpost.com/israel-news/defense-news/article-900702	7	-1	1065	1099	1	10	1361	-9.81308411214953		
1311126134	20260628101500	20260628101500	1	universityworldnews.com	https://www.universityworldnews.com/post.php?story=20260627134828577	2	-1	577	610	1	100	1034	-3.35195530726256		
1311126135	20260628101500	20260628101500	1	thehindu.com	https://www.thehindu.com/news/cities/chennai/madhavaram-nallur-elevated-corridor-likely-if-tamil-nadu-govt-waives-gst-on-construction-materials/article71155200.ece	3	-1	781	756	1	100	2099	-1.14285714285715		
1311108110	20260628061500	20260628101500	1	webindia123.com	https://news.webindia123.com/news/Articles/World/20260628/4468371.html	9	-1	2637	2661	1	60	2817	6.14657210401891		
1311126136	20260628101500	20260628101500	1	birminghammail.co.uk	https://www.birminghammail.co.uk/news/cost-of-living/sir-keir-starmer-announces-bumper-34199573	4	-1	1648	1565	1	50	2441	0		
1311126137	20260628101500	20260628101500	1	gazetteseries.co.uk	https://www.gazetteseries.co.uk/news/26221855.dursley-inner-wheel-welcomes-new-president-jane-ball/	8	-1	1668	1600	1	50	1998	4.7752808988764		
1311095232	20260628021500	20260628101500	1	webindia123.com	https://news.webindia123.com/news/Articles/World/20260628/4468320.html	3	-1	1248	1181	1	60	2964	5.11111111111111		
1311126138	20260628101500	20260628101500	1	thehindu.com	https://www.thehindu.com/news/national/sonam-wangchuk-joins-cjp-protest-begins-hunger-strike-at-jantar-mantar/article71157421.ece	7	-1	1522	1452	1	50	1800	-8.77192982456142		
1311126139	20260628101500	20260628101500	1	thehindu.com	https://www.thehindu.com/news/national/sonam-wangchuk-joins-cjp-protest-begins-hunger-strike-at-jantar-mantar/article71157421.ece	7	-1	1522	1487	1	50	1800	-8.77192982456142		
1311118896	20260628084500	20260628101500	1	abcnews.com	https://abcnews.com/International/wireStory/iraqi-officials-including-lawmakers-arrested-corruption-charges-overnight-134285889	3	-1	295	232	1	50	1517	-6.61157024793389		
1311090864	20260628003000	20260628101500	1	gazetteseries.co.uk	https://www.gazetteseries.co.uk/news/26221855.dursley-inner-wheel-welcomes-new-president-jane-ball/	4	-1	409	368	1	50	1998	4.7752808988764		
1311102396	20260628043000	20260628101500	1	webindia123.com	https://news.webindia123.com/news/Articles/Entertainment/20260628/4468369.html	6	-1	1120	1108	1	40	1818	-3.03030303030303		
1311126140	20260628101500	20260628101500	1	webindia123.com	https://news.webindia123.com/news/Articles/Entertainment/20260628/4468369.html	6	-1	1112	1100	0	20	1818	-3.03030303030303		
1311114898	20260628080000	20260628101500	1	webindia123.com	https://news.webindia123.com/news/Articles/World/20260628/4468320.html	9	-1	2427	2470	1	50	2964	5.11111111111111		
1311126141	20260628101500	20260628101500	1	swissinfo.ch	https://www.swissinfo.ch/eng/foreign-affairs/irelands-eu-presidency-to-shape-key-areas-for-switzerland/91663226	19	-1	4414	4454	1	100	5896	1.13250283125708		
1311118913	20260628084500	20260628101500	1	gazetteseries.co.uk	https://www.gazetteseries.co.uk/news/national/26229533.cargo-ship-hit-un-approved-route-strait-hormuz/	15	-1	4375	4273	1	50	6101	-3.61681329423265		
1311092286	20260628011500	20260628101500	1	times-series.co.uk	https://www.times-series.co.uk/news/national/26229533.cargo-ship-hit-un-approved-route-strait-hormuz/	15	-1	4375	4273	1	50	6101	-3.61681329423265		
1311090344	20260628004500	20260628101500	1	gdnonline.com	https://www.gdnonline.com:443/Details/1398959/DAMN-THOSE-DRONES-US-forces-carry-out-fresh-strikes-after-a-Panama-flagged-tanker-was-attacked-by-an-Iranian-drone	20	-1	3437	3450	1	100	3551	-4.69798657718121		
1311087098	20260628000000	20260628101500	1	gdnonline.com	https://www.gdnonline.com:443/Details/1398959/DAMN-THOSE-DRONES-US-forces-carry-out-fresh-strikes-after-a-Panama-flagged-tanker-was-attacked-by-an-Iranian-drone	21	-1	3507	3512	1	100	3551	-4.69798657718121		
1311109676	20260628061500	20260628101500	1	abcnews.com	https://abcnews.com/International/wireStory/iraqi-officials-including-lawmakers-arrested-corruption-charges-overnight-134285889	8	-1	1496	1539	1	80	1517	-6.61157024793389		
1311118917	20260628084500	20260628101500	1	abcnews.com	https://abcnews.com/International/wireStory/iraqi-officials-including-lawmakers-arrested-corruption-charges-overnight-134285889	8	-1	1496	1539	0	20	1517	-6.61157024793389		
1311109850	20260628064500	20260628101500	1	russiaherald.com	http://www.russiaherald.com/news/279152798/massive-blow-to-iran-and-hezbollah-netanyahu-claims-israel-lebanon-agreement-sidelines-tehran	21	-1	5552	5411	1	100	6715	2.36578707916288		
1311126142	20260628101500	20260628101500	1	jpost.com	http://www.jpost.com/israel-news/article-900684	2	-1	1050	1006	0	40	2902	0.867678958785253		
1311126143	20260628101500	20260628101500	1	jpost.com	http://www.jpost.com/israel-news/article-900684	4	-1	1511	1479	1	100	2902	0.867678958785253		
1311117962	20260628083000	20260628101500	1	jpost.com	http://www.jpost.com/israel-news/article-900684	3	-1	1348	1323	1	80	2902	0.867678958785253		
1311126144	20260628101500	20260628101500	1	jpost.com	http://www.jpost.com/israel-news/article-900684	1	-1	463	423	1	100	2902	0.867678958785253		
1311126145	20260628101500	20260628101500	1	jpost.com	http://www.jpost.com/israel-news/defense-news/article-900702	7	-1	1073	1112	0	40	1361	-9.81308411214953		
1311126146	20260628101500	20260628101500	1	thelocal.it	https://www.thelocal.it/20260628/on-the-agenda-whats-happening-in-italy-this-week-179	7	-1	2543	2493	0	30	6008	-0.79443892750745		
1311126147	20260628101500	20260628101500	1	thelocal.it	https://www.thelocal.it/20260628/on-the-agenda-whats-happening-in-italy-this-week-179	7	-1	2556	2493	0	30	6008	-0.79443892750745		
1311101969	20260628040000	20260628101500	1	eturbonews.com	https://eturbonews.com/lgbt-travel-capitalizing-on-film-location-as-a-tour/	5	-1	737	678	1	90	2146	4.7244094488189		
1311098865	20260628030000	20260628101500	1	thelocal.it	https://www.thelocal.it/20260628/on-the-agenda-whats-happening-in-italy-this-week-179	4	-1	1196	1254	1	70	6008	-0.79443892750745		
1311126148	20260628101500	20260628101500	1	indiatimes.com	https://economictimes.indiatimes.com/news/international/canada/newly-hired-marketing-analyst-says-coworker-who-wasnt-their-boss-buried-them-in-work-until-one-conversation-with-their-manager-changed-everything/articleshow/132046807.cms	8	-1	2401	2390	1	50	2926	-5.29661016949153		
1311126149	20260628101500	20260628101500	1	jpost.com	http://www.jpost.com/opinion/article-900674	15	-1	4223	4208	0	20	4822	-0.86741016109046		
1311101526	20260628041500	20260628101500	1	jpost.com	http://www.jpost.com/opinion/article-900674	14	-1	4073	4050	0	20	4822	-0.86741016109046		
1311123779	20260628094500	20260628101500	1	webindia123.com	https://news.webindia123.com/news/Articles/World/20260628/4468350.html	5	-1	1231	1258	1	80	5651	-6.27802690582959		
1311105100	20260628050000	20260628101500	1	jpost.com	http://www.jpost.com/opinion/article-900674	15	-1	4275	4190	0	20	4822	-0.86741016109046		
1311123780	20260628094500	20260628101500	1	webindia123.com	https://news.webindia123.com/news/Articles/World/20260628/4468350.html	20	-1	5077	5063	1	30	5651	-6.27802690582959		
1311098200	20260628031500	20260628101500	1	asiabulletin.com	http://www.asiabulletin.com/news/279152914/trinamool-mp-dola-sen-seeks-fir-against-rebel-group-over-criminal-impersonation-forgery	9	-1	1888	1792	1	50	2480	-0.77720207253886		
1311098200	20260628031500	20260628101500	1	webindia123.com	https://news.webindia123.com/news/Articles/India/20260628/4468315.html	9	-1	1898	1802	1	50	2447	-1.55844155844156		
1311126150	20260628101500	20260628101500	1	mexicoledger.com	http://www.mexicoledger.com/stories/mexico-to-host-first-annual-jeep-thing,120066	3	-1	687	630	1	30	3073	0		
1311092620	20260628010000	20260628101500	1	mexicoledger.com	http://www.mexicoledger.com/stories/mexico-to-host-first-annual-jeep-thing,120066	1	-1	0	10	1	100	3073	0		
1311125345	20260628100000	20260628101500	1	azernews.az	https://www.azernews.az/nation/260334.html	6	-1	1484	1495	1	50	3644	2.14007782101167		
1311126151	20260628101500	20260628101500	1	joy.org.au	https://joy.org.au/nowboarding/2026/06/28/s01_e18-travelling-with-cameron/	1	-1	259	219	1	100	797	0.70422535211267		
1311105245	20260628053000	20260628101500	1	joy.org.au	https://joy.org.au/nowboarding/2026/06/28/s01_e18-travelling-with-cameron/	1	-1	259	230	1	100	797	0.70422535211267		
1311126152	20260628101500	20260628101500	1	webindia123.com	https://news.webindia123.com/news/Articles/Entertainment/20260628/4468377.html	2	-1	266	202	1	100	1611	-1.40845070422535		
1311126153	20260628101500	20260628101500	1	jpost.com	https://www.jpost.com/middle-east/iran-news/article-900685	8	-1	1769	1831	1	50	2059	-4.34782608695652		
1311126153	20260628101500	20260628101500	1	jpost.com	http://www.jpost.com/middle-east/iran-news/article-900685	8	-1	1769	1831	1	50	2059	-4.34782608695652		
1311113850	20260628074500	20260628101500	1	irishsun.com	http://www.irishsun.com/news/279152617/somalian-immigrant-detained-after-car-ploughs-into-london-shoppers	12	-1	1655	1589	1	100	2218	-12.1037463976945		
1311113850	20260628074500	20260628101500	1	irishsun.com	http://www.irishsun.com/news/279152776/somali-immigrant-detained-after-car-plows-into-london-shoppers	12	-1	1652	1586	1	100	2219	-12.1037463976945		
1311126154	20260628101500	20260628101500	1	indianweekender.co.nz	https://www.indianweekender.co.nz/news/auckland-diversion-leaves-qantas-passengers-stuck-on-plane-for-over-8-hours	1	-1	0	19	1	100	344	-7.46268656716418		
1311120703	20260628090000	20260628101500	1	gazetteherald.co.uk	https://www.gazetteherald.co.uk/news/26232389.adult-social-care-programme-launched-bridlington/	3	-1	1226	1121	1	50	1355	7.96019900497512		
1311114163	20260628074500	20260628101500	1	jpost.com	http://www.jpost.com/international/article-900671	2	-1	163	293	0	20	2074	-11.7283950617284		
1311126155	20260628101500	20260628101500	1	dominicanrepublicpost.com	https://dominicanrepublicpost.com/iran-attacks-kuwait-and-bahrain-in-response-to-us-strikes/	5	-1	1173	1263	1	100	4017	-6.38930163447251		
1311120329	20260628090000	20260628101500	1	gazetteherald.co.uk	https://www.gazetteherald.co.uk/news/26230858.tributes-don-oldfield-engineer-cancer-battle/	6	-1	2110	2097	1	50	2656	0		
1311112620	20260628070000	20260628101500	1	gazetteherald.co.uk	https://www.gazetteherald.co.uk/news/26230858.tributes-don-oldfield-engineer-cancer-battle/	6	-1	2110	2097	1	50	2656	0		
1311126156	20260628101500	20260628101500	1	webindia123.com	https://news.webindia123.com/news/Articles/India/20260628/4468383.html	2	-1	307	353	1	80	2477	2.91005291005291		
1311126157	20260628101500	20260628101500	1	birminghammail.co.uk	https://www.birminghammail.co.uk/travel/uk-tourists-italy-face-drastic-34185394	6	-1	1309	1304	1	100	2309	-2.66990291262136		
1311126158	20260628101500	20260628101500	1	birminghammail.co.uk	https://www.birminghammail.co.uk/travel/uk-tourists-italy-face-drastic-34185394	6	-1	1309	1328	1	100	2309	-2.66990291262136		
1311098505	20260628031500	20260628101500	1	webindia123.com	https://news.webindia123.com/news/Articles/India/20260628/4468315.html	4	-1	1169	1157	0	40	2447	-1.55844155844156		
1311098505	20260628031500	20260628101500	1	asiabulletin.com	http://www.asiabulletin.com/news/279152914/trinamool-mp-dola-sen-seeks-fir-against-rebel-group-over-criminal-impersonation-forgery	4	-1	1159	1147	0	40	2480	-0.77720207253886		
1311124934	20260628100000	20260628101500	1	azernews.az	https://www.azernews.az/nation/260335.html	11	-1	3850	3982	1	40	5652	2.18446601941747		
1311091690	20260628004500	20260628101500	1	freebeacon.com	https://freebeacon.com/national-security/in-the-end-i-was-right-how-a-harvard-historian-helped-reagan-topple-soviet-communism/	2	-1	1098	1111	0	60	9843	-2.44798041615667		
1311092983	20260628010000	20260628101500	1	universityworldnews.com	https://www.universityworldnews.com/post.php?story=20260610103334438	8	-1	3788	3803	1	30	6846	-1.82741116751269		
1311113860	20260628074500	20260628101500	1	irishsun.com	http://www.irishsun.com/news/279152617/somalian-immigrant-detained-after-car-ploughs-into-london-shoppers	7	-1	961	988	1	40	2218	-12.1037463976945		
1311113860	20260628074500	20260628101500	1	irishsun.com	http://www.irishsun.com/news/279152776/somali-immigrant-detained-after-car-plows-into-london-shoppers	7	-1	958	985	1	40	2219	-12.1037463976945		
1311107957	20260628061500	20260628101500	1	webindia123.com	https://news.webindia123.com/news/Articles/World/20260628/4468371.html	10	-1	2750	2741	1	60	2817	6.14657210401891		
1311108377	20260628061500	20260628101500	1	webindia123.com	https://news.webindia123.com/news/Articles/World/20260628/4468376.html	8	-1	1956	1881	1	100	4259	5.71870170015456		
1311124317	20260628094500	20260628101500	1	webindia123.com	https://news.webindia123.com/news/Articles/World/20260628/4468376.html	8	-1	1956	1895	1	100	4259	5.71870170015456		
1311087381	20260628000000	20260628101500	1	courant.com	https://www.courant.com/2026/06/28/man-accused-of-recording-sexual-assault-of-four-underage-girls-in-ct/	3	-1	668	663	0	20	1674	-8.30324909747292		
1311126159	20260628101500	20260628101500	1	courant.com	https://www.courant.com/2026/06/28/man-accused-of-recording-sexual-assault-of-four-underage-girls-in-ct/	3	-1	701	663	0	20	1674	-8.30324909747292		
1311089500	20260628003000	20260628101500	1	courant.com	https://www.courant.com/2026/06/28/man-accused-of-recording-sexual-assault-of-four-underage-girls-in-ct/	3	-1	785	797	1	60	1674	-8.30324909747292		
1311126160	20260628101500	20260628101500	1	103gbfrocks.com	https://103gbfrocks.com/ixp/463/p/illinois-police-cold-case/	5	-1	961	943	0	10	1840	-3.24675324675325		
1311126161	20260628101500	20260628101500	1	103gbfrocks.com	https://103gbfrocks.com/ixp/463/p/illinois-police-cold-case/	5	-1	961	943	0	10	1840	-3.24675324675325		
1311126162	20260628101500	20260628101500	1	spokesman.com	https://www.spokesman.com/stories/2026/jun/28/who-is-your-american-hero-locals-share-their-favor/	13	-1	5454	5449	0	20	9462	2.12628865979381		
1311126163	20260628101500	20260628101500	1	courant.com	https://www.courant.com/2026/06/28/man-has-been-charged-in-i-95-crash-with-off-duty-officer-he-was-allegedly-parked-in-travel-lane/	17	-1	5052	5069	0	40	5753	-5.31914893617021		
1311126164	20260628101500	20260628101500	1	mexicoledger.com	http://www.mexicoledger.com/stories/mexico-to-host-first-annual-jeep-thing,120066	12	-1	3073	3055	0	20	3073	0		
1311126165	20260628101500	20260628101500	1	spokesman.com	https://www.spokesman.com/stories/2026/jun/28/who-is-your-american-hero-locals-share-their-favor/	1	-1	550	516	0	10	9462	2.12628865979381		
1311126166	20260628101500	20260628101500	1	spokesman.com	https://www.spokesman.com/stories/2026/jun/28/who-is-your-american-hero-locals-share-their-favor/	1	-1	537	503	0	10	9462	2.12628865979381		
1311091093	20260628010000	20260628101500	1	courant.com	https://www.courant.com/2026/06/28/man-accused-of-recording-sexual-assault-of-four-underage-girls-in-ct/	3	-1	785	773	1	60	1674	-8.30324909747292		
1311126167	20260628101500	20260628101500	1	spokesman.com	https://www.spokesman.com/stories/2026/jun/28/preserving-history-250-years-in-daughters-of-ameri/	13	-1	4436	4603	0	40	5249	2.78099652375434		
1311104186	20260628050000	20260628101500	1	spokesman.com	https://www.spokesman.com/stories/2026/jun/28/who-is-your-american-hero-locals-share-their-favor/	3	-1	1506	1325	0	40	9462	2.12628865979381		
1311126168	20260628101500	20260628101500	1	courant.com	https://www.courant.com/2026/06/28/man-has-been-charged-in-i-95-crash-with-off-duty-officer-he-was-allegedly-parked-in-travel-lane/	2	-1	296	314	0	40	5753	-5.31914893617021		
1311126169	20260628101500	20260628101500	1	courant.com	https://www.courant.com/2026/06/28/a-single-act-of-mercy-to-the-enemy-made-a-british-soldier-a-hero-in-a-ct-town-his-legacy-lives/	8	-1	4597	4623	0	40	8379	-0.99220411055989		
1311090681	20260628003000	20260628101500	1	freebeacon.com	https://freebeacon.com/culture/americas-vision-statement/	3	-1	1661	1713	1	100	8405	-1.171875		
1311090681	20260628003000	20260628101500	1	spokesman.com	https://www.spokesman.com/stories/2026/jun/28/who-is-your-american-hero-locals-share-their-favor/	19	-1	8357	8429	0	40	9462	2.12628865979381		
1311125493	20260628100000	20260628101500	1	azernews.az	https://www.azernews.az/nation/260335.html	7	-1	2761	2794	1	100	5652	2.18446601941747		
1311126170	20260628101500	20260628101500	1	talkingretail.com	https://www.talkingretail.com/featured/shop-theft-in-scotland-hits-highest-levels-in-over-half-a-century-24-06-2026/	2	-1	773	761	1	100	1621	-4.90566037735849		
1311126171	20260628101500	20260628101500	1	talkingretail.com	https://www.talkingretail.com/featured/shop-theft-in-scotland-hits-highest-levels-in-over-half-a-century-24-06-2026/	2	-1	773	822	1	100	1621	-4.90566037735849		
1311107965	20260628061500	20260628101500	1	jpost.com	http://www.jpost.com/international/article-900671	6	1673	1660	1643	0	40	2074	-11.7283950617284		
1311107966	20260628061500	20260628101500	1	jpost.com	http://www.jpost.com/international/article-900671	6	1673	1660	1643	1	60	2074	-11.7283950617284		
1311107967	20260628061500	20260628101500	1	jpost.com	http://www.jpost.com/international/article-900671	5	1486	1417	1433	1	100	2074	-11.7283950617284		
1311120348	20260628090000	20260628101500	1	gazetteherald.co.uk	https://www.gazetteherald.co.uk/news/26230858.tributes-don-oldfield-engineer-cancer-battle/	3	874	-1	833	0	10	2656	0		
1311120349	20260628090000	20260628101500	1	gazetteherald.co.uk	https://www.gazetteherald.co.uk/news/26230858.tributes-don-oldfield-engineer-cancer-battle/	3	852	-1	833	1	20	2656	0		
1311120350	20260628090000	20260628101500	1	gazetteherald.co.uk	https://www.gazetteherald.co.uk/news/26230858.tributes-don-oldfield-engineer-cancer-battle/	3	858	842	833	0	20	2656	0		
1311121593	20260628091500	20260628101500	1	yahoo.com	https://www.yahoo.com/news/world/articles/meet-3-members-albanias-flamingo-082546305.html	20	5734	-1	5800	0	20	6022	-2.70551508844953		
1311123812	20260628094500	20260628101500	1	theage.com.au	https://www.theage.com.au/national/from-big-house-to-big-build-cfmeu-chief-s-courtroom-plea-for-violent-contractor-exposed-20260628-p60anp.html	25	8349	-1	8327	0	40	10544	-2.00235571260306		
1311123813	20260628094500	20260628101500	1	theage.com.au	https://www.theage.com.au/national/from-big-house-to-big-build-cfmeu-chief-s-courtroom-plea-for-violent-contractor-exposed-20260628-p60anp.html	15	5427	-1	5440	0	20	10544	-2.00235571260306		
1311112812	20260628073000	20260628101500	1	theage.com.au	https://www.theage.com.au/national/from-big-house-to-big-build-cfmeu-chief-s-courtroom-plea-for-violent-contractor-exposed-20260628-p60anp.html	22	7401	-1	7409	0	10	10544	-2.00235571260306		
1311121594	20260628091500	20260628101500	1	yahoo.com	https://www.yahoo.com/news/world/articles/meet-3-members-albanias-flamingo-082546305.html	17	5174	-1	5182	0	40	6022	-2.70551508844953		
1311093113	20260628013000	20260628101500	1	yahoo.com	https://www.yahoo.com/news/world/articles/meet-3-members-albanias-flamingo-082546305.html	17	5174	-1	5182	1	60	6022	-2.70551508844953		
1311123814	20260628094500	20260628101500	1	theage.com.au	https://www.theage.com.au/national/from-big-house-to-big-build-cfmeu-chief-s-courtroom-plea-for-violent-contractor-exposed-20260628-p60anp.html	12	4106	4083	4162	0	30	10544	-2.00235571260306		
1311123815	20260628094500	20260628101500	1	theage.com.au	https://www.theage.com.au/national/from-big-house-to-big-build-cfmeu-chief-s-courtroom-plea-for-violent-contractor-exposed-20260628-p60anp.html	20	6384	6396	6406	0	40	10544	-2.00235571260306		
1311123816	20260628094500	20260628101500	1	theage.com.au	https://www.theage.com.au/national/from-big-house-to-big-build-cfmeu-chief-s-courtroom-plea-for-violent-contractor-exposed-20260628-p60anp.html	16	5578	5715	5702	0	20	10544	-2.00235571260306		
1311123817	20260628094500	20260628101500	1	theage.com.au	https://www.theage.com.au/national/from-big-house-to-big-build-cfmeu-chief-s-courtroom-plea-for-violent-contractor-exposed-20260628-p60anp.html	16	5562	5699	5686	0	20	10544	-2.00235571260306		
1311123818	20260628094500	20260628101500	1	theage.com.au	https://www.theage.com.au/national/from-big-house-to-big-build-cfmeu-chief-s-courtroom-plea-for-violent-contractor-exposed-20260628-p60anp.html	27	9360	9484	9451	0	40	10544	-2.00235571260306		
1311122444	20260628093000	20260628101500	1	theage.com.au	https://www.theage.com.au/national/don-t-pay-gatto-don-t-get-access-leaks-expose-companies-with-gangland-figure-on-payroll-20260628-p60anl.html	35	11230	11256	11283	0	20	14670	-1.92884697813973		
1311123822	20260628094500	20260628101500	1	theage.com.au	https://www.theage.com.au/national/from-big-house-to-big-build-cfmeu-chief-s-courtroom-plea-for-violent-contractor-exposed-20260628-p60anp.html	8	2730	-1	2740	0	40	10544	-2.00235571260306		
1311099766	20260628034500	20260628101500	1	outinperth.com	https://www.outinperth.com/watchdog-compels-nsw-police-to-review-sydney-gay-club-drug-raids/	10	2246	-1	2260	0	40	2388	-6.57534246575342		
1311123824	20260628094500	20260628101500	1	theage.com.au	https://www.theage.com.au/national/from-big-house-to-big-build-cfmeu-chief-s-courtroom-plea-for-violent-contractor-exposed-20260628-p60anp.html	26	8612	-1	8706	0	40	10544	-2.00235571260306		
1311126172	20260628101500	20260628101500	1	outinperth.com	https://www.outinperth.com/watchdog-compels-nsw-police-to-review-sydney-gay-club-drug-raids/	1	58	210	152	1	60	2388	-6.57534246575342		
1311126173	20260628101500	20260628101500	1	outinperth.com	https://www.outinperth.com/watchdog-compels-nsw-police-to-review-sydney-gay-club-drug-raids/	1	58	210	152	0	40	2388	-6.57534246575342		
1311123829	20260628094500	20260628101500	1	theage.com.au	https://www.theage.com.au/national/from-big-house-to-big-build-cfmeu-chief-s-courtroom-plea-for-violent-contractor-exposed-20260628-p60anp.html	16	5591	5669	5656	1	60	10544	-2.00235571260306		
1311126174	20260628101500	20260628101500	1	outinperth.com	https://www.outinperth.com/watchdog-compels-nsw-police-to-review-sydney-gay-club-drug-raids/	1	58	210	227	1	100	2388	-6.57534246575342		
1311123834	20260628094500	20260628101500	1	theage.com.au	https://www.theage.com.au/national/from-big-house-to-big-build-cfmeu-chief-s-courtroom-plea-for-violent-contractor-exposed-20260628-p60anp.html	17	5844	5967	5911	0	10	10544	-2.00235571260306		
1311123835	20260628094500	20260628101500	1	theage.com.au	https://www.theage.com.au/national/from-big-house-to-big-build-cfmeu-chief-s-courtroom-plea-for-violent-contractor-exposed-20260628-p60anp.html	17	5844	5936	5892	1	30	10544	-2.00235571260306		
1311123836	20260628094500	20260628101500	1	theage.com.au	https://www.theage.com.au/national/from-big-house-to-big-build-cfmeu-chief-s-courtroom-plea-for-violent-contractor-exposed-20260628-p60anp.html	17	5844	5954	5911	0	10	10544	-2.00235571260306		
1311087899	20260628001500	20260628101500	1	katherinetimes.com.au	https://www.katherinetimes.com.au/story/9300371/big-tech-wants-this-to-fail-beef-up-for-social-ban/	25	4660	4677	4687	1	100	5258	-5.38922155688623		
1311087899	20260628001500	20260628101500	1	queanbeyanage.com.au	https://www.queanbeyanage.com.au/story/9300371/big-tech-wants-this-to-fail-beef-up-for-social-ban/	25	4660	4677	4687	1	100	5238	-5.40216086434574		
1311087899	20260628001500	20260628101500	1	irrigator.com.au	https://www.irrigator.com.au/story/9300371/big-tech-wants-this-to-fail-beef-up-for-social-ban/	25	4660	4677	4687	1	100	5227	-5.42168674698796		
1311087899	20260628001500	20260628101500	1	southernhighlandnews.com.au	https://www.southernhighlandnews.com.au/story/9300371/big-tech-wants-this-to-fail-beef-up-for-social-ban/	25	4660	4677	4687	1	100	5235	-5.40216086434574		
1311103945	20260628050000	20260628101500	1	gdnonline.com	https://www.gdnonline.com:443/Details/1398962/Australia-toughens-children%E2%80%99s-social-media-ban-	4	653	787	677	1	100	3139	-1.93798449612403		
1311126175	20260628101500	20260628101500	1	indianweekender.co.nz	https://www.indianweekender.co.nz/news/auckland-diversion-leaves-qantas-passengers-stuck-on-plane-for-over-8-hours	3	270	330	265	1	70	344	-7.46268656716418		
1311122447	20260628093000	20260628101500	1	jpost.com	http://www.jpost.com/international/article-900693	1	55	0	29	1	80	1870	-8.23170731707317		
1311122448	20260628093000	20260628101500	1	jpost.com	http://www.jpost.com/international/article-900693	1	77	15	45	0	20	1870	-8.23170731707317		
1311126176	20260628101500	20260628101500	1	el-balad.com	https://www.el-balad.com/17026834	6	1013	-1	1039	1	100	2670	-0.84745762711864		
1311115634	20260628074500	20260628101500	1	azernews.az	https://www.azernews.az/nation/260334.html	3	677	-1	652	1	100	3644	2.14007782101167		
1311124974	20260628100000	20260628101500	1	azernews.az	https://www.azernews.az/nation/260337.html	2	140	-1	131	1	50	2049	1.66666666666666		
1311124975	20260628100000	20260628101500	1	azernews.az	https://www.azernews.az/nation/260335.html	15	4742	-1	4890	0	10	5652	2.18446601941747		
1311124976	20260628100000	20260628101500	1	azernews.az	https://www.azernews.az/nation/260337.html	2	140	219	131	0	10	2049	1.66666666666666		
1311124977	20260628100000	20260628101500	1	azernews.az	https://www.azernews.az/nation/260330.html	2	178	206	117	1	100	2397	3.93258426966292		
1311124978	20260628100000	20260628101500	1	azernews.az	https://www.azernews.az/nation/260330.html	5	2321	2391	2340	1	30	2397	3.93258426966292		
1311124979	20260628100000	20260628101500	1	azernews.az	https://www.azernews.az/nation/260335.html	1	179	162	150	1	100	5652	2.18446601941747		
1311126177	20260628101500	20260628101500	1	azernews.az	https://www.azernews.az/nation/260330.html	1	0	41	11	0	20	2397	3.93258426966292		
1311124981	20260628100000	20260628101500	1	azernews.az	https://www.azernews.az/nation/260330.html	1	0	41	11	1	80	2397	3.93258426966292		
1311124982	20260628100000	20260628101500	1	azernews.az	https://www.azernews.az/nation/260334.html	6	1418	1448	1495	1	50	3644	2.14007782101167		
1311124983	20260628100000	20260628101500	1	azernews.az	https://www.azernews.az/nation/260337.html	2	140	208	131	1	40	2049	1.66666666666666		
1311124985	20260628100000	20260628101500	1	azernews.az	https://www.azernews.az/business/260340.html	1	28	53	39	0	40	872	-0.704225352112676		
1311124986	20260628100000	20260628101500	1	azernews.az	https://www.azernews.az/business/260340.html	1	28	53	39	1	60	872	-0.704225352112676		
1311124987	20260628100000	20260628101500	1	azernews.az	https://www.azernews.az/nation/260335.html	15	4809	4837	4890	0	20	5652	2.18446601941747		
1311124988	20260628100000	20260628101500	1	azernews.az	https://www.azernews.az/nation/260337.html	2	219	140	131	0	10	2049	1.66666666666666		
1311108491	20260628060000	20260628101500	1	times-series.co.uk	https://www.times-series.co.uk/news/national/26229533.cargo-ship-hit-un-approved-route-strait-hormuz/	16	4612	-1	4589	1	30	6101	-3.61681329423265		
1311108491	20260628060000	20260628101500	1	gazetteseries.co.uk	https://www.gazetteseries.co.uk/news/national/26229533.cargo-ship-hit-un-approved-route-strait-hormuz/	16	4612	-1	4589	1	30	6101	-3.61681329423265		
1311118975	20260628084500	20260628101500	1	gazetteseries.co.uk	https://www.gazetteseries.co.uk/news/national/26234458.iran-launches-missile-attacks-bahrain-kuwait-us-air-strikes/	4	840	-1	876	1	100	4182	-4.09604519774012		
1311118975	20260628084500	20260628101500	1	times-series.co.uk	https://www.times-series.co.uk/news/national/26234458.iran-launches-missile-attacks-bahrain-kuwait-us-air-strikes/	4	840	-1	876	1	100	4182	-4.09604519774012		
1311118975	20260628084500	20260628101500	1	theargus.co.uk	https://www.theargus.co.uk/news/national/26234458.iran-launches-missile-attacks-bahrain-kuwait-us-air-strikes/	4	840	-1	876	1	100	4182	-4.09604519774012		
1311118975	20260628084500	20260628101500	1	gazetteherald.co.uk	https://www.gazetteherald.co.uk/news/national/26234458.iran-launches-missile-attacks-bahrain-kuwait-us-air-strikes/	4	840	-1	876	1	100	4182	-4.09604519774012		
1311118975	20260628084500	20260628101500	1	chesterstandard.co.uk	https://www.chesterstandard.co.uk/news/national/26234458.iran-launches-missile-attacks-bahrain-kuwait-us-air-strikes/	4	840	-1	876	1	100	4182	-4.09604519774012		
1311091141	20260628010000	20260628101500	1	gdnonline.com	https://www.gdnonline.com:443/Details/1398959/DAMN-THOSE-DRONES-US-forces-carry-out-fresh-strikes-after-a-Panama-flagged-tanker-was-attacked-by-an-Iranian-drone	17	2776	2789	2801	1	80	3551	-4.69798657718121		
1311111638	20260628071500	20260628101500	1	gdnonline.com	https://www.gdnonline.com:443/Details/1398959/DAMN-THOSE-DRONES-US-forces-carry-out-fresh-strikes-after-a-Panama-flagged-tanker-was-attacked-by-an-Iranian-drone	17	2776	2789	2801	0	20	3551	-4.69798657718121		
1311094604	20260628020000	20260628101500	1	gdnonline.com	https://www.gdnonline.com:443/Details/1398959/DAMN-THOSE-DRONES-US-forces-carry-out-fresh-strikes-after-a-Panama-flagged-tanker-was-attacked-by-an-Iranian-drone	17	2776	2789	2784	1	80	3551	-4.69798657718121		
1311086804	20260628000000	20260628101500	1	gdnonline.com	https://www.gdnonline.com:443/Details/1398959/DAMN-THOSE-DRONES-US-forces-carry-out-fresh-strikes-after-a-Panama-flagged-tanker-was-attacked-by-an-Iranian-drone	17	2776	2789	2784	0	20	3551	-4.69798657718121		
1311118979	20260628084500	20260628101500	1	gazetteseries.co.uk	https://www.gazetteseries.co.uk/news/national/26229533.cargo-ship-hit-un-approved-route-strait-hormuz/	16	4612	4630	4589	1	30	6101	-3.61681329423265		
1311118979	20260628084500	20260628101500	1	times-series.co.uk	https://www.times-series.co.uk/news/national/26229533.cargo-ship-hit-un-approved-route-strait-hormuz/	16	4612	4630	4589	1	30	6101	-3.61681329423265		
1311118980	20260628084500	20260628101500	1	gazetteherald.co.uk	https://www.gazetteherald.co.uk/news/national/26234458.iran-launches-missile-attacks-bahrain-kuwait-us-air-strikes/	7	1504	1523	1583	1	50	4182	-4.09604519774012		
1311118980	20260628084500	20260628101500	1	theargus.co.uk	https://www.theargus.co.uk/news/national/26234458.iran-launches-missile-attacks-bahrain-kuwait-us-air-strikes/	7	1504	1523	1583	1	50	4182	-4.09604519774012		
1311118980	20260628084500	20260628101500	1	times-series.co.uk	https://www.times-series.co.uk/news/national/26234458.iran-launches-missile-attacks-bahrain-kuwait-us-air-strikes/	7	1504	1523	1583	1	50	4182	-4.09604519774012		
1311118980	20260628084500	20260628101500	1	chesterstandard.co.uk	https://www.chesterstandard.co.uk/news/national/26234458.iran-launches-missile-attacks-bahrain-kuwait-us-air-strikes/	7	1504	1523	1583	1	50	4182	-4.09604519774012		
1311118980	20260628084500	20260628101500	1	gazetteseries.co.uk	https://www.gazetteseries.co.uk/news/national/26234458.iran-launches-missile-attacks-bahrain-kuwait-us-air-strikes/	7	1504	1523	1583	1	50	4182	-4.09604519774012		
1311125002	20260628100000	20260628101500	1	tvguide.co.uk	https://www.tvguide.co.uk/schedule/82461c6e-ce06-5ad4-abdc-1a532e7567d2/thunderball	1	114	173	99	1	60	663	-5.05050505050505		
1311089106	20260628003000	20260628101500	1	soundonsound.com	https://www.soundonsound.com/news/softube-unveil-lower-cost-console-1-compact	4	950	-1	958	1	100	2530	3.2994923857868		
1311095308	20260628021500	20260628101500	1	themarketsdaily.com	https://www.themarketsdaily.com/2026/06/28/op-asset-management-ltd-acquires-shares-of-20083-american-water-works-company-inc-awk.html	5	2944	-1	2967	1	100	6015	2.07877461706784		
1311126178	20260628101500	20260628101500	1	thelocal.it	https://www.thelocal.it/20260628/on-the-agenda-whats-happening-in-italy-this-week-179	6	1942	-1	1898	1	70	6008	-0.79443892750745		
1311126179	20260628101500	20260628101500	1	thelocal.it	https://www.thelocal.it/20260628/on-the-agenda-whats-happening-in-italy-this-week-179	6	1942	-1	1898	1	30	6008	-0.79443892750745		
1311126180	20260628101500	20260628101500	1	indiatimes.com	https://timesofindia.indiatimes.com/city/lucknow/agri-junction-scheme-linking-education-and-farming-in-uttar-pradesh/articleshow/132048048.cms	4	3049	-1	3075	1	50	4178	5.21885521885522		
1311126181	20260628101500	20260628101500	1	freebeacon.com	https://freebeacon.com/culture/americas-vision-statement/	9	4748	-1	4643	1	100	8405	-1.171875		
1311101333	20260628041500	20260628101500	1	universityworldnews.com	https://www.universityworldnews.com/post.php?story=20260610103334438	1	464	-1	416	1	30	6846	-1.82741116751269		
1311100367	20260628033000	20260628101500	1	bristolpost.co.uk	https://www.bristolpost.co.uk/news/real-life/steven-bartlett-urges-people-stop-11027777	3	429	-1	499	1	80	2600	2.68595041322314		
1311126182	20260628101500	20260628101500	1	gazetteseries.co.uk	https://www.gazetteseries.co.uk/news/26221855.dursley-inner-wheel-welcomes-new-president-jane-ball/	10	1991	-1	2000	1	100	1998	4.7752808988764		
1311112749	20260628073000	20260628101500	1	themarketsdaily.com	https://www.themarketsdaily.com/2026/06/28/op-asset-management-ltd-acquires-shares-of-20083-american-water-works-company-inc-awk.html	1	445	-1	465	1	50	6015	2.07877461706784		
1311095312	20260628021500	20260628101500	1	insidermonkey.com	https://www.insidermonkey.com/blog/figma-inc-fig-is-one-of-the-ai-names-under-30-carrying-high-short-interest-1790279/	3	1235	-1	1278	1	100	1969	-1.25		
1311126183	20260628101500	20260628101500	1	thelocal.it	https://www.thelocal.it/20260628/on-the-agenda-whats-happening-in-italy-this-week-179	6	1942	-1	1926	1	100	6008	-0.79443892750745		
1311126184	20260628101500	20260628101500	1	jpost.com	http://www.jpost.com/business-and-innovation/all-news/article-900682	10	3815	-1	3871	0	40	9625	-0.24752475247524		
1311126185	20260628101500	20260628101500	1	jpost.com	http://www.jpost.com/business-and-innovation/all-news/article-900682	10	3815	-1	3871	1	60	9625	-0.24752475247524		
1311126186	20260628101500	20260628101500	1	thelocal.it	https://www.thelocal.it/20260628/on-the-agenda-whats-happening-in-italy-this-week-179	10	4927	-1	4973	0	20	6008	-0.79443892750745		
1311126187	20260628101500	20260628101500	1	thelocal.it	https://www.thelocal.it/20260628/on-the-agenda-whats-happening-in-italy-this-week-179	10	4927	-1	4973	1	80	6008	-0.79443892750745		
1311126188	20260628101500	20260628101500	1	jpost.com	http://www.jpost.com/business-and-innovation/tech-and-start-ups/article-900679	5	2271	2407	2281	1	100	5537	2.82685512367492		
1311126189	20260628101500	20260628101500	1	jpost.com	http://www.jpost.com/defense-and-tech/article-900681	4	706	764	736	1	60	4651	0.13550135501355		
1311126190	20260628101500	20260628101500	1	jpost.com	http://www.jpost.com/defense-and-tech/article-900681	4	696	754	726	0	20	4651	0.13550135501355		
1311118998	20260628084500	20260628101500	1	gazetteseries.co.uk	https://www.gazetteseries.co.uk/news/national/26229533.cargo-ship-hit-un-approved-route-strait-hormuz/	15	4308	4375	4273	1	50	6101	-3.61681329423265		
1311120406	20260628090000	20260628101500	1	times-series.co.uk	https://www.times-series.co.uk/news/national/26229533.cargo-ship-hit-un-approved-route-strait-hormuz/	15	4308	4375	4273	1	50	6101	-3.61681329423265		
1311126191	20260628101500	20260628101500	1	khaama.com	https://www.khaama.com/iran-targets-us-bases-in-kuwait-bahrain/	2	427	461	412	1	100	2569	-6.06860158311346		
1311087921	20260628001500	20260628101500	1	cbc.ca	https://www.cbc.ca/news/canada/nova-scotia/hiker-rescue-nova-scotia-9.7249768	3	393	-1	429	1	100	2233	0.26315789473684		
1311126192	20260628101500	20260628101500	1	cbc.ca	https://www.cbc.ca/news/canada/nova-scotia/disability-support-program-nova-scotia-fetal-alcohol-spectrum-disorder-9.7250037	10	2847	-1	2899	1	50	4083	0.725689404934689		
1311125017	20260628100000	20260628101500	1	northumberlandnews.com	https://www.northumberlandnews.com/news/walmart-canada-day-2026-ontario-store-hours/article_02abee00-44fb-51e3-92e0-bb65c8a71e9c.html	1	489	-1	496	1	100	4238	0.891530460624071		
1311089121	20260628003000	20260628101500	1	102thebear.com	https://www.102thebear.com/2026/06/28/bryan-adams-is-celebrating-canada-day-with-new-music/	1	0	-1	10	0	40	900	3.04878048780487		
1311089121	20260628003000	20260628101500	1	wmac-am.com	https://www.wmac-am.com/2026/06/28/bryan-adams-is-celebrating-canada-day-with-new-music/	1	0	-1	10	0	40	900	3.04878048780487		
1311089121	20260628003000	20260628101500	1	wild1029.com	https://www.wild1029.com/2026/06/28/bryan-adams-is-celebrating-canada-day-with-new-music/	1	0	-1	10	0	40	900	3.04878048780487		
1311122495	20260628093000	20260628101500	1	wmac-am.com	https://www.wmac-am.com/2026/06/28/bryan-adams-is-celebrating-canada-day-with-new-music/	2	59	-1	130	1	70	900	3.04878048780487		
1311122495	20260628093000	20260628101500	1	102thebear.com	https://www.102thebear.com/2026/06/28/bryan-adams-is-celebrating-canada-day-with-new-music/	2	59	-1	130	1	70	900	3.04878048780487		
1311122495	20260628093000	20260628101500	1	wild1029.com	https://www.wild1029.com/2026/06/28/bryan-adams-is-celebrating-canada-day-with-new-music/	2	59	-1	130	1	70	900	3.04878048780487		
1311126193	20260628101500	20260628101500	1	cbc.ca	https://www.cbc.ca/news/canada/nova-scotia/hiker-rescue-nova-scotia-9.7249768	2	103	156	137	1	30	2233	0.26315789473684		
1311126194	20260628101500	20260628101500	1	universityworldnews.com	https://www.universityworldnews.com/post.php?story=20260626094643667	9	4611	4652	4647	0	30	5213	5.17241379310345		
1311126195	20260628101500	20260628101500	1	universityworldnews.com	https://www.universityworldnews.com/post.php?story=20260626094643667	9	4627	4668	4663	0	10	5213	5.17241379310345		
1311126196	20260628101500	20260628101500	1	courant.com	https://www.courant.com/2026/06/28/a-single-act-of-mercy-to-the-enemy-made-a-british-soldier-a-hero-in-a-ct-town-his-legacy-lives/	12	5762	5743	5732	1	60	8379	-0.99220411055989		
1311126197	20260628101500	20260628101500	1	swissinfo.ch	https://www.swissinfo.ch/eng/climate-adaptation/swiss-heatwave-breaks-records-as-river-aare-warms/91663147	7	3617	-1	3623	1	100	5075	0.13368983957219		
1311126198	20260628101500	20260628101500	1	swissinfo.ch	https://www.swissinfo.ch/eng/climate-adaptation/swiss-heatwave-breaks-records-as-river-aare-warms/91663147	6	3335	-1	3341	1	30	5075	0.13368983957219		
1311126199	20260628101500	20260628101500	1	swissinfo.ch	https://www.swissinfo.ch/eng/foreign-affairs/irelands-eu-presidency-to-shape-key-areas-for-switzerland/91663226	12	3322	-1	3348	1	50	5896	1.13250283125708		
1311126200	20260628101500	20260628101500	1	swissinfo.ch	https://www.swissinfo.ch/eng/climate-adaptation/swiss-heatwave-breaks-records-as-river-aare-warms/91663147	5	3120	-1	3138	1	70	5075	0.13368983957219		
1311126201	20260628101500	20260628101500	1	swissinfo.ch	https://www.swissinfo.ch/eng/foreign-affairs/irelands-eu-presidency-to-shape-key-areas-for-switzerland/91663226	25	5315	5389	5361	0	10	5896	1.13250283125708		
1311126202	20260628101500	20260628101500	1	swissinfo.ch	https://www.swissinfo.ch/eng/foreign-affairs/irelands-eu-presidency-to-shape-key-areas-for-switzerland/91663226	25	5315	5366	5339	1	60	5896	1.13250283125708		
1311126203	20260628101500	20260628101500	1	swissinfo.ch	https://www.swissinfo.ch/eng/foreign-affairs/irelands-eu-presidency-to-shape-key-areas-for-switzerland/91663226	25	5315	5389	5361	0	10	5896	1.13250283125708		
1311126204	20260628101500	20260628101500	1	swissinfo.ch	https://www.swissinfo.ch/eng/foreign-affairs/irelands-eu-presidency-to-shape-key-areas-for-switzerland/91663226	23	4921	4976	4932	1	80	5896	1.13250283125708		
1311126205	20260628101500	20260628101500	1	swissinfo.ch	https://www.swissinfo.ch/eng/foreign-affairs/irelands-eu-presidency-to-shape-key-areas-for-switzerland/91663226	23	4921	4976	4940	1	80	5896	1.13250283125708		
1311126206	20260628101500	20260628101500	1	swissinfo.ch	https://www.swissinfo.ch/eng/foreign-affairs/irelands-eu-presidency-to-shape-key-areas-for-switzerland/91663226	3	1291	1339	1307	1	50	5896	1.13250283125708		
1311126207	20260628101500	20260628101500	1	swissinfo.ch	https://www.swissinfo.ch/eng/swiss-politics/switzerland-has-made-an-advance-payment-of-500-million-for-the-f-35s/91663010	7	2129	2166	2141	0	20	3211	0.20449897750511		
1311126208	20260628101500	20260628101500	1	swissinfo.ch	https://www.swissinfo.ch/eng/swiss-politics/switzerland-has-made-an-advance-payment-of-500-million-for-the-f-35s/91663010	7	2129	2268	2285	0	20	3211	0.20449897750511		
1311126209	20260628101500	20260628101500	1	universityworldnews.com	https://www.universityworldnews.com/post.php?story=20260627081834145	25	9505	-1	9511	0	20	18280	2.11189329381252		
1311126210	20260628101500	20260628101500	1	universityworldnews.com	https://www.universityworldnews.com/post.php?story=20260623133705472	25	6037	-1	6089	1	100	6943	4.08163265306122		
1311126211	20260628101500	20260628101500	1	universityworldnews.com	https://www.universityworldnews.com/post.php?story=20260623133705472	25	6037	-1	6048	1	100	6943	4.08163265306122		
1311126212	20260628101500	20260628101500	1	universityworldnews.com	https://www.universityworldnews.com/post.php?story=20260623133705472	9	2272	-1	2319	1	100	6943	4.08163265306122		
1311126213	20260628101500	20260628101500	1	universityworldnews.com	https://www.universityworldnews.com/post.php?story=20260627081834145	18	6745	6785	6751	0	20	18280	2.11189329381252		
1311126214	20260628101500	20260628101500	1	spokesman.com	https://www.spokesman.com/stories/2026/jun/28/answers-to-the-big-fourth-of-july-trivia-quiz/	1	55	-1	141	1	80	5283	-0.80924855491329		
1311126215	20260628101500	20260628101500	1	swissinfo.ch	https://www.swissinfo.ch/eng/climate-adaptation/swiss-heatwave-breaks-records-as-river-aare-warms/91663147	2	1603	1610	1625	1	70	5075	0.13368983957219		
1311126216	20260628101500	20260628101500	1	universityworldnews.com	https://www.universityworldnews.com/post.php?story=20260627141405469	3	150	214	234	1	50	1219	-5.11363636363637		
1311126217	20260628101500	20260628101500	1	universityworldnews.com	https://www.universityworldnews.com/post.php?story=20260627141405469	3	150	214	182	1	50	1219	-5.11363636363637		
1311120977	20260628084500	20260628101500	1	inverness-courier.co.uk	https://www.inverness-courier.co.uk/news/aiming-to-live-out-the-love-of-god-every-day-438424/	9	2353	-1	2389	1	100	2655	0		
1311126218	20260628101500	20260628101500	1	courant.com	https://www.courant.com/2026/06/28/opinion-free-speech-and-me-in-connecticut-still-fresh-after-250-years/	7	1562	-1	1711	1	100	3898	-0.15105740181269		
1311086841	20260628000000	20260628101500	1	birminghammail.co.uk	https://www.birminghammail.co.uk/news/midlands-news/cruel-teen-leaves-pensioner-stranded-34199884	5	1056	-1	1087	1	100	2286	-4.69135802469136		
1311086841	20260628000000	20260628101500	1	theargus.co.uk	https://www.theargus.co.uk/news/26234583.pictures-aftermath-distressing-knife-incident-brighton/	3	490	-1	502	1	50	504	-8.23529411764706		
1311126219	20260628101500	20260628101500	1	livenews.co.nz	https://livenews.co.nz/2026/06/28/information-sought-following-alleged-assault-dannevirke/	2	117	-1	136	1	40	1390	-0.46296296296296		
1311126220	20260628101500	20260628101500	1	livenews.co.nz	https://livenews.co.nz/2026/06/28/information-sought-following-alleged-assault-dannevirke/	2	117	-1	128	1	40	1390	-0.46296296296296		
1311126221	20260628101500	20260628101500	1	livenews.co.nz	https://livenews.co.nz/2026/06/28/information-sought-following-alleged-assault-dannevirke/	2	117	-1	156	1	40	1390	-0.46296296296296		
1311113898	20260628074500	20260628101500	1	webindia123.com	https://news.webindia123.com/news/Articles/India/20260628/4468332.html	11	2160	-1	2188	1	100	3248	-7.6923076923077		
1311123901	20260628094500	20260628101500	1	theage.com.au	https://www.theage.com.au/national/from-big-house-to-big-build-cfmeu-chief-s-courtroom-plea-for-violent-contractor-exposed-20260628-p60anp.html	20	6401	-1	6411	1	60	10544	-2.00235571260306		
1311122533	20260628093000	20260628101500	1	jpost.com	http://www.jpost.com/international/article-900693	6	961	-1	974	0	40	1870	-8.23170731707317		
1311122534	20260628093000	20260628101500	1	jpost.com	http://www.jpost.com/international/article-900693	6	961	-1	974	1	60	1870	-8.23170731707317		
1311091747	20260628004500	20260628101500	1	webindia123.com	https://news.webindia123.com/news/Articles/India/20260628/4468382.html	10	1760	-1	1788	1	50	2324	-6.53950953678473		
1311090736	20260628003000	20260628101500	1	orissapost.com	https://www.orissapost.com/baleshwar-teen-attacked-after-refusing-to-serve-mutton-at-wedding-feast/	6	885	-1	910	1	50	991	-13.75		
1311123903	20260628094500	20260628101500	1	thehindu.com	https://www.thehindu.com/news/national/west-bengal/mamata-loyalist-file-police-complaint-against-misuse-of-partys-name-and-symbol-against-rebels/article71157365.ece	1	21	-1	16	1	60	2229	-3.28767123287671		
1311126222	20260628101500	20260628101500	1	thehindu.com	https://www.thehindu.com/news/national/west-bengal/mamata-loyalist-file-police-complaint-against-misuse-of-partys-name-and-symbol-against-rebels/article71157365.ece	1	21	-1	16	0	40	2229	-3.28767123287671		
1311116372	20260628081500	20260628101500	1	webindia123.com	https://news.webindia123.com/news/Articles/India/20260628/4468332.html	11	2160	-1	2200	0	20	3248	-7.6923076923077		
1311116373	20260628081500	20260628101500	1	webindia123.com	https://news.webindia123.com/news/Articles/India/20260628/4468332.html	11	2160	-1	2200	0	20	3248	-7.6923076923077		
1311116374	20260628081500	20260628101500	1	webindia123.com	https://news.webindia123.com/news/Articles/India/20260628/4468332.html	11	2160	-1	2200	1	60	3248	-7.6923076923077		
1311126223	20260628101500	20260628101500	1	outinperth.com	https://www.outinperth.com/watchdog-compels-nsw-police-to-review-sydney-gay-club-drug-raids/	8	1979	-1	1986	1	30	2388	-6.57534246575342		
1311126224	20260628101500	20260628101500	1	outinperth.com	https://www.outinperth.com/watchdog-compels-nsw-police-to-review-sydney-gay-club-drug-raids/	8	1979	2011	1986	0	20	2388	-6.57534246575342		
1311114994	20260628080000	20260628101500	1	jpost.com	http://www.jpost.com/israel-news/crime-in-israel/article-900666	16	4037	4093	4044	1	50	4190	-5.22598870056497		
1311126225	20260628101500	20260628101500	1	jpost.com	http://www.jpost.com/israel-news/crime-in-israel/article-900696	1	315	339	322	1	100	1010	-10.0591715976331		
1311126226	20260628101500	20260628101500	1	courant.com	https://www.courant.com/2026/06/28/man-has-been-charged-in-i-95-crash-with-off-duty-officer-he-was-allegedly-parked-in-travel-lane/	4	1214	1258	1221	1	60	5753	-5.31914893617021		
1311126227	20260628101500	20260628101500	1	courant.com	https://www.courant.com/2026/06/28/man-has-been-charged-in-i-95-crash-with-off-duty-officer-he-was-allegedly-parked-in-travel-lane/	4	1214	1258	1221	0	20	5753	-5.31914893617021		
1311126228	20260628101500	20260628101500	1	courant.com	https://www.courant.com/2026/06/28/man-has-been-charged-in-i-95-crash-with-off-duty-officer-he-was-allegedly-parked-in-travel-lane/	4	1214	1258	1221	0	20	5753	-5.31914893617021		
1311126229	20260628101500	20260628101500	1	courant.com	https://www.courant.com/2026/06/28/man-has-been-charged-in-i-95-crash-with-off-duty-officer-he-was-allegedly-parked-in-travel-lane/	11	2618	2715	2640	0	10	5753	-5.31914893617021		
1311126230	20260628101500	20260628101500	1	thehindu.com	https://www.thehindu.com/news/cities/Hyderabad/woman-booked-for-attacking-hospital-staff-and-creating-nuisance-at-lb-nagar-private-hospital/article71157311.ece	3	425	459	467	1	100	1112	-6.03015075376884		
1311123912	20260628094500	20260628101500	1	theage.com.au	https://www.theage.com.au/national/from-big-house-to-big-build-cfmeu-chief-s-courtroom-plea-for-violent-contractor-exposed-20260628-p60anp.html	20	6401	6526	6486	1	60	10544	-2.00235571260306		
1311123913	20260628094500	20260628101500	1	theage.com.au	https://www.theage.com.au/national/from-big-house-to-big-build-cfmeu-chief-s-courtroom-plea-for-violent-contractor-exposed-20260628-p60anp.html	20	6396	6521	6481	0	40	10544	-2.00235571260306		
1311123914	20260628094500	20260628101500	1	theage.com.au	https://www.theage.com.au/national/from-big-house-to-big-build-cfmeu-chief-s-courtroom-plea-for-violent-contractor-exposed-20260628-p60anp.html	20	6401	6526	6510	1	100	10544	-2.00235571260306		
1311126231	20260628101500	20260628101500	1	courant.com	https://www.courant.com/2026/06/28/man-has-been-charged-in-i-95-crash-with-off-duty-officer-he-was-allegedly-parked-in-travel-lane/	11	2618	2732	2640	0	20	5753	-5.31914893617021		
1311126232	20260628101500	20260628101500	1	courant.com	https://www.courant.com/2026/06/28/man-has-been-charged-in-i-95-crash-with-off-duty-officer-he-was-allegedly-parked-in-travel-lane/	11	2618	2715	2640	1	30	5753	-5.31914893617021		
1311126233	20260628101500	20260628101500	1	livenews.co.nz	https://livenews.co.nz/2026/06/28/information-sought-following-alleged-assault-dannevirke/	2	117	199	136	0	60	1390	-0.46296296296296		
1311126234	20260628101500	20260628101500	1	livenews.co.nz	https://livenews.co.nz/2026/06/28/information-sought-following-alleged-assault-dannevirke/	2	117	199	128	0	60	1390	-0.46296296296296		
1311126235	20260628101500	20260628101500	1	livenews.co.nz	https://livenews.co.nz/2026/06/28/beacon-of-hope-plb-credited-in-taranaki-maunga-rescue/	11	1545	1591	1552	1	100	2432	4.41558441558441		
1311126236	20260628101500	20260628101500	1	livenews.co.nz	https://livenews.co.nz/2026/06/28/beacon-of-hope-plb-credited-in-taranaki-maunga-rescue/	11	1545	1591	1572	1	30	2432	4.41558441558441		
1311126237	20260628101500	20260628101500	1	livenews.co.nz	https://livenews.co.nz/2026/06/28/beacon-of-hope-plb-credited-in-taranaki-maunga-rescue/	2	107	225	193	1	100	2432	4.41558441558441		
1311126238	20260628101500	20260628101500	1	livenews.co.nz	https://livenews.co.nz/2026/06/28/information-sought-following-alleged-assault-dannevirke/	2	117	199	156	0	60	1390	-0.46296296296296		
1311112865	20260628073000	20260628101500	1	jpost.com	http://www.jpost.com/international/article-900693	6	961	1012	1003	0	40	1870	-8.23170731707317		
1311126239	20260628101500	20260628101500	1	103gbfrocks.com	https://103gbfrocks.com/ixp/463/p/illinois-police-cold-case/	5	991	961	943	0	10	1840	-3.24675324675325		
1311126240	20260628101500	20260628101500	1	103gbfrocks.com	https://103gbfrocks.com/ixp/463/p/illinois-police-cold-case/	5	951	936	922	1	90	1840	-3.24675324675325		
1311122537	20260628093000	20260628101500	1	theage.com.au	https://www.theage.com.au/national/don-t-pay-gatto-don-t-get-access-leaks-expose-companies-with-gangland-figure-on-payroll-20260628-p60anl.html	4	1145	-1	1234	1	60	14670	-1.92884697813973		
1311122538	20260628093000	20260628101500	1	theage.com.au	https://www.theage.com.au/national/don-t-pay-gatto-don-t-get-access-leaks-expose-companies-with-gangland-figure-on-payroll-20260628-p60anl.html	4	1145	-1	1234	0	40	14670	-1.92884697813973		
1311112383	20260628070000	20260628101500	1	birminghammail.co.uk	https://www.birminghammail.co.uk/news/midlands-news/cruel-teen-leaves-pensioner-stranded-34199884	2	575	-1	585	1	100	2286	-4.69135802469136		
1311125049	20260628100000	20260628101500	1	russiaherald.com	http://www.russiaherald.com/news/279153007/trump-seeks-to-end-years-of-acting-leadership-at-ice	6	1083	981	1000	1	100	2945	-8.01781737193764		
1311125050	20260628100000	20260628101500	1	tvguide.co.uk	https://www.tvguide.co.uk/schedule/82461c6e-ce06-5ad4-abdc-1a532e7567d2/thunderball	2	256	310	297	1	100	663	-5.05050505050505		
1311126241	20260628101500	20260628101500	1	courant.com	https://www.courant.com/2026/06/28/a-revered-part-of-cts-past-these-lands-highlight-town-centers-why-this-one-is-called-a-jewel/	13	6854	-1	6868	1	60	7132	0.16625103906899		
1311126242	20260628101500	20260628101500	1	courant.com	https://www.courant.com/2026/06/28/a-revered-part-of-cts-past-these-lands-highlight-town-centers-why-this-one-is-called-a-jewel/	13	6854	-1	6868	0	40	7132	0.16625103906899		
1311126243	20260628101500	20260628101500	1	spokesman.com	https://www.spokesman.com/stories/2026/jun/28/think-about-what-it-took-northwest-tribal-leaders-/	6	2490	-1	2505	1	30	9511	-0.1914486279515		
1311094954	20260628014500	20260628101500	1	spokesman.com	https://www.spokesman.com/stories/2026/jun/28/think-about-what-it-took-northwest-tribal-leaders-/	6	2490	-1	2505	1	30	9511	-0.1914486279515		
1311126244	20260628101500	20260628101500	1	mexicoledger.com	http://www.mexicoledger.com/stories/mexico-to-host-first-annual-jeep-thing,120066	3	576	-1	559	1	30	3073	0		
1311126245	20260628101500	20260628101500	1	courant.com	https://www.courant.com/2026/06/28/a-revered-part-of-cts-past-these-lands-highlight-town-centers-why-this-one-is-called-a-jewel/	13	6854	-1	6887	1	60	7132	0.16625103906899		
1311126246	20260628101500	20260628101500	1	courant.com	https://www.courant.com/2026/06/28/a-revered-part-of-cts-past-these-lands-highlight-town-centers-why-this-one-is-called-a-jewel/	13	6854	-1	6887	0	40	7132	0.16625103906899		
1311095360	20260628021500	20260628101500	1	cbc.ca	https://www.cbc.ca/news/canada/nova-scotia/kentville-man-collects-ticks-for-science-9.7250533	7	3088	-1	3245	1	50	5478	-5.01022494887525		
1311126247	20260628101500	20260628101500	1	cbc.ca	https://www.cbc.ca/news/canada/nova-scotia/hiker-rescue-nova-scotia-9.7249768	1	8	-1	14	1	100	2233	0.26315789473684		
1311126248	20260628101500	20260628101500	1	spokesman.com	https://www.spokesman.com/stories/2026/jun/28/think-about-what-it-took-northwest-tribal-leaders-/	13	5152	5274	5163	1	50	9511	-0.1914486279515		
1311126249	20260628101500	20260628101500	1	spokesman.com	https://www.spokesman.com/stories/2026/jun/28/think-about-what-it-took-northwest-tribal-leaders-/	12	5065	5127	5114	1	80	9511	-0.1914486279515		
1311126250	20260628101500	20260628101500	1	universityworldnews.com	https://www.universityworldnews.com/post.php?story=20260624113411692	3	817	912	844	0	40	12890	-3.64526659412405		
1311126251	20260628101500	20260628101500	1	jpost.com	http://www.jpost.com/aliyah/article-900706	1	112	134	123	1	50	4209	1.44927536231884		
1311126252	20260628101500	20260628101500	1	universityworldnews.com	https://www.universityworldnews.com/post.php?story=20260624113411692	3	817	912	836	0	40	12890	-3.64526659412405		
1311126253	20260628101500	20260628101500	1	mexicoledger.com	http://www.mexicoledger.com/stories/mexico-to-host-first-annual-jeep-thing,120066	3	565	520	548	0	20	3073	0		
1311126254	20260628101500	20260628101500	1	universityworldnews.com	https://www.universityworldnews.com/post.php?story=20260624113411692	3	817	912	844	1	60	12890	-3.64526659412405		
1311126255	20260628101500	20260628101500	1	universityworldnews.com	https://www.universityworldnews.com/post.php?story=20260624113411692	3	817	912	836	1	60	12890	-3.64526659412405		
1311126256	20260628101500	20260628101500	1	joy.org.au	https://joy.org.au/saturdaymagazine/2026/06/sat-27th-june-2026-chad-hughes-ceo-of-thorne-harbour-health-lgbtiqa-update/	1	435	320	479	1	100	484	13.5802469135802		
1311126257	20260628101500	20260628101500	1	kptv.com	https://www.kptv.com/2026/06/28/usa-fencings-summer-nationals-return-portland-free-to-attend-convention-center/	2	146	173	161	1	100	2323	2.33766233766234		
1311126258	20260628101500	20260628101500	1	kptv.com	https://www.kptv.com/2026/06/28/usa-fencings-summer-nationals-return-portland-free-to-attend-convention-center/	1	29	49	39	1	100	2323	2.33766233766234		
1311088023	20260628001500	20260628101500	1	jpost.com	http://www.jpost.com/international/article-900669	8	1550	1714	1609	0	20	3950	-3.91517128874388		
1311088024	20260628001500	20260628101500	1	jpost.com	http://www.jpost.com/international/article-900669	8	1550	1606	1616	1	10	3950	-3.91517128874388		
1311123957	20260628094500	20260628101500	1	thelocal.it	https://www.thelocal.it/20260628/at-least-191-mn-europeans-face-35c-on-sunday	5	1167	-1	1201	0	40	1388	0.46948356807512		
1311123957	20260628094500	20260628101500	1	thelocal.no	https://www.thelocal.no/20260628/at-least-191-mn-europeans-face-35c-on-sunday	5	1167	-1	1201	0	40	1388	0.46948356807512		
1311126259	20260628101500	20260628101500	1	jpost.com	http://www.jpost.com/defense-and-tech/article-900681	15	4172	-1	4031	0	40	4651	0.13550135501355		
1311126260	20260628101500	20260628101500	1	jpost.com	http://www.jpost.com/defense-and-tech/article-900681	4	634	754	726	0	20	4651	0.13550135501355		
1311126261	20260628101500	20260628101500	1	thelocal.it	https://www.thelocal.it/20260628/on-the-agenda-whats-happening-in-italy-this-week-179	11	4993	5088	5101	0	20	6008	-0.79443892750745		
1311126262	20260628101500	20260628101500	1	thelocal.it	https://www.thelocal.it/20260628/on-the-agenda-whats-happening-in-italy-this-week-179	11	4993	5088	5101	0	20	6008	-0.79443892750745		
1311126263	20260628101500	20260628101500	1	indiatimes.com	https://timesofindia.indiatimes.com/city/lucknow/female-cadet-pilot-injured-after-being-struck-by-running-propeller-during-deboarding-in-kanpur-fto/articleshow/132048614.cms	12	3512	-1	3428	0	40	4303	-0.14450867052023		
1311126264	20260628101500	20260628101500	1	universityworldnews.com	https://www.universityworldnews.com/post.php?story=20260627135201559	2	629	-1	640	1	100	1171	-9.03954802259888		
1311126265	20260628101500	20260628101500	1	universityworldnews.com	https://www.universityworldnews.com/post.php?story=20260625115046442	3	2357	-1	2366	1	50	22814	-0.62315513283044		
1311126266	20260628101500	20260628101500	1	universityworldnews.com	https://www.universityworldnews.com/post.php?story=20260625115046442	28	15166	-1	15188	1	50	22814	-0.62315513283044		
1311126267	20260628101500	20260628101500	1	universityworldnews.com	https://www.universityworldnews.com/post.php?story=2026062706405425	11	4333	-1	4357	1	100	7533	0.84530853761623		
1311126268	20260628101500	20260628101500	1	universityworldnews.com	https://www.universityworldnews.com/post.php?story=20260625140223502	2	752	-1	746	1	100	8729	-0.97817908201656		
1311126269	20260628101500	20260628101500	1	universityworldnews.com	https://www.universityworldnews.com/post.php?story=20260624113411692	6	2282	-1	2294	1	100	12890	-3.64526659412405		
1311126270	20260628101500	20260628101500	1	jpost.com	http://www.jpost.com/business-and-innovation/banking-and-finance/article-900687	4	983	-1	933	0	10	5140	-5.09849362688297		
1311126271	20260628101500	20260628101500	1	universityworldnews.com	https://www.universityworldnews.com/post.php?story=20260627155723800	5	868	-1	879	1	100	1361	0		
1311089642	20260628001500	20260628101500	1	gazetteherald.co.uk	https://www.gazetteherald.co.uk/news/26232312.excel-learning-trust-artsfest-held-york-central-hall/	2	229	-1	254	1	100	1114	10.3626943005181		
1311126272	20260628101500	20260628101500	1	universityworldnews.com	https://www.universityworldnews.com/post.php?story=20260627081834145	1	700	-1	690	0	40	18280	2.11189329381252		
1311126273	20260628101500	20260628101500	1	universityworldnews.com	https://www.universityworldnews.com/post.php?story=20260627155723800	4	800	-1	788	1	100	1361	0		
1311086951	20260628000000	20260628101500	1	gazetteherald.co.uk	https://www.gazetteherald.co.uk/news/26232312.excel-learning-trust-artsfest-held-york-central-hall/	1	58	-1	117	1	100	1114	10.3626943005181		
1311126274	20260628101500	20260628101500	1	universityworldnews.com	https://www.universityworldnews.com/post.php?story=20260627160249375	2	95	-1	115	1	100	1116	2.27272727272727		
1311126275	20260628101500	20260628101500	1	universityworldnews.com	https://www.universityworldnews.com/post.php?story=20260625115046442	8	5797	-1	5702	1	100	22814	-0.62315513283044		
1311126276	20260628101500	20260628101500	1	universityworldnews.com	https://www.universityworldnews.com/post.php?story=20260625140223502	1	282	-1	323	1	50	8729	-0.97817908201656		
1311119105	20260628084500	20260628101500	1	leicestermercury.co.uk	https://www.leicestermercury.co.uk/news/uk-world-news/school-pupils-england-follow-new-11034633	10	2276	-1	2312	1	100	3753	-0.51369863013699		
1311119105	20260628084500	20260628101500	1	bristolpost.co.uk	https://www.bristolpost.co.uk/news/uk-world-news/school-pupils-england-follow-new-11034633	11	2457	-1	2493	1	100	3968	-0.32258064516129		
1311126277	20260628101500	20260628101500	1	universityworldnews.com	https://www.universityworldnews.com/post.php?story=2026062706405425	8	3840	-1	3972	1	50	7533	0.84530853761623		
1311126278	20260628101500	20260628101500	1	universityworldnews.com	https://www.universityworldnews.com/post.php?story=20260627141405469	3	214	150	234	1	50	1219	-5.11363636363637		
1311126279	20260628101500	20260628101500	1	universityworldnews.com	https://www.universityworldnews.com/post.php?story=20260627134828577	1	161	262	233	1	100	1034	-3.35195530726256		
1311126280	20260628101500	20260628101500	1	universityworldnews.com	https://www.universityworldnews.com/post.php?story=20260627141405469	2	92	69	112	1	100	1219	-5.11363636363637		
1311126281	20260628101500	20260628101500	1	universityworldnews.com	https://www.universityworldnews.com/post.php?story=20260625140223502	7	3168	3238	3280	1	50	8729	-0.97817908201656		
1311126282	20260628101500	20260628101500	1	universityworldnews.com	https://www.universityworldnews.com/post.php?story=20260627141405469	4	414	488	454	1	50	1219	-5.11363636363637		
1311126283	20260628101500	20260628101500	1	universityworldnews.com	https://www.universityworldnews.com/post.php?story=20260627141405469	4	414	488	497	1	50	1219	-5.11363636363637		
1311126284	20260628101500	20260628101500	1	courant.com	https://www.courant.com/2026/06/28/opinion-free-speech-and-me-in-connecticut-still-fresh-after-250-years/	10	2368	2568	2453	0	20	3898	-0.15105740181269		
1311126285	20260628101500	20260628101500	1	spokesman.com	https://www.spokesman.com/stories/2026/jun/28/who-is-your-american-hero-locals-share-their-favor/	1	570	533	499	1	70	9462	2.12628865979381		
1311126286	20260628101500	20260628101500	1	universityworldnews.com	https://www.universityworldnews.com/post.php?story=20260624115600905	1	849	765	809	0	60	7633	2.40213523131673		
1311126287	20260628101500	20260628101500	1	spokesman.com	https://www.spokesman.com/stories/2026/jun/28/who-is-your-american-hero-locals-share-their-favor/	1	596	537	503	0	10	9462	2.12628865979381		
1311126288	20260628101500	20260628101500	1	universityworldnews.com	https://www.universityworldnews.com/post.php?story=20260624115600905	1	825	765	787	1	40	7633	2.40213523131673		
1311115044	20260628080000	20260628101500	1	jpost.com	http://www.jpost.com/middle-east/article-900662	8	1798	-1	1832	1	60	3187	-5.1975051975052		
1311115045	20260628080000	20260628101500	1	jpost.com	http://www.jpost.com/middle-east/article-900662	8	1798	1835	1842	0	20	3187	-5.1975051975052		
1311115046	20260628080000	20260628101500	1	jpost.com	http://www.jpost.com/middle-east/article-900662	8	1798	1819	1826	0	20	3187	-5.1975051975052		
1311126289	20260628101500	20260628101500	1	universityworldnews.com	https://www.universityworldnews.com/post.php?story=20260627155723800	1	164	215	231	1	100	1361	0		
1311126290	20260628101500	20260628101500	1	mewc.org	https://www.mewc.org/index.php/tools/political-participation-a-election-monitroing/2025-elections-monitoring/12424-overview-of-elections-in-africa-in-2025	8	2358	-1	2379	1	80	8416	-0.33698399326032		
1311126291	20260628101500	20260628101500	1	mewc.org	https://www.mewc.org/index.php/tools/political-participation-a-election-monitroing/2025-elections-monitoring/12424-overview-of-elections-in-africa-in-2025	8	2358	-1	2379	0	20	8416	-0.33698399326032		
1311126292	20260628101500	20260628101500	1	webindia123.com	https://news.webindia123.com/news/Articles/Entertainment/20260628/4468369.html	2	110	298	277	0	10	1818	-3.03030303030303		
1311126293	20260628101500	20260628101500	1	tvguide.co.uk	https://www.tvguide.co.uk/schedule/3b592c54-ddd6-50b2-9095-73d426bf5d24/a-place-in-the-sun	2	399	-1	372	0	10	712	4.34782608695652		
1311126294	20260628101500	20260628101500	1	tvguide.co.uk	https://www.tvguide.co.uk/schedule/3b592c54-ddd6-50b2-9095-73d426bf5d24/a-place-in-the-sun	2	423	-1	372	0	10	712	4.34782608695652		
1311115051	20260628080000	20260628101500	1	jpost.com	http://www.jpost.com/judaism/article-900527	13	4636	-1	4645	0	40	5366	4.91400491400492		
1311115052	20260628080000	20260628101500	1	jpost.com	http://www.jpost.com/judaism/article-900527	12	3885	3928	3918	0	20	5366	4.91400491400492		
1311115053	20260628080000	20260628101500	1	jpost.com	http://www.jpost.com/judaism/article-900527	12	3910	3953	3943	0	10	5366	4.91400491400492		
1311115054	20260628080000	20260628101500	1	jpost.com	http://www.jpost.com/judaism/article-900527	12	3900	3926	3915	1	60	5366	4.91400491400492		
1311115055	20260628080000	20260628101500	1	jpost.com	http://www.jpost.com/judaism/article-900527	8	2125	2151	2140	1	70	5366	4.91400491400492		
1311126295	20260628101500	20260628101500	1	jpost.com	http://www.jpost.com/defense-and-tech/article-900681	4	764	706	736	1	80	4651	0.13550135501355		
1311126296	20260628101500	20260628101500	1	jpost.com	http://www.jpost.com/defense-and-tech/article-900681	4	754	634	726	0	20	4651	0.13550135501355		
1311126297	20260628101500	20260628101500	1	birminghammail.co.uk	https://www.birminghammail.co.uk/travel/uk-tourists-italy-face-drastic-34185394	5	1153	1227	1184	1	30	2309	-2.66990291262136		
1311126298	20260628101500	20260628101500	1	birminghammail.co.uk	https://www.birminghammail.co.uk/travel/uk-tourists-italy-face-drastic-34185394	5	1153	1227	1184	1	70	2309	-2.66990291262136		
1311126299	20260628101500	20260628101500	1	birminghammail.co.uk	https://www.birminghammail.co.uk/travel/uk-tourists-italy-face-drastic-34185394	5	1153	1227	1246	1	30	2309	-2.66990291262136		
1311126300	20260628101500	20260628101500	1	spokesman.com	https://www.spokesman.com/stories/2026/jun/28/answers-to-the-big-fourth-of-july-trivia-quiz/	16	3601	-1	3665	1	80	5283	-0.80924855491329		
1311086971	20260628000000	20260628101500	1	queanbeyanage.com.au	https://www.queanbeyanage.com.au/story/9300650/trump-nominates-lance-schroyer-as-ice-director/	4	937	-1	983	1	100	1590	-5.09803921568627		
1311126301	20260628101500	20260628101500	1	tvguide.co.uk	https://www.tvguide.co.uk/schedule/9772660b-3586-5059-9c25-fdeb7903870c/paris-to-rome-with-bettany-hughes	1	274	-1	291	1	100	1158	5.94594594594595		
1311125760	20260628094500	20260628101500	1	sanews.gov.za	https://www.sanews.gov.za/south-africa/president-ramaphosa-co-chair-unesco-education-meeting-paris	1	57	10	46	0	20	1316	1.54639175257732		
1311119891	20260628083000	20260628101500	1	sanews.gov.za	https://www.sanews.gov.za/south-africa/president-ramaphosa-co-chair-unesco-education-meeting-paris	1	66	0	55	1	80	1316	1.54639175257732		
1311126302	20260628101500	20260628101500	1	qatar-tribune.com	https://www.qatar-tribune.com/article/241727/latest-news/amiri-naval-forces-commander-meets-french-navy-chief-of-staff	4	622	658	644	0	20	737	3.73134328358209		
1311126303	20260628101500	20260628101500	1	sanews.gov.za	https://www.sanews.gov.za/south-africa/president-ramaphosa-co-chair-unesco-education-meeting-paris	5	711	806	733	0	20	1316	1.54639175257732		
1311126304	20260628101500	20260628101500	1	sanews.gov.za	https://www.sanews.gov.za/south-africa/president-ramaphosa-co-chair-unesco-education-meeting-paris	1	10	57	46	0	20	1316	1.54639175257732		
1311126305	20260628101500	20260628101500	1	qatar-tribune.com	https://www.qatar-tribune.com/article/241727/latest-news/amiri-naval-forces-commander-meets-french-navy-chief-of-staff	2	185	153	168	0	10	737	3.73134328358209		
1311122608	20260628093000	20260628101500	1	hampshirechronicle.co.uk	https://www.hampshirechronicle.co.uk/news/national/26233959.real-progress-made-defence-spending-plan-week-jarvis-says/	12	3017	-1	3036	0	20	6599	1.4022787028922		
1311122608	20260628093000	20260628101500	1	times-series.co.uk	https://www.times-series.co.uk/news/national/26233959.real-progress-made-defence-spending-plan-week-jarvis-says/	12	3017	-1	3036	0	20	6599	1.4022787028922		
1311122608	20260628093000	20260628101500	1	gazetteseries.co.uk	https://www.gazetteseries.co.uk/news/national/26233959.real-progress-made-defence-spending-plan-week-jarvis-says/	12	3017	-1	3036	0	20	6599	1.4022787028922		
1311126306	20260628101500	20260628101500	1	outinperth.com	https://www.outinperth.com/uk-reveals-proposed-conversion-therapy-ban-legislation/	1	0	-1	23	1	100	6002	-3.77754459601259		
1311086985	20260628000000	20260628101500	1	outinperth.com	https://www.outinperth.com/uk-reveals-proposed-conversion-therapy-ban-legislation/	21	4031	-1	4126	0	20	6002	-3.77754459601259		
1311126307	20260628101500	20260628101500	1	spokesman.com	https://www.spokesman.com/stories/2026/jun/28/get-ready-for-the-fourth-with-a-special-edition-of/	12	3838	-1	3816	1	100	9647	1.00439422473321		
1311126308	20260628101500	20260628101500	1	birminghammail.co.uk	https://www.birminghammail.co.uk/news/cost-of-living/uk-households-urged-act-72-34170623	2	83	-1	109	1	100	2028	-2.16216216216216		
1311086986	20260628000000	20260628101500	1	birminghammail.co.uk	https://www.birminghammail.co.uk/news/cost-of-living/brown-hmrc-letters-sent-out-34186652	4	307	-1	343	1	100	2149	-4.38144329896907		
1311093197	20260628013000	20260628101500	1	tvguide.co.uk	https://www.tvguide.co.uk/schedule/f4fdf094-48b6-54ad-9ce2-71fc1b3bef15/mortimer-and-whitehouse-gone-fishing	1	167	-1	130	1	100	891	1.38888888888889		
1311086988	20260628000000	20260628101500	1	outinperth.com	https://www.outinperth.com/uk-reveals-proposed-conversion-therapy-ban-legislation/	8	1699	-1	1769	0	40	6002	-3.77754459601259		
1311126309	20260628101500	20260628101500	1	spokesman.com	https://www.spokesman.com/stories/2026/jun/28/answers-to-the-big-fourth-of-july-trivia-quiz/	10	2691	-1	2727	1	30	5283	-0.80924855491329		
1311091255	20260628010000	20260628101500	1	universityworldnews.com	https://www.universityworldnews.com/post.php?story=20260625140223502	1	292	-1	322	0	10	8729	-0.97817908201656		
1311112296	20260628070000	20260628101500	1	birminghammail.co.uk	https://www.birminghammail.co.uk/motoring/motoring-news/popular-cars-could-disappear-uk-34185407	2	906	-1	936	1	100	2193	-0.56338028169014		
1311126310	20260628101500	20260628101500	1	outinperth.com	https://www.outinperth.com/uk-reveals-proposed-conversion-therapy-ban-legislation/	1	0	-1	51	1	100	6002	-3.77754459601259		
1311086989	20260628000000	20260628101500	1	tvguide.co.uk	https://www.tvguide.co.uk/schedule/f54c3432-c215-5b30-97a1-71e2f11dff81/uk-crime-files-wicked-beyond-belief	1	229	-1	197	0	20	520	-9.8901098901099		
1311126311	20260628101500	20260628101500	1	universityworldnews.com	https://www.universityworldnews.com/post.php?story=20260627081834145	32	14325	14344	14383	1	50	18280	2.11189329381252		
1311126312	20260628101500	20260628101500	1	universityworldnews.com	https://www.universityworldnews.com/post.php?story=20260627081834145	32	14325	14344	14382	0	20	18280	2.11189329381252		
1311126313	20260628101500	20260628101500	1	universityworldnews.com	https://www.universityworldnews.com/post.php?story=20260627081834145	32	14297	14361	14400	0	10	18280	2.11189329381252		
1311125089	20260628100000	20260628101500	1	tvguide.co.uk	https://www.tvguide.co.uk/schedule/82461c6e-ce06-5ad4-abdc-1a532e7567d2/thunderball	1	173	114	99	1	60	663	-5.05050505050505		
1311126314	20260628101500	20260628101500	1	tvguide.co.uk	https://www.tvguide.co.uk/schedule/f54c3432-c215-5b30-97a1-71e2f11dff81/uk-crime-files-wicked-beyond-belief	1	229	257	242	0	20	520	-9.8901098901099		
1311126315	20260628101500	20260628101500	1	universityworldnews.com	https://www.universityworldnews.com/post.php?story=20260627134828577	1	262	161	233	1	100	1034	-3.35195530726256		
1311088682	20260628000000	20260628101500	1	webindia123.com	https://news.webindia123.com/news/Articles/World/20260628/4468386.html	9	3024	2854	2890	1	100	3804	3.53356890459364		
1311126316	20260628101500	20260628101500	1	birminghammail.co.uk	https://www.birminghammail.co.uk/news/cost-of-living/sir-keir-starmer-announces-bumper-34199573	2	672	730	716	0	40	2441	0		
1311126316	20260628101500	20260628101500	1	birminghammail.co.uk	https://www.birminghammail.co.uk/motoring/motoring-news/sir-keir-starmer-tough-new-34199713	4	558	616	602	0	100	1716	-1.65562913907285		
1311126317	20260628101500	20260628101500	1	theadvocate.com	https://www.theadvocate.com/baton_rouge/opinion/hillyer-semiquicentennial-john-adams-declaration-indpendence/article_4e02b722-bdb5-5fe4-9423-967b7f16bd70.html	7	1709	1809	1752	1	30	4973	1.7743979721166		
1311126318	20260628101500	20260628101500	1	theadvocate.com	https://www.theadvocate.com/baton_rouge/opinion/hillyer-semiquicentennial-john-adams-declaration-indpendence/article_4e02b722-bdb5-5fe4-9423-967b7f16bd70.html	7	1709	1809	1752	1	70	4973	1.7743979721166		
1311126319	20260628101500	20260628101500	1	courant.com	https://www.courant.com/2026/06/28/a-single-act-of-mercy-to-the-enemy-made-a-british-soldier-a-hero-in-a-ct-town-his-legacy-lives/	11	5362	5434	5420	0	10	8379	-0.99220411055989		
1311126320	20260628101500	20260628101500	1	courant.com	https://www.courant.com/2026/06/28/a-single-act-of-mercy-to-the-enemy-made-a-british-soldier-a-hero-in-a-ct-town-his-legacy-lives/	11	5362	5434	5420	0	10	8379	-0.99220411055989		
1311126321	20260628101500	20260628101500	1	outinperth.com	https://www.outinperth.com/uk-reveals-proposed-conversion-therapy-ban-legislation/	21	4031	4048	4126	0	20	6002	-3.77754459601259		
1311113980	20260628074500	20260628101500	1	irishsun.com	http://www.irishsun.com/news/279152776/somali-immigrant-detained-after-car-plows-into-london-shoppers	10	1347	-1	1429	0	40	2219	-12.1037463976945		
1311113980	20260628074500	20260628101500	1	irishsun.com	http://www.irishsun.com/news/279152617/somalian-immigrant-detained-after-car-ploughs-into-london-shoppers	10	1350	-1	1432	0	40	2218	-12.1037463976945		
1311113981	20260628074500	20260628101500	1	irishsun.com	http://www.irishsun.com/news/279152617/somalian-immigrant-detained-after-car-ploughs-into-london-shoppers	10	1350	1408	1387	1	60	2218	-12.1037463976945		
1311113981	20260628074500	20260628101500	1	irishsun.com	http://www.irishsun.com/news/279152776/somali-immigrant-detained-after-car-plows-into-london-shoppers	10	1347	1405	1384	1	60	2219	-12.1037463976945		
1311113984	20260628074500	20260628101500	1	irishsun.com	http://www.irishsun.com/news/279152617/somalian-immigrant-detained-after-car-ploughs-into-london-shoppers	7	1042	961	985	0	40	2218	-12.1037463976945		
1311113984	20260628074500	20260628101500	1	irishsun.com	http://www.irishsun.com/news/279152776/somali-immigrant-detained-after-car-plows-into-london-shoppers	7	1039	958	982	0	40	2219	-12.1037463976945		
1311113985	20260628074500	20260628101500	1	irishsun.com	http://www.irishsun.com/news/279152617/somalian-immigrant-detained-after-car-ploughs-into-london-shoppers	7	-1	977	1018	0	60	2218	-12.1037463976945		
1311113985	20260628074500	20260628101500	1	irishsun.com	http://www.irishsun.com/news/279152776/somali-immigrant-detained-after-car-plows-into-london-shoppers	7	-1	974	1015	0	60	2219	-12.1037463976945		
1311091261	20260628010000	20260628101500	1	irishsun.com	http://www.irishsun.com/news/279152617/somalian-immigrant-detained-after-car-ploughs-into-london-shoppers	2	260	143	212	1	100	2218	-12.1037463976945		
1311091261	20260628010000	20260628101500	1	irishsun.com	http://www.irishsun.com/news/279152776/somali-immigrant-detained-after-car-plows-into-london-shoppers	2	257	143	211	1	100	2219	-12.1037463976945		
1311122650	20260628093000	20260628101500	1	hampshirechronicle.co.uk	https://www.hampshirechronicle.co.uk/news/national/26233959.real-progress-made-defence-spending-plan-week-jarvis-says/	26	6206	6300	6289	0	10	6599	1.4022787028922		
1311122650	20260628093000	20260628101500	1	times-series.co.uk	https://www.times-series.co.uk/news/national/26233959.real-progress-made-defence-spending-plan-week-jarvis-says/	26	6206	6300	6289	0	10	6599	1.4022787028922		
1311122650	20260628093000	20260628101500	1	gazetteseries.co.uk	https://www.gazetteseries.co.uk/news/national/26233959.real-progress-made-defence-spending-plan-week-jarvis-says/	26	6206	6300	6289	0	10	6599	1.4022787028922		
1311126322	20260628101500	20260628101500	1	courant.com	https://www.courant.com/2026/06/28/a-single-act-of-mercy-to-the-enemy-made-a-british-soldier-a-hero-in-a-ct-town-his-legacy-lives/	10	5010	5136	5058	0	20	8379	-0.99220411055989		
1311126323	20260628101500	20260628101500	1	courant.com	https://www.courant.com/2026/06/28/a-single-act-of-mercy-to-the-enemy-made-a-british-soldier-a-hero-in-a-ct-town-his-legacy-lives/	10	5010	5121	5058	0	20	8379	-0.99220411055989		
1311122663	20260628093000	20260628101500	1	hampshirechronicle.co.uk	https://www.hampshirechronicle.co.uk/news/national/26233959.real-progress-made-defence-spending-plan-week-jarvis-says/	12	3035	2960	3054	0	20	6599	1.4022787028922		
1311122663	20260628093000	20260628101500	1	times-series.co.uk	https://www.times-series.co.uk/news/national/26233959.real-progress-made-defence-spending-plan-week-jarvis-says/	12	3035	2960	3054	0	20	6599	1.4022787028922		
1311122663	20260628093000	20260628101500	1	gazetteseries.co.uk	https://www.gazetteseries.co.uk/news/national/26233959.real-progress-made-defence-spending-plan-week-jarvis-says/	12	3035	2960	3054	0	20	6599	1.4022787028922		
1311122665	20260628093000	20260628101500	1	gazetteseries.co.uk	https://www.gazetteseries.co.uk/news/national/26233959.real-progress-made-defence-spending-plan-week-jarvis-says/	26	6224	6318	6307	0	10	6599	1.4022787028922		
1311122665	20260628093000	20260628101500	1	hampshirechronicle.co.uk	https://www.hampshirechronicle.co.uk/news/national/26233959.real-progress-made-defence-spending-plan-week-jarvis-says/	26	6224	6318	6307	0	10	6599	1.4022787028922		
1311122665	20260628093000	20260628101500	1	times-series.co.uk	https://www.times-series.co.uk/news/national/26233959.real-progress-made-defence-spending-plan-week-jarvis-says/	26	6224	6318	6307	0	10	6599	1.4022787028922		
1311126324	20260628101500	20260628101500	1	courant.com	https://www.courant.com/2026/06/28/a-single-act-of-mercy-to-the-enemy-made-a-british-soldier-a-hero-in-a-ct-town-his-legacy-lives/	11	5362	5412	5391	1	70	8379	-0.99220411055989		
1311126325	20260628101500	20260628101500	1	courant.com	https://www.courant.com/2026/06/28/a-single-act-of-mercy-to-the-enemy-made-a-british-soldier-a-hero-in-a-ct-town-his-legacy-lives/	11	5378	5434	5420	0	10	8379	-0.99220411055989		
1311126326	20260628101500	20260628101500	1	courant.com	https://www.courant.com/2026/06/28/a-single-act-of-mercy-to-the-enemy-made-a-british-soldier-a-hero-in-a-ct-town-his-legacy-lives/	10	5010	-1	5034	1	60	8379	-0.99220411055989		
1311121673	20260628091500	20260628101500	1	yahoo.com	https://www.yahoo.com/news/world/articles/meet-3-members-albanias-flamingo-082546305.html	14	4320	-1	4370	0	40	6022	-2.70551508844953		
1311121674	20260628091500	20260628101500	1	yahoo.com	https://www.yahoo.com/news/world/articles/meet-3-members-albanias-flamingo-082546305.html	14	4320	-1	4370	1	60	6022	-2.70551508844953		
1311124013	20260628094500	20260628101500	1	theage.com.au	https://www.theage.com.au/national/from-big-house-to-big-build-cfmeu-chief-s-courtroom-plea-for-violent-contractor-exposed-20260628-p60anp.html	12	4160	-1	4171	1	60	10544	-2.00235571260306		
1311124016	20260628094500	20260628101500	1	webindia123.com	https://news.webindia123.com/news/Articles/World/20260628/4468357.html	8	1524	-1	1551	1	100	2039	-8.46394984326019		
1311126327	20260628101500	20260628101500	1	jpost.com	http://www.jpost.com/israel-news/defense-news/article-900702	8	1144	-1	1162	1	20	1361	-9.81308411214953		
1311100688	20260628040000	20260628101500	1	hngnews.com	http://www.hngnews.com/nation_world/3-firefighters-killed-2-injured-while-tackling-wildfires-on-the-colorado-utah-border/article_48af6aaa-c408-5771-8318-e23960fb9001.html	7	1223	-1	1297	1	20	4408	-3.35195530726257		
1311100688	20260628040000	20260628101500	1	queanbeyanage.com.au	https://www.queanbeyanage.com.au/story/9300564/two-firefighters-killed-as-fires-rage-across-western-us/	6	1505	-1	1579	1	20	4258	-3.86266094420601		
1311124018	20260628094500	20260628101500	1	theage.com.au	https://www.theage.com.au/national/from-big-house-to-big-build-cfmeu-chief-s-courtroom-plea-for-violent-contractor-exposed-20260628-p60anp.html	12	4151	-1	4162	0	10	10544	-2.00235571260306		
1311104027	20260628050000	20260628101500	1	gdnonline.com	https://www.gdnonline.com:443/Details/1398962/Australia-toughens-children%E2%80%99s-social-media-ban-	3	469	-1	480	1	30	3139	-1.93798449612403		
1311124020	20260628094500	20260628101500	1	universityworldnews.com	https://www.universityworldnews.com/post.php?story=20260627134828577	3	933	-1	1046	1	100	1034	-3.35195530726256		
1311096980	20260628024500	20260628101500	1	birminghammail.co.uk	https://www.birminghammail.co.uk/news/midlands-news/new-ban-coming-force-schools-34199620	6	961	-1	1035	1	100	2611	-0.69444444444445		
1311088691	20260628000000	20260628101500	1	jpost.com	http://www.jpost.com/health-and-wellness/health-and-wellness-around-the-world/article-899001	16	8861	-1	8924	1	100	9431	-0.55248618784531		
1311088691	20260628000000	20260628101500	1	sunstar.com.ph	https://www.sunstar.com.ph/zamboanga/cops-arrest-1-seize-p76-m-smuggled-cigarettes-in-lanao-del-norte	9	1761	-1	1780	1	100	2013	-3.32225913621263		
1311108106	20260628061500	20260628101500	1	asiabulletin.com	http://www.asiabulletin.com/news/279152913/god-will-never-forgive-this-gang-sp-rajeev-rai-slams-bjp-over-ram-mandir-donation-row	8	1850	-1	1965	1	50	1961	-6.48148148148148		
1311109970	20260628064500	20260628101500	1	webindia123.com	https://news.webindia123.com/news/Articles/India/20260628/4468330.html	3	537	-1	588	1	50	2046	2.90322580645161		
1311124024	20260628094500	20260628101500	1	webindia123.com	https://news.webindia123.com/news/Articles/World/20260628/4468357.html	8	1524	-1	1508	1	20	2039	-8.46394984326019		
1311124025	20260628094500	20260628101500	1	webindia123.com	https://news.webindia123.com/news/Articles/World/20260628/4468357.html	8	1524	-1	1508	0	80	2039	-8.46394984326019		
1311126328	20260628101500	20260628101500	1	jpost.com	http://www.jpost.com/israel-news/defense-news/article-900702	7	1065	-1	1099	1	10	1361	-9.81308411214953		
1311126329	20260628101500	20260628101500	1	universityworldnews.com	https://www.universityworldnews.com/post.php?story=20260627134828577	2	577	-1	610	1	100	1034	-3.35195530726256		
1311126330	20260628101500	20260628101500	1	spokesman.com	https://www.spokesman.com/stories/2026/jun/28/think-about-what-it-took-northwest-tribal-leaders-/	1	1225	-1	1187	1	50	9511	-0.1914486279515		
1311126331	20260628101500	20260628101500	1	thehindu.com	https://www.thehindu.com/news/cities/chennai/madhavaram-nallur-elevated-corridor-likely-if-tamil-nadu-govt-waives-gst-on-construction-materials/article71155200.ece	3	781	-1	756	1	100	2099	-1.14285714285715		
1311108110	20260628061500	20260628101500	1	webindia123.com	https://news.webindia123.com/news/Articles/World/20260628/4468371.html	9	2637	-1	2661	1	60	2817	6.14657210401891		
1311088708	20260628000000	20260628101500	1	shetlandtimes.co.uk	https://www.shetlandtimes.co.uk/news/special-day-for-shetland-s-local-hero-who-attended-openi-438730/	11	2056	-1	2104	1	100	2078	8.35579514824798		
1311094006	20260628014500	20260628101500	1	webindia123.com	https://news.webindia123.com/news/Articles/World/20260628/4468376.html	1	113	-1	142	1	60	4259	5.71870170015456		
1311122680	20260628093000	20260628101500	1	theage.com.au	https://www.theage.com.au/national/don-t-pay-gatto-don-t-get-access-leaks-expose-companies-with-gangland-figure-on-payroll-20260628-p60anl.html	44	14088	-1	14105	1	100	14670	-1.92884697813973		
1311088716	20260628000000	20260628101500	1	pressherald.com	https://www.pressherald.com/2026/06/28/we-should-be-more-focused-on-the-quality-of-sen-collins-votes-than-the-quantity-opinion/	9	3444	-1	3485	1	80	3963	-2.34009360374415		
1311126332	20260628101500	20260628101500	1	indiatimes.com	https://economictimes.indiatimes.com/news/india/flood-toll-rises-to-three-as-another-body-found-in-arunachal-pradesh-imd-warns-of-heavy-rain/articleshow/132048687.cms	8	2087	-1	2143	1	20	5328	-3.97111913357401		
1311126333	20260628101500	20260628101500	1	indiatimes.com	https://economictimes.indiatimes.com/news/india/flood-toll-rises-to-three-as-another-body-found-in-arunachal-pradesh-imd-warns-of-heavy-rain/articleshow/132048687.cms	8	2087	-1	2143	0	10	5328	-3.97111913357401		
1311114008	20260628074500	20260628101500	1	birminghammail.co.uk	https://www.birminghammail.co.uk/news/cost-of-living/sir-keir-starmer-announces-bumper-34199573	5	1865	-1	1883	1	100	2441	0		
1311095412	20260628021500	20260628101500	1	birminghammail.co.uk	https://www.birminghammail.co.uk/news/midlands-news/new-ban-coming-force-schools-34199620	5	608	-1	594	1	100	2611	-0.69444444444445		
1311100699	20260628040000	20260628101500	1	birminghammail.co.uk	https://www.birminghammail.co.uk/news/cost-of-living/sir-keir-starmer-announces-bumper-34199573	2	728	-1	714	1	60	2441	0		
1311100699	20260628040000	20260628101500	1	birminghammail.co.uk	https://www.birminghammail.co.uk/motoring/motoring-news/sir-keir-starmer-tough-new-34199713	4	614	-1	600	1	100	1716	-1.65562913907285		
1311115092	20260628080000	20260628101500	1	gazetteseries.co.uk	https://www.gazetteseries.co.uk/news/national/26234458.iran-launches-missile-attacks-bahrain-kuwait-us-air-strikes/	6	1359	-1	1368	1	50	4182	-4.09604519774012		
1311115092	20260628080000	20260628101500	1	theargus.co.uk	https://www.theargus.co.uk/news/national/26234458.iran-launches-missile-attacks-bahrain-kuwait-us-air-strikes/	6	1359	-1	1368	1	50	4182	-4.09604519774012		
1311115092	20260628080000	20260628101500	1	gazetteherald.co.uk	https://www.gazetteherald.co.uk/news/national/26234458.iran-launches-missile-attacks-bahrain-kuwait-us-air-strikes/	6	1359	-1	1368	1	50	4182	-4.09604519774012		
1311115092	20260628080000	20260628101500	1	times-series.co.uk	https://www.times-series.co.uk/news/national/26234458.iran-launches-missile-attacks-bahrain-kuwait-us-air-strikes/	6	1359	-1	1368	1	50	4182	-4.09604519774012		
1311115092	20260628080000	20260628101500	1	chesterstandard.co.uk	https://www.chesterstandard.co.uk/news/national/26234458.iran-launches-missile-attacks-bahrain-kuwait-us-air-strikes/	6	1359	-1	1368	1	50	4182	-4.09604519774012		
1311126334	20260628101500	20260628101500	1	gdnonline.com	https://www.gdnonline.com:443/Details/1398931	12	3535	-1	3591	1	60	4408	0.436681222707421		
1311115834	20260628074500	20260628101500	1	gdnonline.com	https://www.gdnonline.com:443/Details/1398931	12	3535	-1	3591	0	40	4408	0.436681222707421		
1311096986	20260628024500	20260628101500	1	webindia123.com	https://news.webindia123.com/news/Articles/World/20260628/4468320.html	8	2091	-1	2118	1	60	2964	5.11111111111111		
1311126335	20260628101500	20260628101500	1	thehindu.com	https://www.thehindu.com/news/national/tamil-nadu/nadigar-sangam-elections-case-madras-high-court-to-pass-orders-on-july-1-2026/article71157328.ece	2	764	-1	788	0	20	2777	-1.72043010752688		
1311126336	20260628101500	20260628101500	1	thehindu.com	https://www.thehindu.com/news/national/tamil-nadu/nadigar-sangam-elections-case-madras-high-court-to-pass-orders-on-july-1-2026/article71157328.ece	2	741	-1	769	0	40	2777	-1.72043010752688		
1311126337	20260628101500	20260628101500	1	queanbeyanage.com.au	https://www.queanbeyanage.com.au/story/9300564/two-firefighters-killed-as-fires-rage-across-western-us/	1	4	-1	33	1	80	4258	-3.86266094420601		
1311126338	20260628101500	20260628101500	1	queanbeyanage.com.au	https://www.queanbeyanage.com.au/story/9300564/two-firefighters-killed-as-fires-rage-across-western-us/	1	4	-1	33	0	20	4258	-3.86266094420601		
1311126339	20260628101500	20260628101500	1	thehindu.com	https://www.thehindu.com/news/national/andhra-pradesh/nda-government-interfering-in-sir-alleges-ysrcps-kakani-govardhan-reddy/article71157277.ece	3	714	-1	787	1	100	1790	-0.33333333333333		
1311115095	20260628080000	20260628101500	1	rferl.org	https://www.rferl.org/a/iran-us-hormuz-cease-fire-violation-kuwait-bahrain-trump/33790546.html	16	2748	-1	2757	1	100	4109	-7.89889415481832		
1311115095	20260628080000	20260628101500	1	russiaherald.com	http://www.russiaherald.com/news/279153008/iran-us-trade-blame-as-attacks-resume-despite-fragile-truce	18	2915	-1	2924	1	100	4646	-8.26330532212885		
1311115095	20260628080000	20260628101500	1	irishsun.com	http://www.irishsun.com/news/279153008/iran-us-trade-blame-as-attacks-resume-despite-fragile-truce	18	2915	-1	2924	1	100	4646	-8.26330532212885		
1311121685	20260628091500	20260628101500	1	pressherald.com	https://www.pressherald.com/2026/06/28/unfortunately-for-rfk-jr-a-tan-is-still-a-sign-of-damage-victoria-hugo-vidal/	5	1506	-1	1555	1	50	4294	-3.13725490196079		
1311107641	20260628054500	20260628101500	1	irishsun.com	http://www.irishsun.com/news/279153008/iran-us-trade-blame-as-attacks-resume-despite-fragile-truce	18	2915	-1	2936	1	100	4646	-8.26330532212885		
1311107641	20260628054500	20260628101500	1	rferl.org	https://www.rferl.org/a/iran-us-hormuz-cease-fire-violation-kuwait-bahrain-trump/33790546.html	16	2748	-1	2769	1	100	4109	-7.89889415481832		
1311107641	20260628054500	20260628101500	1	russiaherald.com	http://www.russiaherald.com/news/279153008/iran-us-trade-blame-as-attacks-resume-despite-fragile-truce	18	2915	-1	2936	1	100	4646	-8.26330532212885		
1311124040	20260628094500	20260628101500	1	webindia123.com	https://news.webindia123.com/news/Articles/India/20260628/4468375.html	7	1642	-1	1653	1	100	3329	1.68224299065421		
1311126340	20260628101500	20260628101500	1	jpost.com	http://www.jpost.com/defense-and-tech/article-900681	14	3863	-1	3797	1	30	4651	0.13550135501355		
1311126341	20260628101500	20260628101500	1	jpost.com	http://www.jpost.com/defense-and-tech/article-900681	14	3863	-1	3797	0	20	4651	0.13550135501355		
1311126342	20260628101500	20260628101500	1	sanews.gov.za	https://www.sanews.gov.za/south-africa/president-ramaphosa-co-chair-unesco-education-meeting-paris	5	701	793	742	0	40	1316	1.54639175257732		
1311126343	20260628101500	20260628101500	1	sanews.gov.za	https://www.sanews.gov.za/south-africa/president-ramaphosa-co-chair-unesco-education-meeting-paris	5	701	825	752	0	20	1316	1.54639175257732		
1311104040	20260628050000	20260628101500	1	gdnonline.com	https://www.gdnonline.com:443/Details/1398962/Australia-toughens-children%E2%80%99s-social-media-ban-	3	469	603	480	0	30	3139	-1.93798449612403		
1311125131	20260628100000	20260628101500	1	azernews.az	https://www.azernews.az/nation/260337.html	3	470	487	563	1	60	2049	1.66666666666666		
1311125132	20260628100000	20260628101500	1	azernews.az	https://www.azernews.az/nation/260335.html	1	162	179	150	1	100	5652	2.18446601941747		
1311125133	20260628100000	20260628101500	1	azernews.az	https://www.azernews.az/nation/260337.html	3	470	487	708	1	60	2049	1.66666666666666		
1311125134	20260628100000	20260628101500	1	azernews.az	https://www.azernews.az/nation/260337.html	3	470	546	559	0	10	2049	1.66666666666666		
1311125135	20260628100000	20260628101500	1	azernews.az	https://www.azernews.az/nation/260337.html	3	470	546	704	0	10	2049	1.66666666666666		
1311126344	20260628101500	20260628101500	1	swissinfo.ch	https://www.swissinfo.ch/eng/foreign-affairs/irelands-eu-presidency-to-shape-key-areas-for-switzerland/91663226	13	3380	3416	3411	1	20	5896	1.13250283125708		
1311126345	20260628101500	20260628101500	1	swissinfo.ch	https://www.swissinfo.ch/eng/foreign-affairs/irelands-eu-presidency-to-shape-key-areas-for-switzerland/91663226	13	3380	3416	3411	0	10	5896	1.13250283125708		
1311126346	20260628101500	20260628101500	1	swissinfo.ch	https://www.swissinfo.ch/eng/foreign-affairs/irelands-eu-presidency-to-shape-key-areas-for-switzerland/91663226	13	3380	3416	3411	1	70	5896	1.13250283125708		
1311125143	20260628100000	20260628101500	1	russiaherald.com	http://www.russiaherald.com/news/279153007/trump-seeks-to-end-years-of-acting-leadership-at-ice	2	370	412	399	1	100	2945	-8.01781737193764		
1311125144	20260628100000	20260628101500	1	azernews.az	https://www.azernews.az/nation/260337.html	3	470	534	563	1	30	2049	1.66666666666666		
1311126347	20260628101500	20260628101500	1	universityworldnews.com	https://www.universityworldnews.com/post.php?story=20260627141405469	2	69	92	112	1	100	1219	-5.11363636363637		
1311126348	20260628101500	20260628101500	1	webindia123.com	https://news.webindia123.com/news/Articles/India/20260628/4468383.html	6	1279	1341	1317	0	20	2477	2.91005291005291		
1311126349	20260628101500	20260628101500	1	webindia123.com	https://news.webindia123.com/news/Articles/India/20260628/4468383.html	6	1279	1324	1300	0	10	2477	2.91005291005291		
1311112976	20260628073000	20260628101500	1	webindia123.com	https://news.webindia123.com/news/Articles/India/20260628/4468383.html	6	1279	1332	1308	1	60	2477	2.91005291005291		
1311125145	20260628100000	20260628101500	1	azernews.az	https://www.azernews.az/nation/260337.html	3	470	534	708	1	30	2049	1.66666666666666		
1311126350	20260628101500	20260628101500	1	bristolpost.co.uk	https://www.bristolpost.co.uk/news/uk-world-news/school-pupils-england-follow-new-11034633	1	309	166	193	1	100	3968	-0.32258064516129		
1311126351	20260628101500	20260628101500	1	universityworldnews.com	https://www.universityworldnews.com/post.php?story=20260627141405469	2	69	92	78	1	100	1219	-5.11363636363637		
1311126352	20260628101500	20260628101500	1	birminghammail.co.uk	https://www.birminghammail.co.uk/travel/uk-tourists-italy-face-drastic-34185394	5	1125	1153	1246	1	30	2309	-2.66990291262136		
1311126353	20260628101500	20260628101500	1	sanews.gov.za	https://www.sanews.gov.za/south-africa/president-ramaphosa-co-chair-unesco-education-meeting-paris	1	0	66	55	1	80	1316	1.54639175257732		
1311122708	20260628093000	20260628101500	1	times-series.co.uk	https://www.times-series.co.uk/news/national/26233959.real-progress-made-defence-spending-plan-week-jarvis-says/	12	3017	2960	3036	1	60	6599	1.4022787028922		
1311122708	20260628093000	20260628101500	1	hampshirechronicle.co.uk	https://www.hampshirechronicle.co.uk/news/national/26233959.real-progress-made-defence-spending-plan-week-jarvis-says/	12	3017	2960	3036	1	60	6599	1.4022787028922		
1311122708	20260628093000	20260628101500	1	gazetteseries.co.uk	https://www.gazetteseries.co.uk/news/national/26233959.real-progress-made-defence-spending-plan-week-jarvis-says/	12	3017	2960	3036	1	60	6599	1.4022787028922		
1311126354	20260628101500	20260628101500	1	universityworldnews.com	https://www.universityworldnews.com/post.php?story=20260627134828577	3	933	974	1064	0	20	1034	-3.35195530726256		
1311126355	20260628101500	20260628101500	1	webindia123.com	https://news.webindia123.com/news/Articles/World/20260628/4468386.html	9	2854	3024	2935	1	100	3804	3.53356890459364		
1311126356	20260628101500	20260628101500	1	webindia123.com	https://news.webindia123.com/news/Articles/World/20260628/4468386.html	9	2854	3024	2890	1	100	3804	3.53356890459364		
1311126357	20260628101500	20260628101500	1	universityworldnews.com	https://www.universityworldnews.com/post.php?story=20260627134828577	3	933	957	1047	0	20	1034	-3.35195530726256		
1311126358	20260628101500	20260628101500	1	webindia123.com	https://news.webindia123.com/news/Articles/India/20260628/4468383.html	3	451	520	427	0	10	2477	2.91005291005291		
1311126359	20260628101500	20260628101500	1	webindia123.com	https://news.webindia123.com/news/Articles/India/20260628/4468383.html	3	464	533	440	1	40	2477	2.91005291005291		
1311119234	20260628084500	20260628101500	1	gazetteseries.co.uk	https://www.gazetteseries.co.uk/news/national/26229533.cargo-ship-hit-un-approved-route-strait-hormuz/	14	4120	4158	4116	1	60	6101	-3.61681329423265		
1311120509	20260628090000	20260628101500	1	times-series.co.uk	https://www.times-series.co.uk/news/national/26229533.cargo-ship-hit-un-approved-route-strait-hormuz/	14	4120	4158	4116	1	60	6101	-3.61681329423265		
1311126360	20260628101500	20260628101500	1	swissinfo.ch	https://www.swissinfo.ch/eng/foreign-affairs/irelands-eu-presidency-to-shape-key-areas-for-switzerland/91663226	1	347	329	359	1	70	5896	1.13250283125708		
1311119237	20260628084500	20260628101500	1	gazetteseries.co.uk	https://www.gazetteseries.co.uk/news/national/26229533.cargo-ship-hit-un-approved-route-strait-hormuz/	14	4120	4260	4186	1	60	6101	-3.61681329423265		
1311120511	20260628090000	20260628101500	1	times-series.co.uk	https://www.times-series.co.uk/news/national/26229533.cargo-ship-hit-un-approved-route-strait-hormuz/	14	4120	4260	4186	1	60	6101	-3.61681329423265		
1311126361	20260628101500	20260628101500	1	dominicanrepublicpost.com	https://dominicanrepublicpost.com/iran-attacks-kuwait-and-bahrain-in-response-to-us-strikes/	10	2184	2234	2207	1	80	4017	-6.38930163447251		
1311090828	20260628003000	20260628101500	1	khaama.com	https://www.khaama.com/iran-targets-us-bases-in-kuwait-bahrain/	6	1530	1590	1577	1	80	2569	-6.06860158311346		
1311093224	20260628013000	20260628101500	1	dominicanrepublicpost.com	https://dominicanrepublicpost.com/iran-attacks-kuwait-and-bahrain-in-response-to-us-strikes/	10	2184	2234	2245	1	70	4017	-6.38930163447251		
1311126362	20260628101500	20260628101500	1	jpost.com	http://www.jpost.com/israel-news/defense-news/article-900701	8	1458	1562	1493	1	70	5490	-3.45596432552954		
1311126363	20260628101500	20260628101500	1	jpost.com	http://www.jpost.com/israel-news/defense-news/article-900701	7	1316	1428	1359	0	10	5490	-3.45596432552954		
1311126364	20260628101500	20260628101500	1	jpost.com	http://www.jpost.com/israel-news/defense-news/article-900701	7	1316	1420	1351	1	60	5490	-3.45596432552954		
1311126365	20260628101500	20260628101500	1	jpost.com	http://www.jpost.com/israel-news/defense-news/article-900701	8	1458	1556	1487	0	50	5490	-3.45596432552954		
1311126366	20260628101500	20260628101500	1	jpost.com	http://www.jpost.com/israel-news/defense-news/article-900701	7	1316	1414	1345	0	10	5490	-3.45596432552954		
1311126367	20260628101500	20260628101500	1	jpost.com	http://www.jpost.com/aliyah/article-900706	3	1137	1212	1200	1	50	4209	1.44927536231884		
1311126368	20260628101500	20260628101500	1	jpost.com	http://www.jpost.com/aliyah/article-900706	3	1137	1212	1200	1	50	4209	1.44927536231884		
1311126369	20260628101500	20260628101500	1	jpost.com	http://www.jpost.com/israel-news/defense-news/article-900701	8	1458	1562	1493	1	60	5490	-3.45596432552954		
1311126370	20260628101500	20260628101500	1	jpost.com	http://www.jpost.com/israel-news/defense-news/article-900701	7	1316	1420	1351	1	60	5490	-3.45596432552954		
1311126371	20260628101500	20260628101500	1	jpost.com	http://www.jpost.com/israel-news/defense-news/article-900701	8	1458	1556	1487	0	60	5490	-3.45596432552954		
1311126372	20260628101500	20260628101500	1	jpost.com	http://www.jpost.com/israel-news/defense-news/article-900701	7	1316	1414	1345	0	20	5490	-3.45596432552954		
1311115120	20260628080000	20260628101500	1	russiaherald.com	http://www.russiaherald.com/news/279152802/lebanese-us-presidents-discuss-israel-lebanon-framework-agreement-hint-at-potential-washington-meet	7	1919	1876	1906	0	20	3981	4.20168067226891		
1311092236	20260628011500	20260628101500	1	jpost.com	http://www.jpost.com/opinion/article-900674	1	160	197	137	0	20	4822	-0.86741016109046		
1311088752	20260628000000	20260628101500	1	jpost.com	http://www.jpost.com/opinion/article-900674	1	160	303	270	0	20	4822	-0.86741016109046		
1311126373	20260628101500	20260628101500	1	jpost.com	http://www.jpost.com/opinion/article-900674	1	160	292	225	1	30	4822	-0.86741016109046		
1311101451	20260628041500	20260628101500	1	jpost.com	http://www.jpost.com/opinion/article-900674	1	160	292	259	1	60	4822	-0.86741016109046		
1311126374	20260628101500	20260628101500	1	jpost.com	http://www.jpost.com/opinion/article-900674	1	160	292	137	1	60	4822	-0.86741016109046		
1311100425	20260628033000	20260628101500	1	shetlandtimes.co.uk	https://www.shetlandtimes.co.uk/news/special-day-for-shetland-s-local-hero-who-attended-openi-438730/	11	2056	2083	2069	1	100	2078	8.35579514824798		
1311126375	20260628101500	20260628101500	1	outinperth.com	https://www.outinperth.com/uk-reveals-proposed-conversion-therapy-ban-legislation/	11	2343	2326	2267	1	100	6002	-3.77754459601259		
1311110001	20260628064500	20260628101500	1	southernhighlandnews.com.au	https://www.southernhighlandnews.com.au/story/9300371/big-tech-wants-this-to-fail-beef-up-for-social-ban/	2	197	267	246	1	100	5235	-5.40216086434574		
1311110001	20260628064500	20260628101500	1	irrigator.com.au	https://www.irrigator.com.au/story/9300371/big-tech-wants-this-to-fail-beef-up-for-social-ban/	2	197	267	246	1	100	5227	-5.42168674698796		
1311110001	20260628064500	20260628101500	1	katherinetimes.com.au	https://www.katherinetimes.com.au/story/9300371/big-tech-wants-this-to-fail-beef-up-for-social-ban/	2	197	267	246	1	100	5258	-5.38922155688623		
1311110001	20260628064500	20260628101500	1	queanbeyanage.com.au	https://www.queanbeyanage.com.au/story/9300371/big-tech-wants-this-to-fail-beef-up-for-social-ban/	2	197	267	246	1	100	5238	-5.40216086434574		
1311110002	20260628064500	20260628101500	1	irrigator.com.au	https://www.irrigator.com.au/story/9300371/big-tech-wants-this-to-fail-beef-up-for-social-ban/	2	197	267	277	1	100	5227	-5.42168674698796		
1311110002	20260628064500	20260628101500	1	southernhighlandnews.com.au	https://www.southernhighlandnews.com.au/story/9300371/big-tech-wants-this-to-fail-beef-up-for-social-ban/	2	197	267	277	1	100	5235	-5.40216086434574		
1311110002	20260628064500	20260628101500	1	katherinetimes.com.au	https://www.katherinetimes.com.au/story/9300371/big-tech-wants-this-to-fail-beef-up-for-social-ban/	2	197	267	277	1	100	5258	-5.38922155688623		
1311110002	20260628064500	20260628101500	1	queanbeyanage.com.au	https://www.queanbeyanage.com.au/story/9300371/big-tech-wants-this-to-fail-beef-up-for-social-ban/	2	197	267	277	1	100	5238	-5.40216086434574		
1311126376	20260628101500	20260628101500	1	qatar-tribune.com	https://www.qatar-tribune.com/article/241727/latest-news/amiri-naval-forces-commander-meets-french-navy-chief-of-staff	4	585	640	628	1	80	737	3.73134328358209		
1311104053	20260628050000	20260628101500	1	gdnonline.com	https://www.gdnonline.com:443/Details/1398962/Australia-toughens-children%E2%80%99s-social-media-ban-	3	469	608	480	1	40	3139	-1.93798449612403		
1311126377	20260628101500	20260628101500	1	qatar-tribune.com	https://www.qatar-tribune.com/article/241729/latest-news/qatar-strongly-condemns-irans-repeated-attacks-on-bahrain-and-kuwait	4	774	807	783	1	100	886	-6		
1311126378	20260628101500	20260628101500	1	freebeacon.com	https://freebeacon.com/national-security/in-the-end-i-was-right-how-a-harvard-historian-helped-reagan-topple-soviet-communism/	7	3411	3259	3461	0	40	9843	-2.44798041615667		
1311115123	20260628080000	20260628101500	1	webindia123.com	https://news.webindia123.com/news/Articles/World/20260628/4468320.html	7	1786	1947	1911	0	10	2964	5.11111111111111		
1311115124	20260628080000	20260628101500	1	webindia123.com	https://news.webindia123.com/news/Articles/World/20260628/4468320.html	7	1786	1947	1911	1	40	2964	5.11111111111111		
1311124070	20260628094500	20260628101500	1	webindia123.com	https://news.webindia123.com/news/Articles/World/20260628/4468376.html	14	3712	3773	3901	0	10	4259	5.71870170015456		
1311124071	20260628094500	20260628101500	1	webindia123.com	https://news.webindia123.com/news/Articles/World/20260628/4468376.html	14	3712	3773	3901	1	20	4259	5.71870170015456		
1311124072	20260628094500	20260628101500	1	webindia123.com	https://news.webindia123.com/news/Articles/World/20260628/4468376.html	14	3712	3787	3915	0	10	4259	5.71870170015456		
1311115125	20260628080000	20260628101500	1	webindia123.com	https://news.webindia123.com/news/Articles/World/20260628/4468320.html	7	1786	1947	1801	1	50	2964	5.11111111111111		
1311115126	20260628080000	20260628101500	1	webindia123.com	https://news.webindia123.com/news/Articles/World/20260628/4468320.html	10	2855	2885	2835	0	20	2964	5.11111111111111		
1311108139	20260628061500	20260628101500	1	webindia123.com	https://news.webindia123.com/news/Articles/World/20260628/4468371.html	9	2634	2619	2658	0	40	2817	6.14657210401891		
1311126379	20260628101500	20260628101500	1	webindia123.com	https://news.webindia123.com/news/Articles/World/20260628/4468376.html	1	113	145	156	0	20	4259	5.71870170015456		
1311097655	20260628030000	20260628101500	1	gazetteseries.co.uk	https://www.gazetteseries.co.uk/news/national/26233959.real-progress-made-defence-spending-plan-week-jarvis-says/	26	6191	6284	6275	1	60	6599	1.4022787028922		
1311097655	20260628030000	20260628101500	1	hampshirechronicle.co.uk	https://www.hampshirechronicle.co.uk/news/national/26233959.real-progress-made-defence-spending-plan-week-jarvis-says/	26	6191	6284	6275	1	60	6599	1.4022787028922		
1311097655	20260628030000	20260628101500	1	times-series.co.uk	https://www.times-series.co.uk/news/national/26233959.real-progress-made-defence-spending-plan-week-jarvis-says/	26	6191	6284	6275	1	60	6599	1.4022787028922		
1311100713	20260628040000	20260628101500	1	queanbeyanage.com.au	https://www.queanbeyanage.com.au/story/9300564/two-firefighters-killed-as-fires-rage-across-western-us/	6	1505	1542	1601	0	40	4258	-3.86266094420601		
1311100713	20260628040000	20260628101500	1	hngnews.com	http://www.hngnews.com/nation_world/3-firefighters-killed-2-injured-while-tackling-wildfires-on-the-colorado-utah-border/article_48af6aaa-c408-5771-8318-e23960fb9001.html	7	1223	1260	1319	0	40	4408	-3.35195530726257		
1311106103	20260628054500	20260628101500	1	universityworldnews.com	https://www.universityworldnews.com/post.php?story=20260624115600905	14	5869	5969	5902	1	100	7633	2.40213523131673		
1311126380	20260628101500	20260628101500	1	spokesman.com	https://www.spokesman.com/stories/2026/jun/28/who-is-your-american-hero-locals-share-their-favor/	20	8557	8700	8604	0	20	9462	2.12628865979381		
1311103221	20260628044500	20260628101500	1	russiaherald.com	http://www.russiaherald.com/news/279152802/lebanese-us-presidents-discuss-israel-lebanon-framework-agreement-hint-at-potential-washington-meet	7	1908	1933	1895	1	60	3981	4.20168067226891		
1311102384	20260628043000	20260628101500	1	queanbeyanage.com.au	https://www.queanbeyanage.com.au/story/9300564/two-firefighters-killed-as-fires-rage-across-western-us/	11	3166	3195	3184	1	100	4258	-3.86266094420601		
1311119254	20260628084500	20260628101500	1	times-series.co.uk	https://www.times-series.co.uk/news/national/26229533.cargo-ship-hit-un-approved-route-strait-hormuz/	14	4122	4104	4118	0	40	6101	-3.61681329423265		
1311119254	20260628084500	20260628101500	1	gazetteseries.co.uk	https://www.gazetteseries.co.uk/news/national/26229533.cargo-ship-hit-un-approved-route-strait-hormuz/	14	4122	4104	4118	0	40	6101	-3.61681329423265		
1311115132	20260628080000	20260628101500	1	russiaherald.com	http://www.russiaherald.com/news/279152802/lebanese-us-presidents-discuss-israel-lebanon-framework-agreement-hint-at-potential-washington-meet	5	1220	1285	1253	0	20	3981	4.20168067226891		
1311115133	20260628080000	20260628101500	1	russiaherald.com	http://www.russiaherald.com/news/279152802/lebanese-us-presidents-discuss-israel-lebanon-framework-agreement-hint-at-potential-washington-meet	5	1220	1274	1242	1	60	3981	4.20168067226891		
1311126381	20260628101500	20260628101500	1	spokesman.com	https://www.spokesman.com/stories/2026/jun/28/get-ready-for-the-fourth-with-a-special-edition-of/	6	1124	1159	1137	0	40	9647	1.00439422473321		
1311126382	20260628101500	20260628101500	1	spokesman.com	https://www.spokesman.com/stories/2026/jun/28/who-is-your-american-hero-locals-share-their-favor/	20	8567	8702	8614	1	20	9462	2.12628865979381		
1311126383	20260628101500	20260628101500	1	spokesman.com	https://www.spokesman.com/stories/2026/jun/28/who-is-your-american-hero-locals-share-their-favor/	20	8576	8732	8623	0	30	9462	2.12628865979381		
1311126384	20260628101500	20260628101500	1	spokesman.com	https://www.spokesman.com/stories/2026/jun/28/get-ready-for-the-fourth-with-a-special-edition-of/	6	1124	1155	1137	1	60	9647	1.00439422473321		
1311126385	20260628101500	20260628101500	1	jpost.com	http://www.jpost.com/defense-and-tech/article-900681	10	2515	2642	2637	1	70	4651	0.13550135501355		
1311108648	20260628060000	20260628101500	1	irishsun.com	http://www.irishsun.com/news/279152800/indian-air-force-c-17s-carry-relief-materials-to-earthquake-hit-venezuela-via-abidjan-under-op-amistad	3	355	457	445	1	100	3884	-1.07719928186714		
1311108648	20260628060000	20260628101500	1	texasguardian.com	http://www.texasguardian.com/news/279152800/indian-air-force-c-17s-carry-relief-materials-to-earthquake-hit-venezuela-via-abidjan-under-op-amistad	3	355	457	445	1	100	3884	-1.07719928186714		
1311108648	20260628060000	20260628101500	1	coloradostar.com	http://www.coloradostar.com/news/279152800/indian-air-force-c-17s-carry-relief-materials-to-earthquake-hit-venezuela-via-abidjan-under-op-amistad	3	355	457	445	1	100	3884	-1.07719928186714		
1311108648	20260628060000	20260628101500	1	venezuelastar.com	http://www.venezuelastar.com/news/279152800/indian-air-force-c-17s-carry-relief-materials-to-earthquake-hit-venezuela-via-abidjan-under-op-amistad	3	355	457	445	1	100	3884	-1.07719928186714		
1311108648	20260628060000	20260628101500	1	russiaherald.com	http://www.russiaherald.com/news/279152800/indian-air-force-c-17s-carry-relief-materials-to-earthquake-hit-venezuela-via-abidjan-under-op-amistad	3	355	457	445	1	100	3884	-1.07719928186714		
1311126386	20260628101500	20260628101500	1	sanews.gov.za	https://www.sanews.gov.za/south-africa/president-ramaphosa-co-chair-unesco-education-meeting-paris	5	701	808	742	1	20	1316	1.54639175257732		
1311115136	20260628080000	20260628101500	1	webindia123.com	https://news.webindia123.com/news/Articles/India/20260628/4468330.html	5	1229	1323	1314	0	20	2046	2.90322580645161		
1311115137	20260628080000	20260628101500	1	webindia123.com	https://news.webindia123.com/news/Articles/India/20260628/4468330.html	5	1239	1349	1340	1	40	2046	2.90322580645161		
1311126387	20260628101500	20260628101500	1	webindia123.com	https://news.webindia123.com/news/Articles/India/20260628/4468383.html	1	83	147	199	0	20	2477	2.91005291005291		
1311126388	20260628101500	20260628101500	1	webindia123.com	https://news.webindia123.com/news/Articles/India/20260628/4468383.html	1	83	125	160	0	20	2477	2.91005291005291		
1311126389	20260628101500	20260628101500	1	webindia123.com	https://news.webindia123.com/news/Articles/India/20260628/4468383.html	1	83	138	181	1	60	2477	2.91005291005291		
1311126390	20260628101500	20260628101500	1	103gbfrocks.com	https://103gbfrocks.com/ixp/463/p/illinois-police-cold-case/	2	335	520	445	1	100	1840	-3.24675324675325		
1311126391	20260628101500	20260628101500	1	103gbfrocks.com	https://103gbfrocks.com/ixp/463/p/illinois-police-cold-case/	2	335	520	433	1	100	1840	-3.24675324675325		
1311126392	20260628101500	20260628101500	1	103gbfrocks.com	https://103gbfrocks.com/ixp/463/p/illinois-police-cold-case/	2	335	516	416	0	10	1840	-3.24675324675325		
1311126393	20260628101500	20260628101500	1	103gbfrocks.com	https://103gbfrocks.com/ixp/463/p/illinois-police-cold-case/	2	335	520	392	1	70	1840	-3.24675324675325		
1311126394	20260628101500	20260628101500	1	103gbfrocks.com	https://103gbfrocks.com/ixp/463/p/illinois-police-cold-case/	2	335	516	416	0	20	1840	-3.24675324675325		
1311126395	20260628101500	20260628101500	1	courant.com	https://www.courant.com/2026/06/28/man-has-been-charged-in-i-95-crash-with-off-duty-officer-he-was-allegedly-parked-in-travel-lane/	11	2715	2618	2640	0	10	5753	-5.31914893617021		
1311124092	20260628094500	20260628101500	1	webindia123.com	https://news.webindia123.com/news/Articles/India/20260628/4468380.html	4	1339	-1	1266	1	80	1594	4.43548387096774		
1311124093	20260628094500	20260628101500	1	webindia123.com	https://news.webindia123.com/news/Articles/India/20260628/4468380.html	4	1303	-1	1243	0	20	1594	4.43548387096774		
1311088131	20260628001500	20260628101500	1	thehindu.com	https://www.thehindu.com/news/cities/Hyderabad/woman-booked-for-attacking-hospital-staff-and-creating-nuisance-at-lb-nagar-private-hospital/article71157311.ece	1	184	-1	244	1	100	1112	-6.03015075376884		
1311126396	20260628101500	20260628101500	1	cbc.ca	https://www.cbc.ca/news/canada/nova-scotia/hiker-rescue-nova-scotia-9.7249768	8	2059	-1	2089	1	100	2233	0.26315789473684		
1311107458	20260628054500	20260628101500	1	spokesman.com	https://www.spokesman.com/stories/2026/jun/28/really-just-get-to-do-the-work-spokane-medical-stu/	2	1524	-1	1551	1	100	3938	1.36570561456753		
1311090851	20260628003000	20260628101500	1	thehindu.com	https://www.thehindu.com/news/cities/Hyderabad/woman-booked-for-attacking-hospital-staff-and-creating-nuisance-at-lb-nagar-private-hospital/article71157311.ece	2	361	-1	376	1	100	1112	-6.03015075376884		
1311114567	20260628073000	20260628101500	1	thehindu.com	https://www.thehindu.com/news/cities/Hyderabad/woman-booked-for-attacking-hospital-staff-and-creating-nuisance-at-lb-nagar-private-hospital/article71157311.ece	4	700	-1	641	1	50	1112	-6.03015075376884		
1311126397	20260628101500	20260628101500	1	dominicanrepublicpost.com	https://dominicanrepublicpost.com/iran-attacks-kuwait-and-bahrain-in-response-to-us-strikes/	9	2037	-1	2087	1	100	4017	-6.38930163447251		
1311126398	20260628101500	20260628101500	1	dominicanrepublicpost.com	https://dominicanrepublicpost.com/iran-attacks-kuwait-and-bahrain-in-response-to-us-strikes/	9	2037	-1	2073	1	100	4017	-6.38930163447251		
1311126399	20260628101500	20260628101500	1	swissinfo.ch	https://www.swissinfo.ch/eng/foreign-affairs/irelands-eu-presidency-to-shape-key-areas-for-switzerland/91663226	18	4181	-1	4205	1	100	5896	1.13250283125708		
1311126400	20260628101500	20260628101500	1	swissinfo.ch	https://www.swissinfo.ch/eng/foreign-affairs/irelands-eu-presidency-to-shape-key-areas-for-switzerland/91663226	17	4050	-1	4080	1	100	5896	1.13250283125708		
1311126401	20260628101500	20260628101500	1	swissinfo.ch	https://www.swissinfo.ch/eng/foreign-affairs/irelands-eu-presidency-to-shape-key-areas-for-switzerland/91663226	3	1339	1291	1307	1	50	5896	1.13250283125708		
1311119264	20260628084500	20260628101500	1	gazetteseries.co.uk	https://www.gazetteseries.co.uk/news/national/26229533.cargo-ship-hit-un-approved-route-strait-hormuz/	14	4158	4120	4116	1	60	6101	-3.61681329423265		
1311120534	20260628090000	20260628101500	1	times-series.co.uk	https://www.times-series.co.uk/news/national/26229533.cargo-ship-hit-un-approved-route-strait-hormuz/	14	4158	4120	4116	1	60	6101	-3.61681329423265		
1311126402	20260628101500	20260628101500	1	universityworldnews.com	https://www.universityworldnews.com/post.php?story=20260627081834145	27	10757	-1	10768	1	30	18280	2.11189329381252		
1311126403	20260628101500	20260628101500	1	universityworldnews.com	https://www.universityworldnews.com/post.php?story=20260627081834145	27	10757	-1	10768	1	30	18280	2.11189329381252		
1311126404	20260628101500	20260628101500	1	universityworldnews.com	https://www.universityworldnews.com/post.php?story=20260627081834145	27	10757	-1	10768	0	40	18280	2.11189329381252		
1311090864	20260628003000	20260628101500	1	gazetteseries.co.uk	https://www.gazetteseries.co.uk/news/26221855.dursley-inner-wheel-welcomes-new-president-jane-ball/	4	409	-1	368	1	50	1998	4.7752808988764		
1311102157	20260628043000	20260628101500	1	webindia123.com	https://news.webindia123.com/news/Articles/Entertainment/20260628/4468369.html	6	1120	-1	1108	1	40	1818	-3.03030303030303		
1311126405	20260628101500	20260628101500	1	webindia123.com	https://news.webindia123.com/news/Articles/Entertainment/20260628/4468369.html	6	1112	-1	1100	0	20	1818	-3.03030303030303		
1311115160	20260628080000	20260628101500	1	webindia123.com	https://news.webindia123.com/news/Articles/World/20260628/4468320.html	9	2427	-1	2470	1	50	2964	5.11111111111111		
1311126406	20260628101500	20260628101500	1	thehindu.com	https://www.thehindu.com/news/national/tamil-nadu/nadigar-sangam-elections-case-madras-high-court-to-pass-orders-on-july-1-2026/article71157328.ece	2	735	801	788	0	20	2777	-1.72043010752688		
1311115165	20260628080000	20260628101500	1	webindia123.com	https://news.webindia123.com/news/Articles/India/20260628/4468330.html	5	1323	1229	1314	0	40	2046	2.90322580645161		
1311115166	20260628080000	20260628101500	1	webindia123.com	https://news.webindia123.com/news/Articles/India/20260628/4468330.html	5	1349	1239	1340	1	20	2046	2.90322580645161		
1311115169	20260628080000	20260628101500	1	webindia123.com	https://news.webindia123.com/news/Articles/India/20260628/4468330.html	6	1461	1431	1373	1	100	2046	2.90322580645161		
1311126407	20260628101500	20260628101500	1	moneylife.in	https://moneylife.in/article/a-national-judicial-reforms-commission-a-proposal-india-cannot-afford-to-ignore/80908.html	24	8769	8788	8851	0	20	11543	-3.08924485125858		
1311126408	20260628101500	20260628101500	1	moneylife.in	https://moneylife.in/article/a-national-judicial-reforms-commission-a-proposal-india-cannot-afford-to-ignore/80908.html	24	8769	8788	8831	0	20	11543	-3.08924485125858		
1311098391	20260628031500	20260628101500	1	webindia123.com	https://news.webindia123.com/news/Articles/India/20260628/4468315.html	4	1270	1169	1157	1	60	2447	-1.55844155844156		
1311098391	20260628031500	20260628101500	1	asiabulletin.com	http://www.asiabulletin.com/news/279152914/trinamool-mp-dola-sen-seeks-fir-against-rebel-group-over-criminal-impersonation-forgery	4	1260	1159	1147	1	60	2480	-0.77720207253886		
1311126409	20260628101500	20260628101500	1	indiatimes.com	https://timesofindia.indiatimes.com/city/lucknow/female-cadet-pilot-injured-after-being-struck-by-running-propeller-during-deboarding-in-kanpur-fto/articleshow/132048614.cms	12	3522	-1	3428	0	20	4303	-0.14450867052023		
1311126410	20260628101500	20260628101500	1	indiatimes.com	https://timesofindia.indiatimes.com/city/lucknow/female-cadet-pilot-injured-after-being-struck-by-running-propeller-during-deboarding-in-kanpur-fto/articleshow/132048614.cms	12	3522	-1	3428	1	40	4303	-0.14450867052023		
1311126411	20260628101500	20260628101500	1	thehindu.com	https://www.thehindu.com/news/national/tamil-nadu/nadigar-sangam-elections-case-madras-high-court-to-pass-orders-on-july-1-2026/article71157328.ece	2	735	783	774	1	20	2777	-1.72043010752688		
1311115176	20260628080000	20260628101500	1	webindia123.com	https://news.webindia123.com/news/Articles/India/20260628/4468330.html	6	1431	1461	1373	1	100	2046	2.90322580645161		
1311126412	20260628101500	20260628101500	1	moneylife.in	https://moneylife.in/article/a-national-judicial-reforms-commission-a-proposal-india-cannot-afford-to-ignore/80908.html	24	8769	8787	8837	1	20	11543	-3.08924485125858		
1311126413	20260628101500	20260628101500	1	moneylife.in	https://moneylife.in/article/a-national-judicial-reforms-commission-a-proposal-india-cannot-afford-to-ignore/80908.html	24	8769	8787	8817	1	20	11543	-3.08924485125858		
1311126414	20260628101500	20260628101500	1	donegalnews.com	https://donegalnews.com/after-the-heat-back-to-a-wet-week-ahead-for-donegal2/	5	1206	-1	1124	0	20	2261	-2.20385674931129		
1311126415	20260628101500	20260628101500	1	swissinfo.ch	https://www.swissinfo.ch/eng/foreign-affairs/irelands-eu-presidency-to-shape-key-areas-for-switzerland/91663226	19	4414	-1	4454	1	100	5896	1.13250283125708		
1311126416	20260628101500	20260628101500	1	swissinfo.ch	https://www.swissinfo.ch/eng/foreign-affairs/irelands-eu-presidency-to-shape-key-areas-for-switzerland/91663226	19	4414	-1	4487	0	20	5896	1.13250283125708		
1311126417	20260628101500	20260628101500	1	swissinfo.ch	https://www.swissinfo.ch/eng/foreign-affairs/irelands-eu-presidency-to-shape-key-areas-for-switzerland/91663226	19	4414	-1	4487	1	80	5896	1.13250283125708		
1311114059	20260628074500	20260628101500	1	irishsun.com	http://www.irishsun.com/news/279152776/somali-immigrant-detained-after-car-plows-into-london-shoppers	4	484	395	441	0	60	2219	-12.1037463976945		
1311114059	20260628074500	20260628101500	1	irishsun.com	http://www.irishsun.com/news/279152617/somalian-immigrant-detained-after-car-ploughs-into-london-shoppers	4	487	398	444	0	60	2218	-12.1037463976945		
1311126418	20260628101500	20260628101500	1	swissinfo.ch	https://www.swissinfo.ch/eng/foreign-affairs/irelands-eu-presidency-to-shape-key-areas-for-switzerland/91663226	1	329	347	359	1	50	5896	1.13250283125708		
1311126419	20260628101500	20260628101500	1	swissinfo.ch	https://www.swissinfo.ch/eng/foreign-affairs/irelands-eu-presidency-to-shape-key-areas-for-switzerland/91663226	1	329	368	377	0	20	5896	1.13250283125708		
1311088784	20260628000000	20260628101500	1	dominicanrepublicpost.com	https://dominicanrepublicpost.com/iran-attacks-kuwait-and-bahrain-in-response-to-us-strikes/	14	3459	-1	3469	1	100	4017	-6.38930163447251		
1311090059	20260628004500	20260628101500	1	gdnonline.com	https://www.gdnonline.com:443/Details/1398959/DAMN-THOSE-DRONES-US-forces-carry-out-fresh-strikes-after-a-Panama-flagged-tanker-was-attacked-by-an-Iranian-drone	20	3437	-1	3450	1	100	3551	-4.69798657718121		
1311089310	20260628003000	20260628101500	1	gdnonline.com	https://www.gdnonline.com:443/Details/1398959/DAMN-THOSE-DRONES-US-forces-carry-out-fresh-strikes-after-a-Panama-flagged-tanker-was-attacked-by-an-Iranian-drone	5	745	-1	772	1	50	3551	-4.69798657718121		
1311089835	20260628001500	20260628101500	1	russiaherald.com	http://www.russiaherald.com/news/279153008/iran-us-trade-blame-as-attacks-resume-despite-fragile-truce	14	2417	-1	2444	1	50	4646	-8.26330532212885		
1311089835	20260628001500	20260628101500	1	rferl.org	https://www.rferl.org/a/iran-us-hormuz-cease-fire-violation-kuwait-bahrain-trump/33790546.html	12	2253	-1	2280	1	50	4109	-7.89889415481832		
1311089835	20260628001500	20260628101500	1	irishsun.com	http://www.irishsun.com/news/279153008/iran-us-trade-blame-as-attacks-resume-despite-fragile-truce	14	2417	-1	2444	1	50	4646	-8.26330532212885		
1311087098	20260628000000	20260628101500	1	gdnonline.com	https://www.gdnonline.com:443/Details/1398959/DAMN-THOSE-DRONES-US-forces-carry-out-fresh-strikes-after-a-Panama-flagged-tanker-was-attacked-by-an-Iranian-drone	21	3507	-1	3512	1	100	3551	-4.69798657718121		
1311126420	20260628101500	20260628101500	1	spokesman.com	https://www.spokesman.com/stories/2026/jun/28/inland-nw-republicans-lukewarm-on-us-iran-deal-but/	5	1201	-1	1228	0	20	7444	-2.49597423510467		
1311126421	20260628101500	20260628101500	1	spokesman.com	https://www.spokesman.com/stories/2026/jun/28/inland-nw-republicans-lukewarm-on-us-iran-deal-but/	5	1201	-1	1228	1	80	7444	-2.49597423510467		
1311088149	20260628001500	20260628101500	1	gdnonline.com	https://www.gdnonline.com:443/Details/1398959/DAMN-THOSE-DRONES-US-forces-carry-out-fresh-strikes-after-a-Panama-flagged-tanker-was-attacked-by-an-Iranian-drone	20	3437	-1	3430	1	100	3551	-4.69798657718121		
1311089838	20260628001500	20260628101500	1	russiaherald.com	http://www.russiaherald.com/news/279153008/iran-us-trade-blame-as-attacks-resume-despite-fragile-truce	16	2641	-1	2646	0	20	4646	-8.26330532212885		
1311089838	20260628001500	20260628101500	1	rferl.org	https://www.rferl.org/a/iran-us-hormuz-cease-fire-violation-kuwait-bahrain-trump/33790546.html	14	2477	-1	2482	0	20	4109	-7.89889415481832		
1311089838	20260628001500	20260628101500	1	irishsun.com	http://www.irishsun.com/news/279153008/iran-us-trade-blame-as-attacks-resume-despite-fragile-truce	16	2641	-1	2646	0	20	4646	-8.26330532212885		
1311107700	20260628054500	20260628101500	1	spokesman.com	https://www.spokesman.com/stories/2026/jun/28/inland-nw-republicans-lukewarm-on-us-iran-deal-but/	6	1377	-1	1390	1	50	7444	-2.49597423510467		
1311088151	20260628001500	20260628101500	1	irishsun.com	http://www.irishsun.com/news/279153008/iran-us-trade-blame-as-attacks-resume-despite-fragile-truce	16	2641	-1	2672	0	20	4646	-8.26330532212885		
1311088151	20260628001500	20260628101500	1	russiaherald.com	http://www.russiaherald.com/news/279153008/iran-us-trade-blame-as-attacks-resume-despite-fragile-truce	16	2641	-1	2672	0	20	4646	-8.26330532212885		
1311088151	20260628001500	20260628101500	1	rferl.org	https://www.rferl.org/a/iran-us-hormuz-cease-fire-violation-kuwait-bahrain-trump/33790546.html	14	2477	-1	2508	0	20	4109	-7.89889415481832		
1311089312	20260628003000	20260628101500	1	gdnonline.com	https://www.gdnonline.com:443/Details/1398959/DAMN-THOSE-DRONES-US-forces-carry-out-fresh-strikes-after-a-Panama-flagged-tanker-was-attacked-by-an-Iranian-drone	13	1912	-1	1947	0	20	3551	-4.69798657718121		
1311126422	20260628101500	20260628101500	1	gdnonline.com	https://www.gdnonline.com:443/Details/1398959/DAMN-THOSE-DRONES-US-forces-carry-out-fresh-strikes-after-a-Panama-flagged-tanker-was-attacked-by-an-Iranian-drone	13	1912	-1	1947	1	80	3551	-4.69798657718121		
1311119305	20260628084500	20260628101500	1	gazetteseries.co.uk	https://www.gazetteseries.co.uk/news/national/26234458.iran-launches-missile-attacks-bahrain-kuwait-us-air-strikes/	1	0	33	22	1	80	4182	-4.09604519774012		
1311119305	20260628084500	20260628101500	1	gazetteherald.co.uk	https://www.gazetteherald.co.uk/news/national/26234458.iran-launches-missile-attacks-bahrain-kuwait-us-air-strikes/	1	0	33	22	1	80	4182	-4.09604519774012		
1311119305	20260628084500	20260628101500	1	theargus.co.uk	https://www.theargus.co.uk/news/national/26234458.iran-launches-missile-attacks-bahrain-kuwait-us-air-strikes/	1	0	33	22	1	80	4182	-4.09604519774012		
1311119305	20260628084500	20260628101500	1	times-series.co.uk	https://www.times-series.co.uk/news/national/26234458.iran-launches-missile-attacks-bahrain-kuwait-us-air-strikes/	1	0	33	22	1	80	4182	-4.09604519774012		
1311119305	20260628084500	20260628101500	1	chesterstandard.co.uk	https://www.chesterstandard.co.uk/news/national/26234458.iran-launches-missile-attacks-bahrain-kuwait-us-air-strikes/	1	0	33	22	1	80	4182	-4.09604519774012		
1311119306	20260628084500	20260628101500	1	chesterstandard.co.uk	https://www.chesterstandard.co.uk/news/national/26234458.iran-launches-missile-attacks-bahrain-kuwait-us-air-strikes/	1	0	33	22	0	20	4182	-4.09604519774012		
1311119306	20260628084500	20260628101500	1	gazetteherald.co.uk	https://www.gazetteherald.co.uk/news/national/26234458.iran-launches-missile-attacks-bahrain-kuwait-us-air-strikes/	1	0	33	22	0	20	4182	-4.09604519774012		
1311119306	20260628084500	20260628101500	1	theargus.co.uk	https://www.theargus.co.uk/news/national/26234458.iran-launches-missile-attacks-bahrain-kuwait-us-air-strikes/	1	0	33	22	0	20	4182	-4.09604519774012		
1311119306	20260628084500	20260628101500	1	times-series.co.uk	https://www.times-series.co.uk/news/national/26234458.iran-launches-missile-attacks-bahrain-kuwait-us-air-strikes/	1	0	33	22	0	20	4182	-4.09604519774012		
1311119306	20260628084500	20260628101500	1	gazetteseries.co.uk	https://www.gazetteseries.co.uk/news/national/26234458.iran-launches-missile-attacks-bahrain-kuwait-us-air-strikes/	1	0	33	22	0	20	4182	-4.09604519774012		
1311119307	20260628084500	20260628101500	1	theargus.co.uk	https://www.theargus.co.uk/news/national/26234458.iran-launches-missile-attacks-bahrain-kuwait-us-air-strikes/	1	0	33	5	1	100	4182	-4.09604519774012		
1311119307	20260628084500	20260628101500	1	gazetteherald.co.uk	https://www.gazetteherald.co.uk/news/national/26234458.iran-launches-missile-attacks-bahrain-kuwait-us-air-strikes/	1	0	33	5	1	100	4182	-4.09604519774012		
1311119307	20260628084500	20260628101500	1	times-series.co.uk	https://www.times-series.co.uk/news/national/26234458.iran-launches-missile-attacks-bahrain-kuwait-us-air-strikes/	1	0	33	5	1	100	4182	-4.09604519774012		
1311119307	20260628084500	20260628101500	1	chesterstandard.co.uk	https://www.chesterstandard.co.uk/news/national/26234458.iran-launches-missile-attacks-bahrain-kuwait-us-air-strikes/	1	0	33	5	1	100	4182	-4.09604519774012		
1311119307	20260628084500	20260628101500	1	gazetteseries.co.uk	https://www.gazetteseries.co.uk/news/national/26234458.iran-launches-missile-attacks-bahrain-kuwait-us-air-strikes/	1	0	33	5	1	100	4182	-4.09604519774012		
1311096315	20260628023000	20260628101500	1	spokesman.com	https://www.spokesman.com/stories/2026/jun/28/inland-nw-republicans-lukewarm-on-us-iran-deal-but/	3	694	710	699	1	50	7444	-2.49597423510467		
1311126423	20260628101500	20260628101500	1	dominicanrepublicpost.com	https://dominicanrepublicpost.com/iran-attacks-kuwait-and-bahrain-in-response-to-us-strikes/	15	3606	3677	3658	0	20	4017	-6.38930163447251		
1311126424	20260628101500	20260628101500	1	dominicanrepublicpost.com	https://dominicanrepublicpost.com/iran-attacks-kuwait-and-bahrain-in-response-to-us-strikes/	15	3606	3677	3658	0	20	4017	-6.38930163447251		
1311126425	20260628101500	20260628101500	1	dominicanrepublicpost.com	https://dominicanrepublicpost.com/iran-attacks-kuwait-and-bahrain-in-response-to-us-strikes/	15	3606	3677	3658	1	60	4017	-6.38930163447251		
1311092292	20260628011500	20260628101500	1	gdnonline.com	https://www.gdnonline.com:443/Details/1398959/DAMN-THOSE-DRONES-US-forces-carry-out-fresh-strikes-after-a-Panama-flagged-tanker-was-attacked-by-an-Iranian-drone	6	923	1012	1044	0	20	3551	-4.69798657718121		
1311092293	20260628011500	20260628101500	1	gdnonline.com	https://www.gdnonline.com:443/Details/1398959/DAMN-THOSE-DRONES-US-forces-carry-out-fresh-strikes-after-a-Panama-flagged-tanker-was-attacked-by-an-Iranian-drone	6	923	1012	869	0	20	3551	-4.69798657718121		
1311125232	20260628100000	20260628101500	1	russiaherald.com	http://www.russiaherald.com/news/279153008/iran-us-trade-blame-as-attacks-resume-despite-fragile-truce	8	1338	-1	1384	1	60	4646	-8.26330532212885		
1311125232	20260628100000	20260628101500	1	irishsun.com	http://www.irishsun.com/news/279153008/iran-us-trade-blame-as-attacks-resume-despite-fragile-truce	8	1338	-1	1384	1	60	4646	-8.26330532212885		
1311126426	20260628101500	20260628101500	1	rferl.org	https://www.rferl.org/a/iran-us-hormuz-cease-fire-violation-kuwait-bahrain-trump/33790546.html	7	1256	-1	1301	0	20	4109	-7.89889415481832		
1311126427	20260628101500	20260628101500	1	rferl.org	https://www.rferl.org/a/iran-us-hormuz-cease-fire-violation-kuwait-bahrain-trump/33790546.html	7	1256	-1	1301	1	80	4109	-7.89889415481832		
1311125233	20260628100000	20260628101500	1	irishsun.com	http://www.irishsun.com/news/279153008/iran-us-trade-blame-as-attacks-resume-despite-fragile-truce	8	1338	-1	1384	0	40	4646	-8.26330532212885		
1311125233	20260628100000	20260628101500	1	russiaherald.com	http://www.russiaherald.com/news/279153008/iran-us-trade-blame-as-attacks-resume-despite-fragile-truce	8	1338	-1	1384	0	40	4646	-8.26330532212885		
1311126428	20260628101500	20260628101500	1	jpost.com	http://www.jpost.com/middle-east/iran-news/article-900685	2	224	275	266	0	40	2059	-4.34782608695652		
1311126428	20260628101500	20260628101500	1	jpost.com	https://www.jpost.com/middle-east/iran-news/article-900685	2	224	275	266	0	40	2059	-4.34782608695652		
1311126429	20260628101500	20260628101500	1	jpost.com	https://www.jpost.com/middle-east/iran-news/article-900685	2	239	296	281	0	40	2059	-4.34782608695652		
1311126429	20260628101500	20260628101500	1	jpost.com	http://www.jpost.com/middle-east/iran-news/article-900685	2	239	296	281	0	40	2059	-4.34782608695652		
1311126430	20260628101500	20260628101500	1	jpost.com	http://www.jpost.com/israel-news/defense-news/article-900701	12	2322	2432	-1	0	10	5490	-3.45596432552954		
1311126431	20260628101500	20260628101500	1	jpost.com	http://www.jpost.com/israel-news/defense-news/article-900701	12	2322	2432	-1	0	10	5490	-3.45596432552954		
1311126432	20260628101500	20260628101500	1	chesterstandard.co.uk	https://www.chesterstandard.co.uk/news/26234504.bristol-airport-named-among-uks-worst-flight-delays/	1	217	204	141	1	100	3324	-5.92885375494071		
1311119313	20260628084500	20260628101500	1	gazetteseries.co.uk	https://www.gazetteseries.co.uk/news/national/26229533.cargo-ship-hit-un-approved-route-strait-hormuz/	8	2115	2164	2171	0	20	6101	-3.61681329423265		
1311119314	20260628084500	20260628101500	1	gazetteseries.co.uk	https://www.gazetteseries.co.uk/news/national/26229533.cargo-ship-hit-un-approved-route-strait-hormuz/	8	2115	2164	2171	1	80	6101	-3.61681329423265		
1311103256	20260628044500	20260628101500	1	times-series.co.uk	https://www.times-series.co.uk/news/national/26229533.cargo-ship-hit-un-approved-route-strait-hormuz/	8	2115	2164	2171	0	20	6101	-3.61681329423265		
1311102871	20260628041500	20260628101500	1	times-series.co.uk	https://www.times-series.co.uk/news/national/26229533.cargo-ship-hit-un-approved-route-strait-hormuz/	8	2115	2164	2171	1	80	6101	-3.61681329423265		
1311126433	20260628101500	20260628101500	1	jpost.com	https://www.jpost.com/middle-east/iran-news/article-900685	2	224	296	121	0	80	2059	-4.34782608695652		
1311126433	20260628101500	20260628101500	1	jpost.com	http://www.jpost.com/middle-east/iran-news/article-900685	2	224	296	121	0	80	2059	-4.34782608695652		
1311126434	20260628101500	20260628101500	1	jpost.com	https://www.jpost.com/middle-east/iran-news/article-900685	2	224	279	270	1	20	2059	-4.34782608695652		
1311126434	20260628101500	20260628101500	1	jpost.com	http://www.jpost.com/middle-east/iran-news/article-900685	2	224	279	270	1	20	2059	-4.34782608695652		
1311126435	20260628101500	20260628101500	1	jpost.com	https://www.jpost.com/middle-east/iran-news/article-900685	2	224	279	121	1	20	2059	-4.34782608695652		
1311126435	20260628101500	20260628101500	1	jpost.com	http://www.jpost.com/middle-east/iran-news/article-900685	2	224	279	121	1	20	2059	-4.34782608695652		
1311119315	20260628084500	20260628101500	1	chesterstandard.co.uk	https://www.chesterstandard.co.uk/news/national/26234458.iran-launches-missile-attacks-bahrain-kuwait-us-air-strikes/	1	0	45	22	0	20	4182	-4.09604519774012		
1311119315	20260628084500	20260628101500	1	gazetteherald.co.uk	https://www.gazetteherald.co.uk/news/national/26234458.iran-launches-missile-attacks-bahrain-kuwait-us-air-strikes/	1	0	45	22	0	20	4182	-4.09604519774012		
1311119315	20260628084500	20260628101500	1	theargus.co.uk	https://www.theargus.co.uk/news/national/26234458.iran-launches-missile-attacks-bahrain-kuwait-us-air-strikes/	1	0	45	22	0	20	4182	-4.09604519774012		
1311119315	20260628084500	20260628101500	1	times-series.co.uk	https://www.times-series.co.uk/news/national/26234458.iran-launches-missile-attacks-bahrain-kuwait-us-air-strikes/	1	0	45	22	0	20	4182	-4.09604519774012		
1311119315	20260628084500	20260628101500	1	gazetteseries.co.uk	https://www.gazetteseries.co.uk/news/national/26234458.iran-launches-missile-attacks-bahrain-kuwait-us-air-strikes/	1	0	45	22	0	20	4182	-4.09604519774012		
1311119316	20260628084500	20260628101500	1	times-series.co.uk	https://www.times-series.co.uk/news/national/26234458.iran-launches-missile-attacks-bahrain-kuwait-us-air-strikes/	1	0	45	22	1	80	4182	-4.09604519774012		
1311119316	20260628084500	20260628101500	1	theargus.co.uk	https://www.theargus.co.uk/news/national/26234458.iran-launches-missile-attacks-bahrain-kuwait-us-air-strikes/	1	0	45	22	1	80	4182	-4.09604519774012		
1311119316	20260628084500	20260628101500	1	gazetteherald.co.uk	https://www.gazetteherald.co.uk/news/national/26234458.iran-launches-missile-attacks-bahrain-kuwait-us-air-strikes/	1	0	45	22	1	80	4182	-4.09604519774012		
1311119316	20260628084500	20260628101500	1	chesterstandard.co.uk	https://www.chesterstandard.co.uk/news/national/26234458.iran-launches-missile-attacks-bahrain-kuwait-us-air-strikes/	1	0	45	22	1	80	4182	-4.09604519774012		
1311119316	20260628084500	20260628101500	1	gazetteseries.co.uk	https://www.gazetteseries.co.uk/news/national/26234458.iran-launches-missile-attacks-bahrain-kuwait-us-air-strikes/	1	0	45	22	1	80	4182	-4.09604519774012		
1311119317	20260628084500	20260628101500	1	chesterstandard.co.uk	https://www.chesterstandard.co.uk/news/national/26234458.iran-launches-missile-attacks-bahrain-kuwait-us-air-strikes/	1	0	45	5	0	20	4182	-4.09604519774012		
1311119317	20260628084500	20260628101500	1	times-series.co.uk	https://www.times-series.co.uk/news/national/26234458.iran-launches-missile-attacks-bahrain-kuwait-us-air-strikes/	1	0	45	5	0	20	4182	-4.09604519774012		
1311119317	20260628084500	20260628101500	1	gazetteherald.co.uk	https://www.gazetteherald.co.uk/news/national/26234458.iran-launches-missile-attacks-bahrain-kuwait-us-air-strikes/	1	0	45	5	0	20	4182	-4.09604519774012		
1311119317	20260628084500	20260628101500	1	theargus.co.uk	https://www.theargus.co.uk/news/national/26234458.iran-launches-missile-attacks-bahrain-kuwait-us-air-strikes/	1	0	45	5	0	20	4182	-4.09604519774012		
1311119317	20260628084500	20260628101500	1	gazetteseries.co.uk	https://www.gazetteseries.co.uk/news/national/26234458.iran-launches-missile-attacks-bahrain-kuwait-us-air-strikes/	1	0	45	5	0	20	4182	-4.09604519774012		
1311110934	20260628070000	20260628101500	1	chesterstandard.co.uk	https://www.chesterstandard.co.uk/news/national/26234458.iran-launches-missile-attacks-bahrain-kuwait-us-air-strikes/	1	0	45	5	1	80	4182	-4.09604519774012		
1311110934	20260628070000	20260628101500	1	gazetteherald.co.uk	https://www.gazetteherald.co.uk/news/national/26234458.iran-launches-missile-attacks-bahrain-kuwait-us-air-strikes/	1	0	45	5	1	80	4182	-4.09604519774012		
1311110934	20260628070000	20260628101500	1	theargus.co.uk	https://www.theargus.co.uk/news/national/26234458.iran-launches-missile-attacks-bahrain-kuwait-us-air-strikes/	1	0	45	5	1	80	4182	-4.09604519774012		
1311110934	20260628070000	20260628101500	1	times-series.co.uk	https://www.times-series.co.uk/news/national/26234458.iran-launches-missile-attacks-bahrain-kuwait-us-air-strikes/	1	0	45	5	1	80	4182	-4.09604519774012		
1311110934	20260628070000	20260628101500	1	gazetteseries.co.uk	https://www.gazetteseries.co.uk/news/national/26234458.iran-launches-missile-attacks-bahrain-kuwait-us-air-strikes/	1	0	45	5	1	80	4182	-4.09604519774012		
1311126436	20260628101500	20260628101500	1	jpost.com	http://www.jpost.com/opinion/article-900704	18	3712	3742	3685	1	40	3963	0.289855072463761		
1311126437	20260628101500	20260628101500	1	jpost.com	http://www.jpost.com/opinion/article-900704	18	3712	3756	3685	0	10	3963	0.289855072463761		
1311119321	20260628084500	20260628101500	1	gazetteseries.co.uk	https://www.gazetteseries.co.uk/news/national/26229533.cargo-ship-hit-un-approved-route-strait-hormuz/	6	1500	1473	1461	1	60	6101	-3.61681329423265		
1311120552	20260628090000	20260628101500	1	times-series.co.uk	https://www.times-series.co.uk/news/national/26229533.cargo-ship-hit-un-approved-route-strait-hormuz/	6	1500	1473	1461	1	60	6101	-3.61681329423265		
1311119322	20260628084500	20260628101500	1	gazetteseries.co.uk	https://www.gazetteseries.co.uk/news/national/26229533.cargo-ship-hit-un-approved-route-strait-hormuz/	6	1500	1473	1461	0	20	6101	-3.61681329423265		
1311119322	20260628084500	20260628101500	1	times-series.co.uk	https://www.times-series.co.uk/news/national/26229533.cargo-ship-hit-un-approved-route-strait-hormuz/	6	1500	1473	1461	0	20	6101	-3.61681329423265		
1311119323	20260628084500	20260628101500	1	times-series.co.uk	https://www.times-series.co.uk/news/national/26229533.cargo-ship-hit-un-approved-route-strait-hormuz/	6	1500	1473	1461	0	20	6101	-3.61681329423265		
1311119323	20260628084500	20260628101500	1	gazetteseries.co.uk	https://www.gazetteseries.co.uk/news/national/26229533.cargo-ship-hit-un-approved-route-strait-hormuz/	6	1500	1473	1461	0	20	6101	-3.61681329423265		
1311126438	20260628101500	20260628101500	1	jpost.com	http://www.jpost.com/israel-news/defense-news/article-900701	1	10	59	15	0	10	5490	-3.45596432552954		
1311126439	20260628101500	20260628101500	1	jpost.com	http://www.jpost.com/israel-news/defense-news/article-900701	1	27	55	21	0	10	5490	-3.45596432552954		
1311126440	20260628101500	20260628101500	1	jpost.com	http://www.jpost.com/israel-news/defense-news/article-900701	1	27	55	21	1	20	5490	-3.45596432552954		
1311126441	20260628101500	20260628101500	1	jpost.com	http://www.jpost.com/israel-news/defense-news/article-900701	1	24	63	29	0	10	5490	-3.45596432552954		
1311102408	20260628043000	20260628101500	1	gdnonline.com	https://www.gdnonline.com:443/Details/1398959/DAMN-THOSE-DRONES-US-forces-carry-out-fresh-strikes-after-a-Panama-flagged-tanker-was-attacked-by-an-Iranian-drone	1	116	75	101	1	100	3551	-4.69798657718121		
1311126442	20260628101500	20260628101500	1	dominicanrepublicpost.com	https://dominicanrepublicpost.com/iran-attacks-kuwait-and-bahrain-in-response-to-us-strikes/	16	3709	3741	3736	0	40	4017	-6.38930163447251		
1311119334	20260628084500	20260628101500	1	gazetteseries.co.uk	https://www.gazetteseries.co.uk/news/national/26229533.cargo-ship-hit-un-approved-route-strait-hormuz/	1	404	465	450	1	80	6101	-3.61681329423265		
1311119334	20260628084500	20260628101500	1	times-series.co.uk	https://www.times-series.co.uk/news/national/26229533.cargo-ship-hit-un-approved-route-strait-hormuz/	1	404	465	450	1	80	6101	-3.61681329423265		
1311119335	20260628084500	20260628101500	1	times-series.co.uk	https://www.times-series.co.uk/news/national/26229533.cargo-ship-hit-un-approved-route-strait-hormuz/	1	404	465	450	0	20	6101	-3.61681329423265		
1311119335	20260628084500	20260628101500	1	gazetteseries.co.uk	https://www.gazetteseries.co.uk/news/national/26229533.cargo-ship-hit-un-approved-route-strait-hormuz/	1	404	465	450	0	20	6101	-3.61681329423265		
1311088819	20260628000000	20260628101500	1	irishsun.com	http://www.irishsun.com/news/279153008/iran-us-trade-blame-as-attacks-resume-despite-fragile-truce	21	3484	3497	3527	0	20	4646	-8.26330532212885		
1311088819	20260628000000	20260628101500	1	russiaherald.com	http://www.russiaherald.com/news/279153008/iran-us-trade-blame-as-attacks-resume-despite-fragile-truce	21	3484	3497	3527	0	20	4646	-8.26330532212885		
1311088819	20260628000000	20260628101500	1	rferl.org	https://www.rferl.org/a/iran-us-hormuz-cease-fire-violation-kuwait-bahrain-trump/33790546.html	19	3249	3262	3292	0	20	4109	-7.89889415481832		
1311100741	20260628040000	20260628101500	1	russiaherald.com	http://www.russiaherald.com/news/279153008/iran-us-trade-blame-as-attacks-resume-despite-fragile-truce	21	3484	3497	3527	0	10	4646	-8.26330532212885		
1311100741	20260628040000	20260628101500	1	rferl.org	https://www.rferl.org/a/iran-us-hormuz-cease-fire-violation-kuwait-bahrain-trump/33790546.html	19	3249	3262	3292	0	10	4109	-7.89889415481832		
1311100741	20260628040000	20260628101500	1	irishsun.com	http://www.irishsun.com/news/279153008/iran-us-trade-blame-as-attacks-resume-despite-fragile-truce	21	3484	3497	3527	0	10	4646	-8.26330532212885		
1311088180	20260628001500	20260628101500	1	russiaherald.com	http://www.russiaherald.com/news/279153008/iran-us-trade-blame-as-attacks-resume-despite-fragile-truce	21	3484	3497	3527	1	40	4646	-8.26330532212885		
1311088180	20260628001500	20260628101500	1	rferl.org	https://www.rferl.org/a/iran-us-hormuz-cease-fire-violation-kuwait-bahrain-trump/33790546.html	19	3249	3262	3292	1	40	4109	-7.89889415481832		
1311088180	20260628001500	20260628101500	1	irishsun.com	http://www.irishsun.com/news/279153008/iran-us-trade-blame-as-attacks-resume-despite-fragile-truce	21	3484	3497	3527	1	40	4646	-8.26330532212885		
1311125249	20260628100000	20260628101500	1	irishsun.com	http://www.irishsun.com/news/279153008/iran-us-trade-blame-as-attacks-resume-despite-fragile-truce	9	1502	1660	1544	0	10	4646	-8.26330532212885		
1311125249	20260628100000	20260628101500	1	russiaherald.com	http://www.russiaherald.com/news/279153008/iran-us-trade-blame-as-attacks-resume-despite-fragile-truce	9	1502	1660	1544	0	10	4646	-8.26330532212885		
1311125249	20260628100000	20260628101500	1	rferl.org	https://www.rferl.org/a/iran-us-hormuz-cease-fire-violation-kuwait-bahrain-trump/33790546.html	8	1419	1577	1461	0	10	4109	-7.89889415481832		
1311099207	20260628033000	20260628101500	1	russiaherald.com	http://www.russiaherald.com/news/279153008/iran-us-trade-blame-as-attacks-resume-despite-fragile-truce	9	1502	1660	1544	0	10	4646	-8.26330532212885		
1311099207	20260628033000	20260628101500	1	rferl.org	https://www.rferl.org/a/iran-us-hormuz-cease-fire-violation-kuwait-bahrain-trump/33790546.html	8	1419	1577	1461	0	10	4109	-7.89889415481832		
1311099207	20260628033000	20260628101500	1	irishsun.com	http://www.irishsun.com/news/279153008/iran-us-trade-blame-as-attacks-resume-despite-fragile-truce	9	1502	1660	1544	0	10	4646	-8.26330532212885		
1311098846	20260628030000	20260628101500	1	rferl.org	https://www.rferl.org/a/iran-us-hormuz-cease-fire-violation-kuwait-bahrain-trump/33790546.html	10	1849	1912	1999	0	10	4109	-7.89889415481832		
1311098846	20260628030000	20260628101500	1	russiaherald.com	http://www.russiaherald.com/news/279153008/iran-us-trade-blame-as-attacks-resume-despite-fragile-truce	11	1932	1995	2082	0	10	4646	-8.26330532212885		
1311098846	20260628030000	20260628101500	1	irishsun.com	http://www.irishsun.com/news/279153008/iran-us-trade-blame-as-attacks-resume-despite-fragile-truce	11	1932	1995	2082	0	10	4646	-8.26330532212885		
1311095108	20260628014500	20260628101500	1	irishsun.com	http://www.irishsun.com/news/279153008/iran-us-trade-blame-as-attacks-resume-despite-fragile-truce	11	1932	1995	2082	0	10	4646	-8.26330532212885		
1311095108	20260628014500	20260628101500	1	russiaherald.com	http://www.russiaherald.com/news/279153008/iran-us-trade-blame-as-attacks-resume-despite-fragile-truce	11	1932	1995	2082	0	10	4646	-8.26330532212885		
1311095108	20260628014500	20260628101500	1	rferl.org	https://www.rferl.org/a/iran-us-hormuz-cease-fire-violation-kuwait-bahrain-trump/33790546.html	10	1849	1912	1999	0	10	4109	-7.89889415481832		
1311126443	20260628101500	20260628101500	1	spokesman.com	https://www.spokesman.com/stories/2026/jun/28/inland-nw-republicans-lukewarm-on-us-iran-deal-but/	22	6481	6450	6430	0	10	7444	-2.49597423510467		
1311126444	20260628101500	20260628101500	1	spokesman.com	https://www.spokesman.com/stories/2026/jun/28/inland-nw-republicans-lukewarm-on-us-iran-deal-but/	22	6478	6447	6427	1	20	7444	-2.49597423510467		
1311126445	20260628101500	20260628101500	1	dominicanrepublicpost.com	https://dominicanrepublicpost.com/iran-attacks-kuwait-and-bahrain-in-response-to-us-strikes/	10	2194	2226	2199	0	20	4017	-6.38930163447251		
1311090879	20260628003000	20260628101500	1	khaama.com	https://www.khaama.com/iran-targets-us-bases-in-kuwait-bahrain/	6	1540	1582	1569	0	20	2569	-6.06860158311346		
1311093263	20260628013000	20260628101500	1	dominicanrepublicpost.com	https://dominicanrepublicpost.com/iran-attacks-kuwait-and-bahrain-in-response-to-us-strikes/	10	2194	2239	2252	0	10	4017	-6.38930163447251		
1311126446	20260628101500	20260628101500	1	dominicanrepublicpost.com	https://dominicanrepublicpost.com/iran-attacks-kuwait-and-bahrain-in-response-to-us-strikes/	11	2562	2605	2595	1	100	4017	-6.38930163447251		
1311125258	20260628100000	20260628101500	1	rferl.org	https://www.rferl.org/a/iran-us-hormuz-cease-fire-violation-kuwait-bahrain-trump/33790546.html	8	1419	1564	1450	1	60	4109	-7.89889415481832		
1311125258	20260628100000	20260628101500	1	russiaherald.com	http://www.russiaherald.com/news/279153008/iran-us-trade-blame-as-attacks-resume-despite-fragile-truce	9	1502	1647	1533	1	60	4646	-8.26330532212885		
1311125258	20260628100000	20260628101500	1	irishsun.com	http://www.irishsun.com/news/279153008/iran-us-trade-blame-as-attacks-resume-despite-fragile-truce	9	1502	1647	1533	1	60	4646	-8.26330532212885		
1311119342	20260628084500	20260628101500	1	abcnews.com	https://abcnews.com/International/wireStory/iraqi-officials-including-lawmakers-arrested-corruption-charges-overnight-134285889	1	0	-1	84	1	30	1517	-6.61157024793389		
1311119343	20260628084500	20260628101500	1	abcnews.com	https://abcnews.com/International/wireStory/iraqi-officials-including-lawmakers-arrested-corruption-charges-overnight-134285889	4	429	608	551	0	40	1517	-6.61157024793389		
1311119344	20260628084500	20260628101500	1	abcnews.com	https://abcnews.com/International/wireStory/iraqi-officials-including-lawmakers-arrested-corruption-charges-overnight-134285889	4	429	441	464	0	40	1517	-6.61157024793389		
1311119345	20260628084500	20260628101500	1	abcnews.com	https://abcnews.com/International/wireStory/iraqi-officials-including-lawmakers-arrested-corruption-charges-overnight-134285889	1	0	28	84	1	30	1517	-6.61157024793389		
1311119346	20260628084500	20260628101500	1	abcnews.com	https://abcnews.com/International/wireStory/iraqi-officials-including-lawmakers-arrested-corruption-charges-overnight-134285889	1	0	27	83	0	10	1517	-6.61157024793389		
1311119347	20260628084500	20260628101500	1	abcnews.com	https://abcnews.com/International/wireStory/iraqi-officials-including-lawmakers-arrested-corruption-charges-overnight-134285889	1	0	44	-1	0	10	1517	-6.61157024793389		
1311119348	20260628084500	20260628101500	1	abcnews.com	https://abcnews.com/International/wireStory/iraqi-officials-including-lawmakers-arrested-corruption-charges-overnight-134285889	4	429	-1	451	1	60	1517	-6.61157024793389		
1311119349	20260628084500	20260628101500	1	abcnews.com	https://abcnews.com/International/wireStory/iraqi-officials-including-lawmakers-arrested-corruption-charges-overnight-134285889	4	429	591	537	1	60	1517	-6.61157024793389		
1311126447	20260628101500	20260628101500	1	abcnews.com	https://abcnews.com/International/wireStory/iraqi-officials-including-lawmakers-arrested-corruption-charges-overnight-134285889	2	235	135	196	0	10	1517	-6.61157024793389		
1311126448	20260628101500	20260628101500	1	abcnews.com	https://abcnews.com/International/wireStory/iraqi-officials-including-lawmakers-arrested-corruption-charges-overnight-134285889	2	235	135	196	0	10	1517	-6.61157024793389		
1311115222	20260628080000	20260628101500	1	jpost.com	http://www.jpost.com/israel-news/crime-in-israel/article-900666	6	1321	-1	1328	0	40	4190	-5.22598870056497		
1311104736	20260628051500	20260628101500	1	jpost.com	http://www.jpost.com/middle-east/article-900662	7	1492	-1	1503	0	40	3187	-5.1975051975052		
1311094764	20260628020000	20260628101500	1	universityworldnews.com	https://www.universityworldnews.com/post.php?story=20260624113411692	26	8008	-1	8057	0	40	12890	-3.64526659412405		
1311100581	20260628040000	20260628101500	1	jpost.com	http://www.jpost.com/business-and-innovation/banking-and-finance/article-900687	1	0	-1	7	0	40	5140	-5.09849362688297		
1311089339	20260628003000	20260628101500	1	jpost.com	http://www.jpost.com/middle-east/article-900662	7	1492	-1	1536	0	40	3187	-5.1975051975052		
1311095827	20260628020000	20260628101500	1	universityworldnews.com	https://www.universityworldnews.com/post.php?story=20260624113411692	19	5683	-1	5720	0	20	12890	-3.64526659412405		
1311126449	20260628101500	20260628101500	1	jpost.com	http://www.jpost.com/israel-news/article-900684	1	463	-1	423	1	100	2902	0.867678958785253		
1311126450	20260628101500	20260628101500	1	jpost.com	http://www.jpost.com/israel-news/article-900684	2	1050	-1	1006	0	40	2902	0.867678958785253		
1311126451	20260628101500	20260628101500	1	jpost.com	http://www.jpost.com/israel-news/article-900684	4	1511	-1	1479	1	100	2902	0.867678958785253		
1311089342	20260628003000	20260628101500	1	jpost.com	http://www.jpost.com/israel-news/article-900684	3	1348	-1	1323	1	80	2902	0.867678958785253		
1311126452	20260628101500	20260628101500	1	webindia123.com	https://news.webindia123.com/news/Articles/World/20260628/4468350.html	15	4092	-1	4128	0	10	5651	-6.27802690582959		
1311117963	20260628083000	20260628101500	1	webindia123.com	https://news.webindia123.com/news/Articles/World/20260628/4468350.html	15	4070	-1	4106	0	10	5651	-6.27802690582959		
1311126453	20260628101500	20260628101500	1	webindia123.com	https://news.webindia123.com/news/Articles/World/20260628/4468350.html	15	4070	-1	4106	0	10	5651	-6.27802690582959		
1311119351	20260628084500	20260628101500	1	webindia123.com	https://news.webindia123.com/news/Articles/World/20260628/4468350.html	15	4092	-1	4128	0	10	5651	-6.27802690582959		
1311126454	20260628101500	20260628101500	1	jpost.com	http://www.jpost.com/business-and-innovation/article-900700	4	2632	-1	2759	0	20	5276	1.30378096479792		
1311126455	20260628101500	20260628101500	1	universityworldnews.com	https://www.universityworldnews.com/post.php?story=20260624113411692	29	9271	-1	9408	0	40	12890	-3.64526659412405		
1311095829	20260628020000	20260628101500	1	jpost.com	http://www.jpost.com/middle-east/article-900662	9	2632	-1	2617	1	100	3187	-5.1975051975052		
1311126456	20260628101500	20260628101500	1	jpost.com	http://www.jpost.com/israel-news/article-900684	1	463	-1	369	1	100	2902	0.867678958785253		
1311126457	20260628101500	20260628101500	1	jpost.com	http://www.jpost.com/business-and-innovation/article-900700	4	2632	2654	2664	1	80	5276	1.30378096479792		
1311126458	20260628101500	20260628101500	1	jpost.com	http://www.jpost.com/aliyah/article-900706	1	134	112	123	1	50	4209	1.44927536231884		
1311126459	20260628101500	20260628101500	1	universityworldnews.com	https://www.universityworldnews.com/post.php?story=20260624113411692	29	9271	9382	9346	0	40	12890	-3.64526659412405		
1311115228	20260628080000	20260628101500	1	jpost.com	http://www.jpost.com/judaism/article-900527	12	3928	3885	3918	0	10	5366	4.91400491400492		
1311115229	20260628080000	20260628101500	1	jpost.com	http://www.jpost.com/judaism/article-900527	12	3953	3910	3943	0	20	5366	4.91400491400492		
1311115230	20260628080000	20260628101500	1	jpost.com	http://www.jpost.com/judaism/article-900527	12	3926	3900	3915	1	100	5366	4.91400491400492		
1311115231	20260628080000	20260628101500	1	jpost.com	http://www.jpost.com/judaism/article-900527	8	2168	2125	2158	0	10	5366	4.91400491400492		
1311115232	20260628080000	20260628101500	1	jpost.com	http://www.jpost.com/judaism/article-900527	7	1403	1414	1379	0	10	5366	4.91400491400492		
1311115233	20260628080000	20260628101500	1	jpost.com	http://www.jpost.com/judaism/article-900527	7	1403	1414	1379	0	10	5366	4.91400491400492		
1311126460	20260628101500	20260628101500	1	jpost.com	http://www.jpost.com/business-and-innovation/banking-and-finance/article-900687	7	1999	2015	2042	1	70	5140	-5.09849362688297		
1311126461	20260628101500	20260628101500	1	jpost.com	http://www.jpost.com/aliyah/article-900706	3	1212	1137	1200	1	100	4209	1.44927536231884		
1311126462	20260628101500	20260628101500	1	jpost.com	http://www.jpost.com/israel-news/defense-news/article-900701	8	1562	1458	1493	1	60	5490	-3.45596432552954		
1311126463	20260628101500	20260628101500	1	jpost.com	http://www.jpost.com/israel-news/defense-news/article-900701	7	1420	1316	1351	1	60	5490	-3.45596432552954		
1311126464	20260628101500	20260628101500	1	jpost.com	http://www.jpost.com/israel-news/defense-news/article-900701	8	1556	1458	1487	0	60	5490	-3.45596432552954		
1311126465	20260628101500	20260628101500	1	jpost.com	http://www.jpost.com/israel-news/defense-news/article-900701	7	1414	1316	1345	0	20	5490	-3.45596432552954		
1311126466	20260628101500	20260628101500	1	jpost.com	http://www.jpost.com/aliyah/article-900706	4	1467	1445	1453	1	100	4209	1.44927536231884		
1311110064	20260628064500	20260628101500	1	russiaherald.com	http://www.russiaherald.com/news/279152798/massive-blow-to-iran-and-hezbollah-netanyahu-claims-israel-lebanon-agreement-sidelines-tehran	8	1540	1608	1555	0	20	6715	2.36578707916288		
1311110065	20260628064500	20260628101500	1	russiaherald.com	http://www.russiaherald.com/news/279152798/massive-blow-to-iran-and-hezbollah-netanyahu-claims-israel-lebanon-agreement-sidelines-tehran	8	1562	1630	1577	0	20	6715	2.36578707916288		
1311110066	20260628064500	20260628101500	1	russiaherald.com	http://www.russiaherald.com/news/279152798/massive-blow-to-iran-and-hezbollah-netanyahu-claims-israel-lebanon-agreement-sidelines-tehran	8	1540	1608	1581	0	20	6715	2.36578707916288		
1311110067	20260628064500	20260628101500	1	russiaherald.com	http://www.russiaherald.com/news/279152798/massive-blow-to-iran-and-hezbollah-netanyahu-claims-israel-lebanon-agreement-sidelines-tehran	8	1562	1630	1603	0	20	6715	2.36578707916288		
1311126467	20260628101500	20260628101500	1	chesterstandard.co.uk	https://www.chesterstandard.co.uk/news/26234504.bristol-airport-named-among-uks-worst-flight-delays/	1	204	217	141	1	100	3324	-5.92885375494071		
1311119357	20260628084500	20260628101500	1	rferl.org	https://www.rferl.org/a/iran-us-hormuz-cease-fire-violation-kuwait-bahrain-trump/33790546.html	20	3476	-1	3493	1	30	4109	-7.89889415481832		
1311119357	20260628084500	20260628101500	1	russiaherald.com	http://www.russiaherald.com/news/279153008/iran-us-trade-blame-as-attacks-resume-despite-fragile-truce	22	3712	-1	3729	1	30	4646	-8.26330532212885		
1311119357	20260628084500	20260628101500	1	irishsun.com	http://www.irishsun.com/news/279153008/iran-us-trade-blame-as-attacks-resume-despite-fragile-truce	22	3712	-1	3729	1	30	4646	-8.26330532212885		
1311110068	20260628064500	20260628101500	1	russiaherald.com	http://www.russiaherald.com/news/279152798/massive-blow-to-iran-and-hezbollah-netanyahu-claims-israel-lebanon-agreement-sidelines-tehran	17	3303	3314	3322	0	10	6715	2.36578707916288		
1311110069	20260628064500	20260628101500	1	russiaherald.com	http://www.russiaherald.com/news/279152798/massive-blow-to-iran-and-hezbollah-netanyahu-claims-israel-lebanon-agreement-sidelines-tehran	17	3303	3314	3322	0	10	6715	2.36578707916288		
1311098416	20260628031500	20260628101500	1	russiaherald.com	http://www.russiaherald.com/news/279152798/massive-blow-to-iran-and-hezbollah-netanyahu-claims-israel-lebanon-agreement-sidelines-tehran	17	3303	3314	3322	1	30	6715	2.36578707916288		
1311115237	20260628080000	20260628101500	1	russiaherald.com	http://www.russiaherald.com/news/279152802/lebanese-us-presidents-discuss-israel-lebanon-framework-agreement-hint-at-potential-washington-meet	1	33	0	25	1	70	3981	4.20168067226891		
1311105811	20260628051500	20260628101500	1	russiaherald.com	http://www.russiaherald.com/news/279152802/lebanese-us-presidents-discuss-israel-lebanon-framework-agreement-hint-at-potential-washington-meet	14	3726	3737	3657	0	20	3981	4.20168067226891		
1311105812	20260628051500	20260628101500	1	webindia123.com	https://news.webindia123.com/news/Articles/World/20260628/4468350.html	22	5540	5551	5471	0	20	5651	-6.27802690582959		
1311113085	20260628073000	20260628101500	1	webindia123.com	https://news.webindia123.com/news/Articles/World/20260628/4468350.html	22	5554	5563	5483	0	20	5651	-6.27802690582959		
1311113085	20260628073000	20260628101500	1	russiaherald.com	http://www.russiaherald.com/news/279152802/lebanese-us-presidents-discuss-israel-lebanon-framework-agreement-hint-at-potential-washington-meet	14	3726	3737	3657	0	20	3981	4.20168067226891		
1311115238	20260628080000	20260628101500	1	webindia123.com	https://news.webindia123.com/news/Articles/World/20260628/4468350.html	22	5540	5551	5471	1	60	5651	-6.27802690582959		
1311115238	20260628080000	20260628101500	1	russiaherald.com	http://www.russiaherald.com/news/279152802/lebanese-us-presidents-discuss-israel-lebanon-framework-agreement-hint-at-potential-washington-meet	14	3726	3737	3657	1	60	3981	4.20168067226891		
1311119363	20260628084500	20260628101500	1	gazetteseries.co.uk	https://www.gazetteseries.co.uk/news/national/26229533.cargo-ship-hit-un-approved-route-strait-hormuz/	7	1617	1565	1607	1	80	6101	-3.61681329423265		
1311119363	20260628084500	20260628101500	1	times-series.co.uk	https://www.times-series.co.uk/news/national/26229533.cargo-ship-hit-un-approved-route-strait-hormuz/	7	1617	1565	1607	1	80	6101	-3.61681329423265		
1311089871	20260628001500	20260628101500	1	gazetteseries.co.uk	https://www.gazetteseries.co.uk/news/national/26229533.cargo-ship-hit-un-approved-route-strait-hormuz/	6	1489	1473	1461	1	60	6101	-3.61681329423265		
1311089871	20260628001500	20260628101500	1	times-series.co.uk	https://www.times-series.co.uk/news/national/26229533.cargo-ship-hit-un-approved-route-strait-hormuz/	6	1489	1473	1461	1	60	6101	-3.61681329423265		
1311119364	20260628084500	20260628101500	1	gazetteseries.co.uk	https://www.gazetteseries.co.uk/news/national/26229533.cargo-ship-hit-un-approved-route-strait-hormuz/	7	1617	1565	1607	0	20	6101	-3.61681329423265		
1311120569	20260628090000	20260628101500	1	times-series.co.uk	https://www.times-series.co.uk/news/national/26229533.cargo-ship-hit-un-approved-route-strait-hormuz/	7	1617	1565	1607	0	20	6101	-3.61681329423265		
1311118640	20260628081500	20260628101500	1	times-series.co.uk	https://www.times-series.co.uk/news/national/26229533.cargo-ship-hit-un-approved-route-strait-hormuz/	6	1489	1473	1461	0	40	6101	-3.61681329423265		
1311118640	20260628081500	20260628101500	1	gazetteseries.co.uk	https://www.gazetteseries.co.uk/news/national/26229533.cargo-ship-hit-un-approved-route-strait-hormuz/	6	1489	1473	1461	0	40	6101	-3.61681329423265		
1311119368	20260628084500	20260628101500	1	gazetteseries.co.uk	https://www.gazetteseries.co.uk/news/national/26229533.cargo-ship-hit-un-approved-route-strait-hormuz/	20	5439	5365	5426	0	10	6101	-3.61681329423265		
1311120570	20260628090000	20260628101500	1	times-series.co.uk	https://www.times-series.co.uk/news/national/26229533.cargo-ship-hit-un-approved-route-strait-hormuz/	20	5439	5365	5426	0	10	6101	-3.61681329423265		
1311119369	20260628084500	20260628101500	1	times-series.co.uk	https://www.times-series.co.uk/news/national/26229533.cargo-ship-hit-un-approved-route-strait-hormuz/	20	5439	5365	5426	0	10	6101	-3.61681329423265		
1311119369	20260628084500	20260628101500	1	gazetteseries.co.uk	https://www.gazetteseries.co.uk/news/national/26229533.cargo-ship-hit-un-approved-route-strait-hormuz/	20	5439	5365	5426	0	10	6101	-3.61681329423265		
1311126468	20260628101500	20260628101500	1	chesterstandard.co.uk	https://www.chesterstandard.co.uk/news/26234504.bristol-airport-named-among-uks-worst-flight-delays/	1	204	195	141	1	100	3324	-5.92885375494071		
1311115243	20260628080000	20260628101500	1	russiaherald.com	http://www.russiaherald.com/news/279152802/lebanese-us-presidents-discuss-israel-lebanon-framework-agreement-hint-at-potential-washington-meet	14	3726	3710	3657	0	20	3981	4.20168067226891		
1311124166	20260628094500	20260628101500	1	webindia123.com	https://news.webindia123.com/news/Articles/World/20260628/4468350.html	22	5540	5524	5471	0	20	5651	-6.27802690582959		
1311113099	20260628073000	20260628101500	1	russiaherald.com	http://www.russiaherald.com/news/279152802/lebanese-us-presidents-discuss-israel-lebanon-framework-agreement-hint-at-potential-washington-meet	14	3726	3710	3657	0	20	3981	4.20168067226891		
1311113099	20260628073000	20260628101500	1	webindia123.com	https://news.webindia123.com/news/Articles/World/20260628/4468350.html	22	5554	5540	5483	0	20	5651	-6.27802690582959		
1311087146	20260628000000	20260628101500	1	webindia123.com	https://news.webindia123.com/news/Articles/World/20260628/4468350.html	22	5540	5524	5471	1	60	5651	-6.27802690582959		
1311087146	20260628000000	20260628101500	1	russiaherald.com	http://www.russiaherald.com/news/279152802/lebanese-us-presidents-discuss-israel-lebanon-framework-agreement-hint-at-potential-washington-meet	14	3726	3710	3657	1	60	3981	4.20168067226891		
1311126469	20260628101500	20260628101500	1	jpost.com	http://www.jpost.com/israel-news/defense-news/article-900701	6	1208	1197	1276	1	70	5490	-3.45596432552954		
1311126470	20260628101500	20260628101500	1	jpost.com	http://www.jpost.com/israel-news/defense-news/article-900701	6	1208	1197	1290	0	10	5490	-3.45596432552954		
1311126471	20260628101500	20260628101500	1	jpost.com	http://www.jpost.com/israel-news/defense-news/article-900702	8	1135	-1	1160	0	40	1361	-9.81308411214953		
1311126472	20260628101500	20260628101500	1	jpost.com	http://www.jpost.com/israel-news/defense-news/article-900702	7	1073	-1	1112	0	40	1361	-9.81308411214953		
1311126473	20260628101500	20260628101500	1	jpost.com	http://www.jpost.com/israel-news/defense-news/article-900702	8	1152	1208	1177	0	40	1361	-9.81308411214953		
1311125282	20260628100000	20260628101500	1	russiaherald.com	http://www.russiaherald.com/news/279153008/iran-us-trade-blame-as-attacks-resume-despite-fragile-truce	22	3712	3817	3788	1	30	4646	-8.26330532212885		
1311125282	20260628100000	20260628101500	1	rferl.org	https://www.rferl.org/a/iran-us-hormuz-cease-fire-violation-kuwait-bahrain-trump/33790546.html	20	3476	3581	3552	1	30	4109	-7.89889415481832		
1311125282	20260628100000	20260628101500	1	irishsun.com	http://www.irishsun.com/news/279153008/iran-us-trade-blame-as-attacks-resume-despite-fragile-truce	22	3712	3817	3788	1	30	4646	-8.26330532212885		
1311125283	20260628100000	20260628101500	1	irishsun.com	http://www.irishsun.com/news/279153008/iran-us-trade-blame-as-attacks-resume-despite-fragile-truce	22	3712	3765	3750	1	20	4646	-8.26330532212885		
1311125283	20260628100000	20260628101500	1	russiaherald.com	http://www.russiaherald.com/news/279153008/iran-us-trade-blame-as-attacks-resume-despite-fragile-truce	22	3712	3765	3750	1	20	4646	-8.26330532212885		
1311125283	20260628100000	20260628101500	1	rferl.org	https://www.rferl.org/a/iran-us-hormuz-cease-fire-violation-kuwait-bahrain-trump/33790546.html	20	3476	3529	3514	1	20	4109	-7.89889415481832		
1311125284	20260628100000	20260628101500	1	rferl.org	https://www.rferl.org/a/iran-us-hormuz-cease-fire-violation-kuwait-bahrain-trump/33790546.html	20	3476	3528	3513	0	10	4109	-7.89889415481832		
1311125284	20260628100000	20260628101500	1	russiaherald.com	http://www.russiaherald.com/news/279153008/iran-us-trade-blame-as-attacks-resume-despite-fragile-truce	22	3712	3764	3749	0	10	4646	-8.26330532212885		
1311125284	20260628100000	20260628101500	1	irishsun.com	http://www.irishsun.com/news/279153008/iran-us-trade-blame-as-attacks-resume-despite-fragile-truce	22	3712	3764	3749	0	10	4646	-8.26330532212885		
1311120574	20260628090000	20260628101500	1	birminghammail.co.uk	https://www.birminghammail.co.uk/travel/uk-tourists-italy-face-drastic-34185394	4	845	-1	851	0	40	2309	-2.66990291262136		
1311126474	20260628101500	20260628101500	1	birminghammail.co.uk	https://www.birminghammail.co.uk/travel/uk-tourists-italy-face-drastic-34185394	4	845	-1	851	0	20	2309	-2.66990291262136		
1311126475	20260628101500	20260628101500	1	thelocal.it	https://www.thelocal.it/20260628/on-the-agenda-whats-happening-in-italy-this-week-179	7	2533	-1	2493	1	10	6008	-0.79443892750745		
1311126476	20260628101500	20260628101500	1	eturbonews.com	https://eturbonews.com/lgbt-travel-capitalizing-on-film-location-as-a-tour/	5	737	-1	678	1	70	2146	4.7244094488189		
1311104261	20260628044500	20260628101500	1	eturbonews.com	https://eturbonews.com/lgbt-travel-capitalizing-on-film-location-as-a-tour/	6	1012	-1	828	0	20	2146	4.7244094488189		
1311098664	20260628030000	20260628101500	1	thelocal.it	https://www.thelocal.it/20260628/on-the-agenda-whats-happening-in-italy-this-week-179	4	1196	-1	1254	1	70	6008	-0.79443892750745		
1311126477	20260628101500	20260628101500	1	thelocal.it	https://www.thelocal.it/20260628/on-the-agenda-whats-happening-in-italy-this-week-179	11	5149	-1	5166	0	20	6008	-0.79443892750745		
1311126478	20260628101500	20260628101500	1	thelocal.it	https://www.thelocal.it/20260628/on-the-agenda-whats-happening-in-italy-this-week-179	11	5149	-1	5166	0	20	6008	-0.79443892750745		
1311126479	20260628101500	20260628101500	1	thelocal.it	https://www.thelocal.it/20260628/on-the-agenda-whats-happening-in-italy-this-week-179	9	4800	4853	4830	1	60	6008	-0.79443892750745		
1311126480	20260628101500	20260628101500	1	thelocal.it	https://www.thelocal.it/20260628/on-the-agenda-whats-happening-in-italy-this-week-179	9	4800	4868	4844	0	20	6008	-0.79443892750745		
1311126481	20260628101500	20260628101500	1	thelocal.it	https://www.thelocal.it/20260628/on-the-agenda-whats-happening-in-italy-this-week-179	9	4800	4868	4844	0	20	6008	-0.79443892750745		
1311126482	20260628101500	20260628101500	1	birminghammail.co.uk	https://www.birminghammail.co.uk/travel/uk-tourists-italy-face-drastic-34185394	5	1104	1218	1237	0	40	2309	-2.66990291262136		
1311113110	20260628073000	20260628101500	1	jpost.com	http://www.jpost.com/international/article-900669	14	3191	3381	3339	0	10	3950	-3.91517128874388		
1311113111	20260628073000	20260628101500	1	jpost.com	http://www.jpost.com/international/article-900669	14	3203	3393	3351	0	10	3950	-3.91517128874388		
1311126483	20260628101500	20260628101500	1	spokesman.com	https://www.spokesman.com/stories/2026/jun/28/who-is-your-american-hero-locals-share-their-favor/	18	8230	-1	8269	0	20	9462	2.12628865979381		
1311126484	20260628101500	20260628101500	1	spokesman.com	https://www.spokesman.com/stories/2026/jun/28/who-is-your-american-hero-locals-share-their-favor/	18	8232	-1	8256	1	80	9462	2.12628865979381		
1311124175	20260628094500	20260628101500	1	theage.com.au	https://www.theage.com.au/national/from-big-house-to-big-build-cfmeu-chief-s-courtroom-plea-for-violent-contractor-exposed-20260628-p60anp.html	28	10200	-1	10210	1	30	10544	-2.00235571260306		
1311126485	20260628101500	20260628101500	1	moneylife.in	https://moneylife.in/article/a-national-judicial-reforms-commission-a-proposal-india-cannot-afford-to-ignore/80908.html	11	4073	-1	4181	1	50	11543	-3.08924485125858		
1311126486	20260628101500	20260628101500	1	moneylife.in	https://moneylife.in/article/a-national-judicial-reforms-commission-a-proposal-india-cannot-afford-to-ignore/80908.html	1	121	-1	238	1	100	11543	-3.08924485125858		
1311126487	20260628101500	20260628101500	1	moneylife.in	https://moneylife.in/article/a-national-judicial-reforms-commission-a-proposal-india-cannot-afford-to-ignore/80908.html	11	4073	-1	4097	1	50	11543	-3.08924485125858		
1311124180	20260628094500	20260628101500	1	theage.com.au	https://www.theage.com.au/national/from-big-house-to-big-build-cfmeu-chief-s-courtroom-plea-for-violent-contractor-exposed-20260628-p60anp.html	28	10200	10225	10210	0	20	10544	-2.00235571260306		
1311126488	20260628101500	20260628101500	1	moneylife.in	https://moneylife.in/article/a-national-judicial-reforms-commission-a-proposal-india-cannot-afford-to-ignore/80908.html	24	8788	-1	8851	0	60	11543	-3.08924485125858		
1311126489	20260628101500	20260628101500	1	moneylife.in	https://moneylife.in/article/a-national-judicial-reforms-commission-a-proposal-india-cannot-afford-to-ignore/80908.html	24	8788	-1	8831	0	60	11543	-3.08924485125858		
1311126490	20260628101500	20260628101500	1	universityworldnews.com	https://www.universityworldnews.com/post.php?story=20260610103334438	1	295	-1	416	1	50	6846	-1.82741116751269		
1311126491	20260628101500	20260628101500	1	universityworldnews.com	https://www.universityworldnews.com/post.php?story=20260610103334438	10	5752	5762	5786	1	100	6846	-1.82741116751269		
1311126492	20260628101500	20260628101500	1	universityworldnews.com	https://www.universityworldnews.com/post.php?story=20260610103334438	1	330	435	387	0	20	6846	-1.82741116751269		
1311126493	20260628101500	20260628101500	1	universityworldnews.com	https://www.universityworldnews.com/post.php?story=20260610103334438	13	6419	6430	6425	0	40	6846	-1.82741116751269		
1311126494	20260628101500	20260628101500	1	universityworldnews.com	https://www.universityworldnews.com/post.php?story=20260610103334438	8	3753	3788	3759	0	10	6846	-1.82741116751269		
1311126495	20260628101500	20260628101500	1	universityworldnews.com	https://www.universityworldnews.com/post.php?story=20260610103334438	8	3753	3788	3759	1	40	6846	-1.82741116751269		
1311126496	20260628101500	20260628101500	1	universityworldnews.com	https://www.universityworldnews.com/post.php?story=20260623133705472	11	2636	-1	2740	1	30	6943	4.08163265306122		
1311126497	20260628101500	20260628101500	1	universityworldnews.com	https://www.universityworldnews.com/post.php?story=20260623133705472	11	2636	-1	2740	1	70	6943	4.08163265306122		
1311124195	20260628094500	20260628101500	1	theage.com.au	https://www.theage.com.au/national/from-big-house-to-big-build-cfmeu-chief-s-courtroom-plea-for-violent-contractor-exposed-20260628-p60anp.html	21	6627	-1	6613	0	20	10544	-2.00235571260306		
1311124196	20260628094500	20260628101500	1	theage.com.au	https://www.theage.com.au/national/from-big-house-to-big-build-cfmeu-chief-s-courtroom-plea-for-violent-contractor-exposed-20260628-p60anp.html	21	6627	-1	6613	1	80	10544	-2.00235571260306		
1311101526	20260628041500	20260628101500	1	jpost.com	http://www.jpost.com/opinion/article-900674	14	4073	-1	4050	0	20	4822	-0.86741016109046		
1311098440	20260628031500	20260628101500	1	webindia123.com	https://news.webindia123.com/news/Articles/World/20260628/4468350.html	5	1231	-1	1258	1	80	5651	-6.27802690582959		
1311094442	20260628013000	20260628101500	1	jpost.com	http://www.jpost.com/opinion/article-900674	10	3384	-1	3450	0	40	4822	-0.86741016109046		
1311105100	20260628050000	20260628101500	1	jpost.com	http://www.jpost.com/opinion/article-900674	15	4275	-1	4190	0	20	4822	-0.86741016109046		
1311110094	20260628064500	20260628101500	1	russiaherald.com	http://www.russiaherald.com/news/279152798/massive-blow-to-iran-and-hezbollah-netanyahu-claims-israel-lebanon-agreement-sidelines-tehran	17	3517	-1	3468	0	20	6715	2.36578707916288		
1311126498	20260628101500	20260628101500	1	jpost.com	http://www.jpost.com/opinion/article-900674	14	4073	-1	4153	1	80	4822	-0.86741016109046		
1311126499	20260628101500	20260628101500	1	jpost.com	http://www.jpost.com/opinion/article-900674	11	3617	3669	3628	0	40	4822	-0.86741016109046		
1311115289	20260628080000	20260628101500	1	russiaherald.com	http://www.russiaherald.com/news/279152802/lebanese-us-presidents-discuss-israel-lebanon-framework-agreement-hint-at-potential-washington-meet	7	1876	1919	1906	0	20	3981	4.20168067226891		
1311088850	20260628000000	20260628101500	1	jpost.com	http://www.jpost.com/opinion/article-900674	1	303	160	270	0	20	4822	-0.86741016109046		
1311126500	20260628101500	20260628101500	1	jpost.com	http://www.jpost.com/israel-news/defense-news/article-900701	15	3254	3280	3271	0	40	5490	-3.45596432552954		
1311119424	20260628084500	20260628101500	1	gazetteseries.co.uk	https://www.gazetteseries.co.uk/news/national/26229533.cargo-ship-hit-un-approved-route-strait-hormuz/	6	1473	1500	1461	1	60	6101	-3.61681329423265		
1311120596	20260628090000	20260628101500	1	times-series.co.uk	https://www.times-series.co.uk/news/national/26229533.cargo-ship-hit-un-approved-route-strait-hormuz/	6	1473	1500	1461	1	60	6101	-3.61681329423265		
1311119425	20260628084500	20260628101500	1	gazetteseries.co.uk	https://www.gazetteseries.co.uk/news/national/26229533.cargo-ship-hit-un-approved-route-strait-hormuz/	6	1473	1500	1461	0	20	6101	-3.61681329423265		
1311119425	20260628084500	20260628101500	1	times-series.co.uk	https://www.times-series.co.uk/news/national/26229533.cargo-ship-hit-un-approved-route-strait-hormuz/	6	1473	1500	1461	0	20	6101	-3.61681329423265		
1311119426	20260628084500	20260628101500	1	times-series.co.uk	https://www.times-series.co.uk/news/national/26229533.cargo-ship-hit-un-approved-route-strait-hormuz/	6	1473	1500	1461	0	20	6101	-3.61681329423265		
1311119426	20260628084500	20260628101500	1	gazetteseries.co.uk	https://www.gazetteseries.co.uk/news/national/26229533.cargo-ship-hit-un-approved-route-strait-hormuz/	6	1473	1500	1461	0	20	6101	-3.61681329423265		
1311110095	20260628064500	20260628101500	1	russiaherald.com	http://www.russiaherald.com/news/279152798/massive-blow-to-iran-and-hezbollah-netanyahu-claims-israel-lebanon-agreement-sidelines-tehran	17	3314	3303	3322	0	10	6715	2.36578707916288		
1311110096	20260628064500	20260628101500	1	russiaherald.com	http://www.russiaherald.com/news/279152798/massive-blow-to-iran-and-hezbollah-netanyahu-claims-israel-lebanon-agreement-sidelines-tehran	17	3314	3303	3322	0	10	6715	2.36578707916288		
1311110097	20260628064500	20260628101500	1	russiaherald.com	http://www.russiaherald.com/news/279152798/massive-blow-to-iran-and-hezbollah-netanyahu-claims-israel-lebanon-agreement-sidelines-tehran	17	3314	3303	3322	1	30	6715	2.36578707916288		
1311115290	20260628080000	20260628101500	1	russiaherald.com	http://www.russiaherald.com/news/279152802/lebanese-us-presidents-discuss-israel-lebanon-framework-agreement-hint-at-potential-washington-meet	1	0	32	24	0	10	3981	4.20168067226891		
1311115291	20260628080000	20260628101500	1	russiaherald.com	http://www.russiaherald.com/news/279152802/lebanese-us-presidents-discuss-israel-lebanon-framework-agreement-hint-at-potential-washington-meet	1	0	33	25	1	20	3981	4.20168067226891		
1311115292	20260628080000	20260628101500	1	russiaherald.com	http://www.russiaherald.com/news/279152802/lebanese-us-presidents-discuss-israel-lebanon-framework-agreement-hint-at-potential-washington-meet	1	0	49	42	0	20	3981	4.20168067226891		
1311113146	20260628073000	20260628101500	1	russiaherald.com	http://www.russiaherald.com/news/279152802/lebanese-us-presidents-discuss-israel-lebanon-framework-agreement-hint-at-potential-washington-meet	1	0	49	42	0	20	3981	4.20168067226891		
1311110535	20260628063000	20260628101500	1	russiaherald.com	http://www.russiaherald.com/news/279152802/lebanese-us-presidents-discuss-israel-lebanon-framework-agreement-hint-at-potential-washington-meet	14	3737	3726	3657	0	20	3981	4.20168067226891		
1311115293	20260628080000	20260628101500	1	russiaherald.com	http://www.russiaherald.com/news/279152802/lebanese-us-presidents-discuss-israel-lebanon-framework-agreement-hint-at-potential-washington-meet	14	3737	3726	3657	1	60	3981	4.20168067226891		
1311115293	20260628080000	20260628101500	1	webindia123.com	https://news.webindia123.com/news/Articles/World/20260628/4468350.html	22	5551	5540	5471	1	60	5651	-6.27802690582959		
1311124200	20260628094500	20260628101500	1	webindia123.com	https://news.webindia123.com/news/Articles/World/20260628/4468350.html	22	5551	5540	5471	0	20	5651	-6.27802690582959		
1311113150	20260628073000	20260628101500	1	russiaherald.com	http://www.russiaherald.com/news/279152802/lebanese-us-presidents-discuss-israel-lebanon-framework-agreement-hint-at-potential-washington-meet	14	3737	3726	3657	0	20	3981	4.20168067226891		
1311113150	20260628073000	20260628101500	1	webindia123.com	https://news.webindia123.com/news/Articles/World/20260628/4468350.html	22	5563	5554	5483	0	20	5651	-6.27802690582959		
1311126501	20260628101500	20260628101500	1	jpost.com	http://www.jpost.com/israel-news/defense-news/article-900702	2	202	169	182	0	10	1361	-9.81308411214953		
1311116005	20260628074500	20260628101500	1	times-series.co.uk	https://www.times-series.co.uk/news/national/26229533.cargo-ship-hit-un-approved-route-strait-hormuz/	25	6138	6101	6127	0	20	6101	-3.61681329423265		
1311116005	20260628074500	20260628101500	1	gazetteseries.co.uk	https://www.gazetteseries.co.uk/news/national/26229533.cargo-ship-hit-un-approved-route-strait-hormuz/	25	6138	6101	6127	0	20	6101	-3.61681329423265		
1311126502	20260628101500	20260628101500	1	jpost.com	http://www.jpost.com/israel-news/defense-news/article-900702	2	189	157	170	0	20	1361	-9.81308411214953		
1311126503	20260628101500	20260628101500	1	jpost.com	http://www.jpost.com/israel-news/defense-news/article-900702	2	218	185	198	0	10	1361	-9.81308411214953		
1311109700	20260628061500	20260628101500	1	times-series.co.uk	https://www.times-series.co.uk/news/national/26229533.cargo-ship-hit-un-approved-route-strait-hormuz/	25	6121	6085	6111	0	20	6101	-3.61681329423265		
1311109700	20260628061500	20260628101500	1	gazetteseries.co.uk	https://www.gazetteseries.co.uk/news/national/26229533.cargo-ship-hit-un-approved-route-strait-hormuz/	25	6121	6085	6111	0	20	6101	-3.61681329423265		
1311119430	20260628084500	20260628101500	1	gazetteseries.co.uk	https://www.gazetteseries.co.uk/news/national/26229533.cargo-ship-hit-un-approved-route-strait-hormuz/	25	6122	6085	6112	1	100	6101	-3.61681329423265		
1311119430	20260628084500	20260628101500	1	times-series.co.uk	https://www.times-series.co.uk/news/national/26229533.cargo-ship-hit-un-approved-route-strait-hormuz/	25	6122	6085	6112	1	100	6101	-3.61681329423265		
1311119431	20260628084500	20260628101500	1	times-series.co.uk	https://www.times-series.co.uk/news/national/26229533.cargo-ship-hit-un-approved-route-strait-hormuz/	6	1473	1489	1461	0	40	6101	-3.61681329423265		
1311119431	20260628084500	20260628101500	1	gazetteseries.co.uk	https://www.gazetteseries.co.uk/news/national/26229533.cargo-ship-hit-un-approved-route-strait-hormuz/	6	1473	1489	1461	0	40	6101	-3.61681329423265		
1311119432	20260628084500	20260628101500	1	times-series.co.uk	https://www.times-series.co.uk/news/national/26229533.cargo-ship-hit-un-approved-route-strait-hormuz/	23	5894	5799	5815	0	20	6101	-3.61681329423265		
1311119432	20260628084500	20260628101500	1	gazetteseries.co.uk	https://www.gazetteseries.co.uk/news/national/26229533.cargo-ship-hit-un-approved-route-strait-hormuz/	23	5894	5799	5815	0	20	6101	-3.61681329423265		
1311119433	20260628084500	20260628101500	1	times-series.co.uk	https://www.times-series.co.uk/news/national/26229533.cargo-ship-hit-un-approved-route-strait-hormuz/	23	5894	5799	5815	1	60	6101	-3.61681329423265		
1311119433	20260628084500	20260628101500	1	gazetteseries.co.uk	https://www.gazetteseries.co.uk/news/national/26229533.cargo-ship-hit-un-approved-route-strait-hormuz/	23	5894	5799	5815	1	60	6101	-3.61681329423265		
1311119434	20260628084500	20260628101500	1	times-series.co.uk	https://www.times-series.co.uk/news/national/26229533.cargo-ship-hit-un-approved-route-strait-hormuz/	23	5894	5799	5815	0	20	6101	-3.61681329423265		
1311119434	20260628084500	20260628101500	1	gazetteseries.co.uk	https://www.gazetteseries.co.uk/news/national/26229533.cargo-ship-hit-un-approved-route-strait-hormuz/	23	5894	5799	5815	0	20	6101	-3.61681329423265		
1311092341	20260628011500	20260628101500	1	jpost.com	http://www.jpost.com/opinion/article-900674	14	4073	4097	4050	1	80	4822	-0.86741016109046		
1311092342	20260628011500	20260628101500	1	jpost.com	http://www.jpost.com/opinion/article-900674	1	281	175	248	0	20	4822	-0.86741016109046		
1311119435	20260628084500	20260628101500	1	gazetteseries.co.uk	https://www.gazetteseries.co.uk/news/national/26229533.cargo-ship-hit-un-approved-route-strait-hormuz/	20	-1	5365	5426	0	10	6101	-3.61681329423265		
1311120598	20260628090000	20260628101500	1	times-series.co.uk	https://www.times-series.co.uk/news/national/26229533.cargo-ship-hit-un-approved-route-strait-hormuz/	20	-1	5365	5426	0	10	6101	-3.61681329423265		
1311119436	20260628084500	20260628101500	1	gazetteseries.co.uk	https://www.gazetteseries.co.uk/news/national/26229533.cargo-ship-hit-un-approved-route-strait-hormuz/	20	5475	5365	5426	1	70	6101	-3.61681329423265		
1311119436	20260628084500	20260628101500	1	times-series.co.uk	https://www.times-series.co.uk/news/national/26229533.cargo-ship-hit-un-approved-route-strait-hormuz/	20	5475	5365	5426	1	70	6101	-3.61681329423265		
1311126504	20260628101500	20260628101500	1	jpost.com	http://www.jpost.com/opinion/article-900674	15	4223	4275	4208	1	60	4822	-0.86741016109046		
1311126505	20260628101500	20260628101500	1	jpost.com	http://www.jpost.com/opinion/article-900674	15	4223	4275	4190	1	80	4822	-0.86741016109046		
1311119437	20260628084500	20260628101500	1	gazetteseries.co.uk	https://www.gazetteseries.co.uk/news/national/26229533.cargo-ship-hit-un-approved-route-strait-hormuz/	23	5894	5836	5858	0	20	6101	-3.61681329423265		
1311119437	20260628084500	20260628101500	1	times-series.co.uk	https://www.times-series.co.uk/news/national/26229533.cargo-ship-hit-un-approved-route-strait-hormuz/	23	5894	5836	5858	0	20	6101	-3.61681329423265		
1311126506	20260628101500	20260628101500	1	jpost.com	http://www.jpost.com/israel-news/defense-news/article-900702	2	191	122	172	1	10	1361	-9.81308411214953		
1311119438	20260628084500	20260628101500	1	gazetteseries.co.uk	https://www.gazetteseries.co.uk/news/national/26229533.cargo-ship-hit-un-approved-route-strait-hormuz/	23	5894	5836	5858	1	80	6101	-3.61681329423265		
1311119438	20260628084500	20260628101500	1	times-series.co.uk	https://www.times-series.co.uk/news/national/26229533.cargo-ship-hit-un-approved-route-strait-hormuz/	23	5894	5836	5858	1	80	6101	-3.61681329423265		
1311115297	20260628080000	20260628101500	1	russiaherald.com	http://www.russiaherald.com/news/279152802/lebanese-us-presidents-discuss-israel-lebanon-framework-agreement-hint-at-potential-washington-meet	1	0	88	58	1	70	3981	4.20168067226891		
1311100788	20260628040000	20260628101500	1	russiaherald.com	http://www.russiaherald.com/news/279152802/lebanese-us-presidents-discuss-israel-lebanon-framework-agreement-hint-at-potential-washington-meet	2	208	284	249	0	10	3981	4.20168067226891		
1311115298	20260628080000	20260628101500	1	russiaherald.com	http://www.russiaherald.com/news/279152802/lebanese-us-presidents-discuss-israel-lebanon-framework-agreement-hint-at-potential-washington-meet	2	239	315	280	0	10	3981	4.20168067226891		
1311126507	20260628101500	20260628101500	1	jpost.com	http://www.jpost.com/opinion/article-900704	8	1246	1183	1202	1	100	3963	0.289855072463761		
1311115299	20260628080000	20260628101500	1	russiaherald.com	http://www.russiaherald.com/news/279152802/lebanese-us-presidents-discuss-israel-lebanon-framework-agreement-hint-at-potential-washington-meet	2	208	284	277	0	20	3981	4.20168067226891		
1311101541	20260628041500	20260628101500	1	jpost.com	http://www.jpost.com/opinion/article-900674	1	292	160	259	1	60	4822	-0.86741016109046		
1311092346	20260628011500	20260628101500	1	jpost.com	http://www.jpost.com/opinion/article-900674	14	4097	4073	4050	1	80	4822	-0.86741016109046		
1311092347	20260628011500	20260628101500	1	jpost.com	http://www.jpost.com/opinion/article-900674	1	175	-1	214	0	10	4822	-0.86741016109046		
1311092348	20260628011500	20260628101500	1	jpost.com	http://www.jpost.com/opinion/article-900674	1	175	281	248	0	20	4822	-0.86741016109046		
1311126508	20260628101500	20260628101500	1	jpost.com	http://www.jpost.com/opinion/article-900674	1	175	281	137	0	20	4822	-0.86741016109046		
1311115301	20260628080000	20260628101500	1	russiaherald.com	http://www.russiaherald.com/news/279152802/lebanese-us-presidents-discuss-israel-lebanon-framework-agreement-hint-at-potential-washington-meet	7	1913	1924	1890	0	20	3981	4.20168067226891		
1311115302	20260628080000	20260628101500	1	russiaherald.com	http://www.russiaherald.com/news/279152802/lebanese-us-presidents-discuss-israel-lebanon-framework-agreement-hint-at-potential-washington-meet	5	1230	1270	1238	0	20	3981	4.20168067226891		
1311119440	20260628084500	20260628101500	1	gazetteseries.co.uk	https://www.gazetteseries.co.uk/news/national/26229533.cargo-ship-hit-un-approved-route-strait-hormuz/	20	5365	5439	5389	0	20	6101	-3.61681329423265		
1311120601	20260628090000	20260628101500	1	times-series.co.uk	https://www.times-series.co.uk/news/national/26229533.cargo-ship-hit-un-approved-route-strait-hormuz/	20	5365	5439	5389	0	20	6101	-3.61681329423265		
1311119441	20260628084500	20260628101500	1	times-series.co.uk	https://www.times-series.co.uk/news/national/26229533.cargo-ship-hit-un-approved-route-strait-hormuz/	20	5365	5439	5389	1	80	6101	-3.61681329423265		
1311119441	20260628084500	20260628101500	1	gazetteseries.co.uk	https://www.gazetteseries.co.uk/news/national/26229533.cargo-ship-hit-un-approved-route-strait-hormuz/	20	5365	5439	5389	1	80	6101	-3.61681329423265		
1311110098	20260628064500	20260628101500	1	russiaherald.com	http://www.russiaherald.com/news/279152798/massive-blow-to-iran-and-hezbollah-netanyahu-claims-israel-lebanon-agreement-sidelines-tehran	17	3517	-1	3468	1	30	6715	2.36578707916288		
1311126509	20260628101500	20260628101500	1	jpost.com	http://www.jpost.com/israel-news/defense-news/article-900701	1	59	10	15	0	10	5490	-3.45596432552954		
1311126510	20260628101500	20260628101500	1	jpost.com	http://www.jpost.com/opinion/article-900674	15	4293	4223	4208	0	20	4822	-0.86741016109046		
1311126511	20260628101500	20260628101500	1	jpost.com	http://www.jpost.com/opinion/article-900674	15	4275	4223	4190	1	80	4822	-0.86741016109046		
1311126512	20260628101500	20260628101500	1	jpost.com	http://www.jpost.com/israel-news/defense-news/article-900702	1	8	45	26	0	20	1361	-9.81308411214953		
1311119442	20260628084500	20260628101500	1	times-series.co.uk	https://www.times-series.co.uk/news/national/26229533.cargo-ship-hit-un-approved-route-strait-hormuz/	24	6069	-1	6084	0	10	6101	-3.61681329423265		
1311119442	20260628084500	20260628101500	1	gazetteseries.co.uk	https://www.gazetteseries.co.uk/news/national/26229533.cargo-ship-hit-un-approved-route-strait-hormuz/	24	6069	-1	6084	0	10	6101	-3.61681329423265		
1311119443	20260628084500	20260628101500	1	times-series.co.uk	https://www.times-series.co.uk/news/national/26229533.cargo-ship-hit-un-approved-route-strait-hormuz/	24	6069	-1	6084	0	10	6101	-3.61681329423265		
1311119443	20260628084500	20260628101500	1	gazetteseries.co.uk	https://www.gazetteseries.co.uk/news/national/26229533.cargo-ship-hit-un-approved-route-strait-hormuz/	24	6069	-1	6084	0	10	6101	-3.61681329423265		
1311100121	20260628034500	20260628101500	1	pressherald.com	https://www.pressherald.com/2026/06/28/we-should-be-more-focused-on-the-quality-of-sen-collins-votes-than-the-quantity-opinion/	12	4117	-1	4089	1	100	3963	-2.34009360374415		
1311098454	20260628031500	20260628101500	1	webindia123.com	https://news.webindia123.com/news/Articles/India/20260628/4468315.html	6	1489	-1	1527	1	100	2447	-1.55844155844156		
1311098454	20260628031500	20260628101500	1	asiabulletin.com	http://www.asiabulletin.com/news/279152914/trinamool-mp-dola-sen-seeks-fir-against-rebel-group-over-criminal-impersonation-forgery	6	1479	-1	1517	1	100	2480	-0.77720207253886		
1311098455	20260628031500	20260628101500	1	asiabulletin.com	http://www.asiabulletin.com/news/279152914/trinamool-mp-dola-sen-seeks-fir-against-rebel-group-over-criminal-impersonation-forgery	9	1888	-1	1792	1	100	2480	-0.77720207253886		
1311098455	20260628031500	20260628101500	1	webindia123.com	https://news.webindia123.com/news/Articles/India/20260628/4468315.html	9	1898	-1	1802	1	100	2447	-1.55844155844156		
1311126513	20260628101500	20260628101500	1	jpost.com	http://www.jpost.com/opinion/article-900704	11	1899	-1	1908	1	100	3963	0.289855072463761		
1311126514	20260628101500	20260628101500	1	spokesman.com	https://www.spokesman.com/stories/2026/jun/28/get-ready-for-the-fourth-with-a-special-edition-of/	14	4575	4619	4593	1	80	9647	1.00439422473321		
1311126515	20260628101500	20260628101500	1	spokesman.com	https://www.spokesman.com/stories/2026/jun/28/get-ready-for-the-fourth-with-a-special-edition-of/	14	4575	4619	4593	0	20	9647	1.00439422473321		
1311098462	20260628031500	20260628101500	1	asiabulletin.com	http://www.asiabulletin.com/news/279152914/trinamool-mp-dola-sen-seeks-fir-against-rebel-group-over-criminal-impersonation-forgery	9	1888	1776	1792	1	50	2480	-0.77720207253886		
1311098462	20260628031500	20260628101500	1	webindia123.com	https://news.webindia123.com/news/Articles/India/20260628/4468315.html	9	1898	1786	1802	1	50	2447	-1.55844155844156		
1311109264	20260628063000	20260628101500	1	queanbeyanage.com.au	https://www.queanbeyanage.com.au/story/9300650/trump-nominates-lance-schroyer-as-ice-director/	1	602	638	592	0	20	1590	-5.09803921568627		
1311100139	20260628034500	20260628101500	1	queanbeyanage.com.au	https://www.queanbeyanage.com.au/story/9300650/trump-nominates-lance-schroyer-as-ice-director/	1	586	604	576	0	20	1590	-5.09803921568627		
1311126516	20260628101500	20260628101500	1	spokesman.com	https://www.spokesman.com/stories/2026/jun/28/answers-to-the-big-fourth-of-july-trivia-quiz/	15	3457	3527	3503	1	40	5283	-0.80924855491329		
1311126517	20260628101500	20260628101500	1	spokesman.com	https://www.spokesman.com/stories/2026/jun/28/answers-to-the-big-fourth-of-july-trivia-quiz/	15	3457	3527	3503	0	10	5283	-0.80924855491329		
1311126518	20260628101500	20260628101500	1	universityworldnews.com	https://www.universityworldnews.com/post.php?story=20260625115046442	1	529	-1	543	1	100	22814	-0.62315513283044		
1311114132	20260628074500	20260628101500	1	southernhighlandnews.com.au	https://www.southernhighlandnews.com.au/story/9300371/big-tech-wants-this-to-fail-beef-up-for-social-ban/	13	2566	-1	2609	1	100	5235	-5.40216086434574		
1311114132	20260628074500	20260628101500	1	irrigator.com.au	https://www.irrigator.com.au/story/9300371/big-tech-wants-this-to-fail-beef-up-for-social-ban/	13	2566	-1	2609	1	100	5227	-5.42168674698796		
1311114132	20260628074500	20260628101500	1	katherinetimes.com.au	https://www.katherinetimes.com.au/story/9300371/big-tech-wants-this-to-fail-beef-up-for-social-ban/	13	2566	-1	2609	1	100	5258	-5.38922155688623		
1311114132	20260628074500	20260628101500	1	queanbeyanage.com.au	https://www.queanbeyanage.com.au/story/9300371/big-tech-wants-this-to-fail-beef-up-for-social-ban/	13	2566	-1	2609	1	100	5238	-5.40216086434574		
1311113176	20260628073000	20260628101500	1	gdnonline.com	https://www.gdnonline.com:443/Details/1398962/Australia-toughens-children%E2%80%99s-social-media-ban-	5	1065	-1	1131	1	50	3139	-1.93798449612403		
1311113176	20260628073000	20260628101500	1	irrigator.com.au	https://www.irrigator.com.au/story/9300371/big-tech-wants-this-to-fail-beef-up-for-social-ban/	13	2566	-1	2596	1	100	5227	-5.42168674698796		
1311113176	20260628073000	20260628101500	1	southernhighlandnews.com.au	https://www.southernhighlandnews.com.au/story/9300371/big-tech-wants-this-to-fail-beef-up-for-social-ban/	13	2566	-1	2596	1	100	5235	-5.40216086434574		
1311113176	20260628073000	20260628101500	1	katherinetimes.com.au	https://www.katherinetimes.com.au/story/9300371/big-tech-wants-this-to-fail-beef-up-for-social-ban/	13	2566	-1	2596	1	100	5258	-5.38922155688623		
1311113176	20260628073000	20260628101500	1	queanbeyanage.com.au	https://www.queanbeyanage.com.au/story/9300371/big-tech-wants-this-to-fail-beef-up-for-social-ban/	13	2566	-1	2596	1	100	5238	-5.40216086434574		
1311126519	20260628101500	20260628101500	1	moneylife.in	https://moneylife.in/article/a-national-judicial-reforms-commission-a-proposal-india-cannot-afford-to-ignore/80908.html	10	4027	-1	4037	1	100	11543	-3.08924485125858		
1311096398	20260628023000	20260628101500	1	gdnonline.com	https://www.gdnonline.com:443/Details/1398962/Australia-toughens-children%E2%80%99s-social-media-ban-	13	3000	3052	3029	1	100	3139	-1.93798449612403		
1311126520	20260628101500	20260628101500	1	webindia123.com	https://news.webindia123.com/news/Articles/Entertainment/20260628/4468384.html	3	1769	1686	1650	1	50	2128	1.36239782016349		
1311126521	20260628101500	20260628101500	1	webindia123.com	https://news.webindia123.com/news/Articles/Entertainment/20260628/4468369.html	2	218	110	275	0	40	1818	-3.03030303030303		
1311120651	20260628090000	20260628101500	1	bristolpost.co.uk	https://www.bristolpost.co.uk/news/uk-world-news/school-pupils-england-follow-new-11034633	4	1096	1136	1110	1	100	3968	-0.32258064516129		
1311120651	20260628090000	20260628101500	1	leicestermercury.co.uk	https://www.leicestermercury.co.uk/news/uk-world-news/school-pupils-england-follow-new-11034633	3	929	969	943	1	100	3753	-0.51369863013699		
1311124209	20260628094500	20260628101500	1	webindia123.com	https://news.webindia123.com/news/Articles/Entertainment/20260628/4468369.html	2	221	301	278	1	40	1818	-3.03030303030303		
1311126522	20260628101500	20260628101500	1	webindia123.com	https://news.webindia123.com/news/Articles/Entertainment/20260628/4468369.html	2	217	298	277	0	10	1818	-3.03030303030303		
1311125338	20260628100000	20260628101500	1	russiaherald.com	http://www.russiaherald.com/news/279153007/trump-seeks-to-end-years-of-acting-leadership-at-ice	3	520	564	558	1	50	2945	-8.01781737193764		
1311125339	20260628100000	20260628101500	1	russiaherald.com	http://www.russiaherald.com/news/279153007/trump-seeks-to-end-years-of-acting-leadership-at-ice	11	2259	2347	2269	1	100	2945	-8.01781737193764		
1311126523	20260628101500	20260628101500	1	mexicoledger.com	http://www.mexicoledger.com/stories/mexico-to-host-first-annual-jeep-thing,120066	3	687	-1	630	1	30	3073	0		
1311126524	20260628101500	20260628101500	1	mexicoledger.com	http://www.mexicoledger.com/stories/mexico-to-host-first-annual-jeep-thing,120066	1	0	-1	10	1	100	3073	0		
1311126525	20260628101500	20260628101500	1	mexicoledger.com	http://www.mexicoledger.com/stories/mexico-to-host-first-annual-jeep-thing,120066	3	520	565	548	0	20	3073	0		
1311126526	20260628101500	20260628101500	1	mexicoledger.com	http://www.mexicoledger.com/stories/mexico-to-host-first-annual-jeep-thing,120066	12	-1	3073	3055	0	10	3073	0		
1311126527	20260628101500	20260628101500	1	mexicoledger.com	http://www.mexicoledger.com/stories/mexico-to-host-first-annual-jeep-thing,120066	12	3118	3073	3055	1	70	3073	0		
1311088276	20260628001500	20260628101500	1	jpost.com	http://www.jpost.com/international/article-900669	8	1508	1732	1623	0	10	3950	-3.91517128874388		
1311088277	20260628001500	20260628101500	1	jpost.com	http://www.jpost.com/international/article-900669	8	1529	1774	1644	0	10	3950	-3.91517128874388		
1311088278	20260628001500	20260628101500	1	jpost.com	http://www.jpost.com/international/article-900669	9	1773	1815	1788	0	10	3950	-3.91517128874388		
1311088279	20260628001500	20260628101500	1	jpost.com	http://www.jpost.com/international/article-900669	9	1794	1860	1809	0	10	3950	-3.91517128874388		
1311097082	20260628024500	20260628101500	1	jpost.com	http://www.jpost.com/international/article-900669	9	1773	1815	1788	0	20	3950	-3.91517128874388		
1311125345	20260628100000	20260628101500	1	azernews.az	https://www.azernews.az/nation/260334.html	6	1484	-1	1495	1	50	3644	2.14007782101167		
1311119467	20260628084500	20260628101500	1	gazetteseries.co.uk	https://www.gazetteseries.co.uk/news/national/26229533.cargo-ship-hit-un-approved-route-strait-hormuz/	11	3173	-1	3282	1	50	6101	-3.61681329423265		
1311099812	20260628034500	20260628101500	1	times-series.co.uk	https://www.times-series.co.uk/news/national/26229533.cargo-ship-hit-un-approved-route-strait-hormuz/	11	3173	-1	3282	1	50	6101	-3.61681329423265		
1311116041	20260628074500	20260628101500	1	gazetteherald.co.uk	https://www.gazetteherald.co.uk/news/26231566.lner-train-driver-balances-railway-career-army-reserve/	2	213	-1	228	1	100	1748	4.13793103448276		
1311108252	20260628061500	20260628101500	1	jpost.com	http://www.jpost.com/international/article-900671	5	1397	1486	1406	1	100	2074	-11.7283950617284		
1311125348	20260628100000	20260628101500	1	azernews.az	https://www.azernews.az/nation/260334.html	6	1448	1418	1495	1	50	3644	2.14007782101167		
1311126528	20260628101500	20260628101500	1	courant.com	https://www.courant.com/2026/06/28/a-single-act-of-mercy-to-the-enemy-made-a-british-soldier-a-hero-in-a-ct-town-his-legacy-lives/	12	5743	5762	5732	1	60	8379	-0.99220411055989		
1311126529	20260628101500	20260628101500	1	qatar-tribune.com	https://www.qatar-tribune.com/article/241727/latest-news/amiri-naval-forces-commander-meets-french-navy-chief-of-staff	2	153	185	168	0	10	737	3.73134328358209		
1311126530	20260628101500	20260628101500	1	jpost.com	http://www.jpost.com/israel-news/defense-news/article-900701	1	55	27	21	1	40	5490	-3.45596432552954		
1311126531	20260628101500	20260628101500	1	jpost.com	http://www.jpost.com/israel-news/defense-news/article-900702	1	0	50	31	1	80	1361	-9.81308411214953		
1311124217	20260628094500	20260628101500	1	webindia123.com	https://news.webindia123.com/news/Articles/World/20260628/4468357.html	4	950	846	936	0	80	2039	-8.46394984326019		
1311126532	20260628101500	20260628101500	1	courant.com	https://www.courant.com/2026/06/28/a-single-act-of-mercy-to-the-enemy-made-a-british-soldier-a-hero-in-a-ct-town-his-legacy-lives/	12	5740	5715	5729	0	20	8379	-0.99220411055989		
1311126533	20260628101500	20260628101500	1	courant.com	https://www.courant.com/2026/06/28/a-single-act-of-mercy-to-the-enemy-made-a-british-soldier-a-hero-in-a-ct-town-his-legacy-lives/	12	5760	5735	5749	0	20	8379	-0.99220411055989		
1311105521	20260628053000	20260628101500	1	joy.org.au	https://joy.org.au/nowboarding/2026/06/28/s01_e18-travelling-with-cameron/	1	259	-1	230	1	100	797	0.70422535211267		
1311112035	20260628071500	20260628101500	1	gazetteherald.co.uk	https://www.gazetteherald.co.uk/news/national/uk-today/26234379.virgin-media-o2-switch-off-2g-network-30-years/	1	186	204	264	1	50	3081	1.16279069767442		
1311126534	20260628101500	20260628101500	1	thehindu.com	https://www.thehindu.com/news/national/andhra-pradesh/reliance-to-donate-tirumala-25-electric-buses-worth-275-crore-anant-ambani-donates-hair/article71157353.ece	2	91	-1	116	1	50	1995	0.95846645367412		
1311126535	20260628101500	20260628101500	1	fark.com	https://www.fark.com/comments/14113434/Honda-celebrates-50-years-since-groundbreaking-Accord-model-debuted-Which-is-odd-since-Im-pretty-sure-Jesus-his-Apostles-were-in-one	1	11	-1	17	1	50	511	3.47826086956522		
1311126536	20260628101500	20260628101500	1	courant.com	https://www.courant.com/2026/06/28/man-has-been-charged-in-i-95-crash-with-off-duty-officer-he-was-allegedly-parked-in-travel-lane/	11	2732	2618	2640	0	20	5753	-5.31914893617021		
1311126537	20260628101500	20260628101500	1	courant.com	https://www.courant.com/2026/06/28/man-has-been-charged-in-i-95-crash-with-off-duty-officer-he-was-allegedly-parked-in-travel-lane/	11	2715	2618	2640	1	30	5753	-5.31914893617021		
1311126538	20260628101500	20260628101500	1	themarketsdaily.com	https://www.themarketsdaily.com/2026/06/28/ishares-msci-eafe-growth-etf-efg-shares-sold-by-sterling-capital-management-llc.html	7	2999	-1	3051	1	100	3360	2.50481695568401		
1311124234	20260628094500	20260628101500	1	webindia123.com	https://news.webindia123.com/news/Articles/Entertainment/20260628/4468377.html	2	266	-1	202	1	100	1611	-1.40845070422535		
1311126539	20260628101500	20260628101500	1	themarketsdaily.com	https://www.themarketsdaily.com/2026/06/28/ishares-msci-eafe-growth-etf-efg-shares-sold-by-sterling-capital-management-llc.html	3	2013	-1	2122	1	100	3360	2.50481695568401		
1311112036	20260628071500	20260628101500	1	gazetteherald.co.uk	https://www.gazetteherald.co.uk/news/national/uk-today/26234379.virgin-media-o2-switch-off-2g-network-30-years/	1	204	186	264	1	50	3081	1.16279069767442		
1311126540	20260628101500	20260628101500	1	jpost.com	https://www.jpost.com/middle-east/iran-news/article-900685	8	1769	-1	1831	1	50	2059	-4.34782608695652		
1311126540	20260628101500	20260628101500	1	jpost.com	http://www.jpost.com/middle-east/iran-news/article-900685	8	1769	-1	1831	1	50	2059	-4.34782608695652		
1311126541	20260628101500	20260628101500	1	universityworldnews.com	https://www.universityworldnews.com/post.php?story=20260626094643667	2	1320	1335	1330	0	10	5213	5.17241379310345		
1311126542	20260628101500	20260628101500	1	universityworldnews.com	https://www.universityworldnews.com/post.php?story=20260626094643667	2	1320	1335	1330	0	10	5213	5.17241379310345		
1311126543	20260628101500	20260628101500	1	outinperth.com	https://www.outinperth.com/uk-reveals-proposed-conversion-therapy-ban-legislation/	20	3964	-1	3990	1	100	6002	-3.77754459601259		
1311126544	20260628101500	20260628101500	1	outinperth.com	https://www.outinperth.com/uk-reveals-proposed-conversion-therapy-ban-legislation/	21	4048	4070	4126	1	30	6002	-3.77754459601259		
1311126545	20260628101500	20260628101500	1	indianweekender.co.nz	https://www.indianweekender.co.nz/news/auckland-diversion-leaves-qantas-passengers-stuck-on-plane-for-over-8-hours	1	0	-1	19	1	100	344	-7.46268656716418		
1311126546	20260628101500	20260628101500	1	livenews.co.nz	https://livenews.co.nz/2026/06/28/beacon-of-hope-plb-credited-in-taranaki-maunga-rescue/	1	33	-1	49	1	90	2432	4.41558441558441		
1311126547	20260628101500	20260628101500	1	indianweekender.co.nz	https://www.indianweekender.co.nz/news/auckland-diversion-leaves-qantas-passengers-stuck-on-plane-for-over-8-hours	3	330	270	265	1	70	344	-7.46268656716418		
1311126548	20260628101500	20260628101500	1	dominicanrepublicpost.com	https://dominicanrepublicpost.com/iran-attacks-kuwait-and-bahrain-in-response-to-us-strikes/	15	3615	3677	3658	0	20	4017	-6.38930163447251		
1311126549	20260628101500	20260628101500	1	dominicanrepublicpost.com	https://dominicanrepublicpost.com/iran-attacks-kuwait-and-bahrain-in-response-to-us-strikes/	15	3615	3677	3658	0	20	4017	-6.38930163447251		
1311126550	20260628101500	20260628101500	1	dominicanrepublicpost.com	https://dominicanrepublicpost.com/iran-attacks-kuwait-and-bahrain-in-response-to-us-strikes/	15	3615	3677	3658	0	20	4017	-6.38930163447251		
1311126551	20260628101500	20260628101500	1	dominicanrepublicpost.com	https://dominicanrepublicpost.com/iran-attacks-kuwait-and-bahrain-in-response-to-us-strikes/	15	3615	3677	3658	1	40	4017	-6.38930163447251		
1311120703	20260628090000	20260628101500	1	gazetteherald.co.uk	https://www.gazetteherald.co.uk/news/26232389.adult-social-care-programme-launched-bridlington/	3	1226	-1	1121	1	50	1355	7.96019900497512		
1311121787	20260628091500	20260628101500	1	yahoo.com	https://www.yahoo.com/news/world/articles/meet-3-members-albanias-flamingo-082546305.html	19	5520	-1	5556	0	20	6022	-2.70551508844953		
1311121788	20260628091500	20260628101500	1	yahoo.com	https://www.yahoo.com/news/world/articles/meet-3-members-albanias-flamingo-082546305.html	19	5520	-1	5556	1	30	6022	-2.70551508844953		
1311121789	20260628091500	20260628101500	1	yahoo.com	https://www.yahoo.com/news/world/articles/meet-3-members-albanias-flamingo-082546305.html	8	2493	2573	2527	0	20	6022	-2.70551508844953		
1311114159	20260628074500	20260628101500	1	irishsun.com	http://www.irishsun.com/news/279152617/somalian-immigrant-detained-after-car-ploughs-into-london-shoppers	10	-1	1350	1432	0	40	2218	-12.1037463976945		
1311114159	20260628074500	20260628101500	1	irishsun.com	http://www.irishsun.com/news/279152776/somali-immigrant-detained-after-car-plows-into-london-shoppers	10	-1	1347	1429	0	40	2219	-12.1037463976945		
1311114160	20260628074500	20260628101500	1	irishsun.com	http://www.irishsun.com/news/279152617/somalian-immigrant-detained-after-car-ploughs-into-london-shoppers	10	1408	1350	1387	1	60	2218	-12.1037463976945		
1311114160	20260628074500	20260628101500	1	irishsun.com	http://www.irishsun.com/news/279152776/somali-immigrant-detained-after-car-plows-into-london-shoppers	10	1405	1347	1384	1	60	2219	-12.1037463976945		
1311121791	20260628091500	20260628101500	1	yahoo.com	https://www.yahoo.com/news/world/articles/meet-3-members-albanias-flamingo-082546305.html	8	2493	2558	2527	0	20	6022	-2.70551508844953		
1311121792	20260628091500	20260628101500	1	yahoo.com	https://www.yahoo.com/news/world/articles/meet-3-members-albanias-flamingo-082546305.html	8	2493	2558	2527	1	60	6022	-2.70551508844953		
1311126552	20260628101500	20260628101500	1	thehindu.com	https://www.thehindu.com/news/national/andhra-pradesh/nda-government-interfering-in-sir-alleges-ysrcps-kakani-govardhan-reddy/article71157277.ece	5	1437	1484	1527	1	50	1790	-0.33333333333333		
1311126553	20260628101500	20260628101500	1	thehindu.com	https://www.thehindu.com/news/national/andhra-pradesh/nda-government-interfering-in-sir-alleges-ysrcps-kakani-govardhan-reddy/article71157277.ece	5	1437	1484	1467	1	50	1790	-0.33333333333333		
1311126554	20260628101500	20260628101500	1	thehindu.com	https://www.thehindu.com/news/national/sonam-wangchuk-joins-cjp-protest-begins-hunger-strike-at-jantar-mantar/article71157421.ece	2	83	269	338	1	50	1800	-8.77192982456142		
1311126555	20260628101500	20260628101500	1	thehindu.com	https://www.thehindu.com/news/national/sonam-wangchuk-joins-cjp-protest-begins-hunger-strike-at-jantar-mantar/article71157421.ece	2	83	269	211	1	50	1800	-8.77192982456142		
1311126556	20260628101500	20260628101500	1	universityworldnews.com	https://www.universityworldnews.com/post.php?story=20260627134944965	1	140	-1	210	1	50	1067	10.2739726027397		
1311124251	20260628094500	20260628101500	1	webindia123.com	https://news.webindia123.com/news/Articles/World/20260628/4468357.html	2	572	-1	655	0	80	2039	-8.46394984326019		
1311091087	20260628010000	20260628101500	1	jpost.com	http://www.jpost.com/international/article-900671	2	163	-1	226	0	20	2074	-11.7283950617284		
1311114163	20260628074500	20260628101500	1	jpost.com	http://www.jpost.com/international/article-900671	2	163	-1	293	0	20	2074	-11.7283950617284		
1311108321	20260628061500	20260628101500	1	jpost.com	http://www.jpost.com/international/article-900671	6	1696	-1	1709	1	70	2074	-11.7283950617284		
1311108322	20260628061500	20260628101500	1	jpost.com	http://www.jpost.com/international/article-900671	6	1696	-1	1726	0	10	2074	-11.7283950617284		
1311108324	20260628061500	20260628101500	1	jpost.com	http://www.jpost.com/international/article-900671	6	1660	1673	1643	0	40	2074	-11.7283950617284		
1311108325	20260628061500	20260628101500	1	jpost.com	http://www.jpost.com/international/article-900671	6	1660	1673	1643	1	60	2074	-11.7283950617284		
1311126557	20260628101500	20260628101500	1	jpost.com	http://www.jpost.com/international/article-900671	2	163	207	125	0	10	2074	-11.7283950617284		
1311108330	20260628061500	20260628101500	1	jpost.com	http://www.jpost.com/international/article-900671	2	163	185	125	0	20	2074	-11.7283950617284		
1311126558	20260628101500	20260628101500	1	jpost.com	http://www.jpost.com/international/article-900671	2	163	184	125	1	10	2074	-11.7283950617284		
1311126559	20260628101500	20260628101500	1	jpost.com	http://www.jpost.com/international/article-900671	2	163	207	125	0	10	2074	-11.7283950617284		
1311126560	20260628101500	20260628101500	1	jpost.com	http://www.jpost.com/international/article-900671	1	53	26	41	0	10	2074	-11.7283950617284		
1311126561	20260628101500	20260628101500	1	jpost.com	http://www.jpost.com/international/article-900671	1	33	6	23	0	40	2074	-11.7283950617284		
1311126562	20260628101500	20260628101500	1	jpost.com	http://www.jpost.com/international/article-900671	1	53	26	41	0	10	2074	-11.7283950617284		
1311108333	20260628061500	20260628101500	1	jpost.com	http://www.jpost.com/international/article-900671	2	163	235	208	1	30	2074	-11.7283950617284		
1311109310	20260628063000	20260628101500	1	jpost.com	http://www.jpost.com/international/article-900678	5	1194	1261	1256	1	30	1626	-4.47154471544716		
1311109311	20260628063000	20260628101500	1	jpost.com	http://www.jpost.com/international/article-900678	5	1242	1256	1251	0	20	1626	-4.47154471544716		
1311112325	20260628070000	20260628101500	1	gazetteherald.co.uk	https://www.gazetteherald.co.uk/news/26230858.tributes-don-oldfield-engineer-cancer-battle/	6	2110	-1	2097	1	100	2656	0		
1311126563	20260628101500	20260628101500	1	universityworldnews.com	https://www.universityworldnews.com/post.php?story=20260627081834145	8	3955	4061	4041	1	30	18280	2.11189329381252		
1311126564	20260628101500	20260628101500	1	universityworldnews.com	https://www.universityworldnews.com/post.php?story=20260627081834145	8	3955	4061	4041	0	10	18280	2.11189329381252		
1311126565	20260628101500	20260628101500	1	universityworldnews.com	https://www.universityworldnews.com/post.php?story=20260627081834145	8	3955	4061	4041	0	10	18280	2.11189329381252		
1311122928	20260628093000	20260628101500	1	theage.com.au	https://www.theage.com.au/national/don-t-pay-gatto-don-t-get-access-leaks-expose-companies-with-gangland-figure-on-payroll-20260628-p60anl.html	13	4356	-1	4408	0	40	14670	-1.92884697813973		
1311122929	20260628093000	20260628101500	1	theage.com.au	https://www.theage.com.au/national/don-t-pay-gatto-don-t-get-access-leaks-expose-companies-with-gangland-figure-on-payroll-20260628-p60anl.html	42	13418	-1	13390	0	20	14670	-1.92884697813973		
1311122930	20260628093000	20260628101500	1	theage.com.au	https://www.theage.com.au/national/don-t-pay-gatto-don-t-get-access-leaks-expose-companies-with-gangland-figure-on-payroll-20260628-p60anl.html	13	4356	-1	4488	0	60	14670	-1.92884697813973		
1311122931	20260628093000	20260628101500	1	theage.com.au	https://www.theage.com.au/national/don-t-pay-gatto-don-t-get-access-leaks-expose-companies-with-gangland-figure-on-payroll-20260628-p60anl.html	21	7018	-1	7223	0	40	14670	-1.92884697813973		
1311126566	20260628101500	20260628101500	1	freebeacon.com	https://freebeacon.com/national-security/in-the-end-i-was-right-how-a-harvard-historian-helped-reagan-topple-soviet-communism/	11	6294	6346	6269	1	10	9843	-2.44798041615667		
1311126567	20260628101500	20260628101500	1	freebeacon.com	https://freebeacon.com/national-security/in-the-end-i-was-right-how-a-harvard-historian-helped-reagan-topple-soviet-communism/	11	6294	6346	6269	0	20	9843	-2.44798041615667		
1311111023	20260628070000	20260628101500	1	universityworldnews.com	https://www.universityworldnews.com/post.php?story=20260624113411692	26	8008	-1	8060	1	20	12890	-3.64526659412405		
1311126568	20260628101500	20260628101500	1	universityworldnews.com	https://www.universityworldnews.com/post.php?story=20260624113411692	29	9271	-1	9411	1	40	12890	-3.64526659412405		
1311126569	20260628101500	20260628101500	1	universityworldnews.com	https://www.universityworldnews.com/post.php?story=20260624113411692	29	9271	9402	9368	0	10	12890	-3.64526659412405		
1311126570	20260628101500	20260628101500	1	universityworldnews.com	https://www.universityworldnews.com/post.php?story=20260624113411692	29	9271	9385	9349	1	30	12890	-3.64526659412405		
1311126571	20260628101500	20260628101500	1	universityworldnews.com	https://www.universityworldnews.com/post.php?story=20260624113411692	26	8008	8026	8078	0	40	12890	-3.64526659412405		
1311126572	20260628101500	20260628101500	1	universityworldnews.com	https://www.universityworldnews.com/post.php?story=20260624113411692	29	9271	9289	9368	0	20	12890	-3.64526659412405		
1311118115	20260628083000	20260628101500	1	jpost.com	http://www.jpost.com/israel-news/defense-news/article-900665	3	505	530	516	0	30	1855	-9.58904109589041		
1311126573	20260628101500	20260628101500	1	jpost.com	http://www.jpost.com/israel-news/defense-news/article-900665	5	846	889	863	0	10	1855	-9.58904109589041		
1311126574	20260628101500	20260628101500	1	jpost.com	http://www.jpost.com/israel-news/defense-news/article-900665	5	846	889	863	1	40	1855	-9.58904109589041		
1311126575	20260628101500	20260628101500	1	webindia123.com	https://news.webindia123.com/news/Articles/India/20260628/4468383.html	2	307	-1	353	1	80	2477	2.91005291005291		
1311126576	20260628101500	20260628101500	1	qatar-tribune.com	https://www.qatar-tribune.com/article/241729/latest-news/qatar-strongly-condemns-irans-repeated-attacks-on-bahrain-and-kuwait	1	0	24	15	1	100	886	-6		
1311126577	20260628101500	20260628101500	1	qatar-tribune.com	https://www.qatar-tribune.com/article/241728/latest-news/qatar-led-rescue-mission-in-venezuela-reinforced-by-syrian-civil-defence-team-and-volunteers	1	0	28	10	1	100	1343	6.86274509803921		
1311098505	20260628031500	20260628101500	1	webindia123.com	https://news.webindia123.com/news/Articles/India/20260628/4468315.html	4	1169	-1	1157	0	40	2447	-1.55844155844156		
1311098505	20260628031500	20260628101500	1	asiabulletin.com	http://www.asiabulletin.com/news/279152914/trinamool-mp-dola-sen-seeks-fir-against-rebel-group-over-criminal-impersonation-forgery	4	1159	-1	1147	0	40	2480	-0.77720207253886		
1311098506	20260628031500	20260628101500	1	asiabulletin.com	http://www.asiabulletin.com/news/279152914/trinamool-mp-dola-sen-seeks-fir-against-rebel-group-over-criminal-impersonation-forgery	4	1159	1260	1147	1	60	2480	-0.77720207253886		
1311098506	20260628031500	20260628101500	1	webindia123.com	https://news.webindia123.com/news/Articles/India/20260628/4468315.html	4	1169	1270	1157	1	60	2447	-1.55844155844156		
1311098507	20260628031500	20260628101500	1	asiabulletin.com	http://www.asiabulletin.com/news/279152914/trinamool-mp-dola-sen-seeks-fir-against-rebel-group-over-criminal-impersonation-forgery	9	1776	1888	1792	1	50	2480	-0.77720207253886		
1311098507	20260628031500	20260628101500	1	webindia123.com	https://news.webindia123.com/news/Articles/India/20260628/4468315.html	9	1786	1898	1802	1	50	2447	-1.55844155844156		
1311125401	20260628100000	20260628101500	1	azernews.az	https://www.azernews.az/nation/260337.html	2	208	140	131	1	40	2049	1.66666666666666		
1311126578	20260628101500	20260628101500	1	universityworldnews.com	https://www.universityworldnews.com/post.php?story=20260627081834145	35	15200	15294	15282	0	10	18280	2.11189329381252		
1311126579	20260628101500	20260628101500	1	universityworldnews.com	https://www.universityworldnews.com/post.php?story=20260627081834145	35	15200	15294	15282	1	40	18280	2.11189329381252		
1311103812	20260628043000	20260628101500	1	freebeacon.com	https://freebeacon.com/national-security/in-the-end-i-was-right-how-a-harvard-historian-helped-reagan-topple-soviet-communism/	2	1130	-1	1118	0	30	9843	-2.44798041615667		
1311126580	20260628101500	20260628101500	1	freebeacon.com	https://freebeacon.com/national-security/in-the-end-i-was-right-how-a-harvard-historian-helped-reagan-topple-soviet-communism/	2	1130	-1	1118	0	10	9843	-2.44798041615667		
1311126581	20260628101500	20260628101500	1	freebeacon.com	https://freebeacon.com/national-security/in-the-end-i-was-right-how-a-harvard-historian-helped-reagan-topple-soviet-communism/	2	1098	-1	1111	0	20	9843	-2.44798041615667		
1311126582	20260628101500	20260628101500	1	freebeacon.com	https://freebeacon.com/national-security/in-the-end-i-was-right-how-a-harvard-historian-helped-reagan-topple-soviet-communism/	4	2001	-1	2044	0	20	9843	-2.44798041615667		
1311125404	20260628100000	20260628101500	1	azernews.az	https://www.azernews.az/oil_and_gas/260331.html	1	146	-1	175	1	100	1097	-3.57142857142857		
1311092983	20260628010000	20260628101500	1	universityworldnews.com	https://www.universityworldnews.com/post.php?story=20260610103334438	8	3788	-1	3803	1	30	6846	-1.82741116751269		
1311125406	20260628100000	20260628101500	1	azernews.az	https://www.azernews.az/business/260340.html	1	53	28	39	0	20	872	-0.704225352112676		
1311125407	20260628100000	20260628101500	1	azernews.az	https://www.azernews.az/business/260340.html	1	53	28	39	1	80	872	-0.704225352112676		
1311126583	20260628101500	20260628101500	1	freebeacon.com	https://freebeacon.com/national-security/in-the-end-i-was-right-how-a-harvard-historian-helped-reagan-topple-soviet-communism/	19	8928	9016	8899	0	20	9843	-2.44798041615667		
1311126584	20260628101500	20260628101500	1	freebeacon.com	https://freebeacon.com/national-security/in-the-end-i-was-right-how-a-harvard-historian-helped-reagan-topple-soviet-communism/	19	8894	8982	8882	0	20	9843	-2.44798041615667		
1311126585	20260628101500	20260628101500	1	freebeacon.com	https://freebeacon.com/national-security/in-the-end-i-was-right-how-a-harvard-historian-helped-reagan-topple-soviet-communism/	19	8928	9016	9005	0	20	9843	-2.44798041615667		
1311126586	20260628101500	20260628101500	1	freebeacon.com	https://freebeacon.com/national-security/in-the-end-i-was-right-how-a-harvard-historian-helped-reagan-topple-soviet-communism/	19	8894	8982	8971	0	20	9843	-2.44798041615667		
1311105873	20260628051500	20260628101500	1	freebeacon.com	https://freebeacon.com/national-security/in-the-end-i-was-right-how-a-harvard-historian-helped-reagan-topple-soviet-communism/	7	3259	3411	3461	0	40	9843	-2.44798041615667		
1311126587	20260628101500	20260628101500	1	freebeacon.com	https://freebeacon.com/national-security/in-the-end-i-was-right-how-a-harvard-historian-helped-reagan-topple-soviet-communism/	11	6247	6339	6262	0	10	9843	-2.44798041615667		
1311126588	20260628101500	20260628101500	1	freebeacon.com	https://freebeacon.com/national-security/in-the-end-i-was-right-how-a-harvard-historian-helped-reagan-topple-soviet-communism/	11	6264	6356	6279	0	10	9843	-2.44798041615667		
1311126589	20260628101500	20260628101500	1	universityworldnews.com	https://www.universityworldnews.com/post.php?story=20260610103334438	8	3788	3753	3759	0	10	6846	-1.82741116751269		
1311126590	20260628101500	20260628101500	1	universityworldnews.com	https://www.universityworldnews.com/post.php?story=20260610103334438	8	3788	3753	3759	1	40	6846	-1.82741116751269		
1311126591	20260628101500	20260628101500	1	freebeacon.com	https://freebeacon.com/national-security/in-the-end-i-was-right-how-a-harvard-historian-helped-reagan-topple-soviet-communism/	11	6247	6370	6262	0	10	9843	-2.44798041615667		
1311126592	20260628101500	20260628101500	1	freebeacon.com	https://freebeacon.com/national-security/in-the-end-i-was-right-how-a-harvard-historian-helped-reagan-topple-soviet-communism/	11	6264	6387	6279	0	10	9843	-2.44798041615667		
1311126593	20260628101500	20260628101500	1	universityworldnews.com	https://www.universityworldnews.com/post.php?story=20260627141824456	4	862	-1	894	1	50	1203	3.2258064516129		
1311114197	20260628074500	20260628101500	1	irishsun.com	http://www.irishsun.com/news/279152776/somali-immigrant-detained-after-car-plows-into-london-shoppers	7	958	974	1000	0	20	2219	-12.1037463976945		
1311114197	20260628074500	20260628101500	1	irishsun.com	http://www.irishsun.com/news/279152617/somalian-immigrant-detained-after-car-ploughs-into-london-shoppers	7	961	977	1003	0	20	2218	-12.1037463976945		
1311114204	20260628074500	20260628101500	1	irishsun.com	http://www.irishsun.com/news/279152776/somali-immigrant-detained-after-car-plows-into-london-shoppers	2	143	155	176	1	100	2219	-12.1037463976945		
1311114204	20260628074500	20260628101500	1	irishsun.com	http://www.irishsun.com/news/279152617/somalian-immigrant-detained-after-car-ploughs-into-london-shoppers	2	143	156	177	1	100	2218	-12.1037463976945		
1311126594	20260628101500	20260628101500	1	moneylife.in	https://moneylife.in/article/a-national-judicial-reforms-commission-a-proposal-india-cannot-afford-to-ignore/80908.html	18	6751	-1	6797	1	100	11543	-3.08924485125858		
1311126595	20260628101500	20260628101500	1	moneylife.in	https://moneylife.in/article/a-national-judicial-reforms-commission-a-proposal-india-cannot-afford-to-ignore/80908.html	18	6751	-1	6787	1	100	11543	-3.08924485125858		
1311121812	20260628091500	20260628101500	1	pressherald.com	https://www.pressherald.com/2026/06/28/we-should-be-more-focused-on-the-quality-of-sen-collins-votes-than-the-quantity-opinion/	6	1886	1938	1927	1	30	3963	-2.34009360374415		
1311107957	20260628061500	20260628101500	1	webindia123.com	https://news.webindia123.com/news/Articles/World/20260628/4468376.html	8	1956	-1	1881	1	100	4259	5.71870170015456		
1311108377	20260628061500	20260628101500	1	webindia123.com	https://news.webindia123.com/news/Articles/World/20260628/4468371.html	10	2750	-1	2741	1	60	2817	6.14657210401891		
1311124317	20260628094500	20260628101500	1	webindia123.com	https://news.webindia123.com/news/Articles/World/20260628/4468376.html	8	1956	-1	1895	1	100	4259	5.71870170015456		
1311115389	20260628080000	20260628101500	1	webindia123.com	https://news.webindia123.com/news/Articles/World/20260628/4468320.html	6	1592	-1	1661	0	10	2964	5.11111111111111		
1311115390	20260628080000	20260628101500	1	webindia123.com	https://news.webindia123.com/news/Articles/World/20260628/4468320.html	6	1592	-1	1661	1	30	2964	5.11111111111111		
1311115391	20260628080000	20260628101500	1	webindia123.com	https://news.webindia123.com/news/Articles/World/20260628/4468320.html	6	1592	-1	1661	0	10	2964	5.11111111111111		
1311124320	20260628094500	20260628101500	1	webindia123.com	https://news.webindia123.com/news/Articles/World/20260628/4468376.html	3	523	583	667	1	60	4259	5.71870170015456		
1311124321	20260628094500	20260628101500	1	webindia123.com	https://news.webindia123.com/news/Articles/World/20260628/4468376.html	3	497	580	664	0	40	4259	5.71870170015456		
1311115392	20260628080000	20260628101500	1	webindia123.com	https://news.webindia123.com/news/Articles/World/20260628/4468320.html	10	2885	2855	2835	0	20	2964	5.11111111111111		
1311115393	20260628080000	20260628101500	1	webindia123.com	https://news.webindia123.com/news/Articles/World/20260628/4468320.html	7	1947	1786	1801	1	50	2964	5.11111111111111		
1311108379	20260628061500	20260628101500	1	webindia123.com	https://news.webindia123.com/news/Articles/World/20260628/4468371.html	9	2619	2634	2658	0	40	2817	6.14657210401891		
1311115394	20260628080000	20260628101500	1	webindia123.com	https://news.webindia123.com/news/Articles/World/20260628/4468320.html	3	1167	1245	1178	0	40	2964	5.11111111111111		
1311115395	20260628080000	20260628101500	1	webindia123.com	https://news.webindia123.com/news/Articles/World/20260628/4468320.html	8	2090	2105	2146	0	20	2964	5.11111111111111		
1311120336	20260628090000	20260628101500	1	webindia123.com	https://news.webindia123.com/news/Articles/World/20260628/4468376.html	1	128	-1	139	0	20	4259	5.71870170015456		
1311097119	20260628024500	20260628101500	1	webindia123.com	https://news.webindia123.com/news/Articles/World/20260628/4468320.html	8	2098	-1	2109	0	20	2964	5.11111111111111		
1311124336	20260628094500	20260628101500	1	webindia123.com	https://news.webindia123.com/news/Articles/World/20260628/4468376.html	14	3722	3767	3895	0	10	4259	5.71870170015456		
1311115397	20260628080000	20260628101500	1	webindia123.com	https://news.webindia123.com/news/Articles/World/20260628/4468320.html	2	764	805	709	0	20	2964	5.11111111111111		
1311115398	20260628080000	20260628101500	1	webindia123.com	https://news.webindia123.com/news/Articles/World/20260628/4468320.html	2	764	803	709	0	20	2964	5.11111111111111		
1311115399	20260628080000	20260628101500	1	webindia123.com	https://news.webindia123.com/news/Articles/World/20260628/4468320.html	2	764	809	709	1	60	2964	5.11111111111111		
1311126596	20260628101500	20260628101500	1	joy.org.au	https://joy.org.au/saturdaymagazine/2026/06/sat-27th-june-2026-chad-hughes-ceo-of-thorne-harbour-health-lgbtiqa-update/	1	320	435	479	1	100	484	13.5802469135802		
1311126597	20260628101500	20260628101500	1	theage.com.au	https://www.theage.com.au/world/asia/everything-about-him-was-slow-inside-quiet-thai-life-of-suitcase-murder-suspect-20260628-p60aq3.html	15	3553	-1	3527	1	100	3885	-5.27086383601757		
1311126597	20260628101500	20260628101500	1	smh.com.au	https://www.smh.com.au/world/asia/everything-about-him-was-slow-inside-quiet-thai-life-of-suitcase-murder-suspect-20260628-p60aq3.html	15	3553	-1	3527	1	100	3885	-5.27086383601757		
1311108387	20260628061500	20260628101500	1	smh.com.au	https://www.smh.com.au/world/asia/everything-about-him-was-slow-inside-quiet-thai-life-of-suitcase-murder-suspect-20260628-p60aq3.html	10	1902	-1	1911	0	20	3885	-5.27086383601757		
1311108387	20260628061500	20260628101500	1	theage.com.au	https://www.theage.com.au/world/asia/everything-about-him-was-slow-inside-quiet-thai-life-of-suitcase-murder-suspect-20260628-p60aq3.html	10	1902	-1	1911	0	20	3885	-5.27086383601757		
1311126598	20260628101500	20260628101500	1	smh.com.au	https://www.smh.com.au/world/asia/everything-about-him-was-slow-inside-quiet-thai-life-of-suitcase-murder-suspect-20260628-p60aq3.html	17	3779	-1	3799	1	50	3885	-5.27086383601757		
1311126598	20260628101500	20260628101500	1	theage.com.au	https://www.theage.com.au/world/asia/everything-about-him-was-slow-inside-quiet-thai-life-of-suitcase-murder-suspect-20260628-p60aq3.html	17	3779	-1	3799	1	50	3885	-5.27086383601757		
1311126599	20260628101500	20260628101500	1	theage.com.au	https://www.theage.com.au/world/asia/everything-about-him-was-slow-inside-quiet-thai-life-of-suitcase-murder-suspect-20260628-p60aq3.html	7	1515	-1	1528	0	30	3885	-5.27086383601757		
1311126599	20260628101500	20260628101500	1	smh.com.au	https://www.smh.com.au/world/asia/everything-about-him-was-slow-inside-quiet-thai-life-of-suitcase-murder-suspect-20260628-p60aq3.html	7	1515	-1	1528	0	30	3885	-5.27086383601757		
1311126600	20260628101500	20260628101500	1	smh.com.au	https://www.smh.com.au/world/asia/everything-about-him-was-slow-inside-quiet-thai-life-of-suitcase-murder-suspect-20260628-p60aq3.html	1	45	-1	67	1	100	3885	-5.27086383601757		
1311126600	20260628101500	20260628101500	1	theage.com.au	https://www.theage.com.au/world/asia/everything-about-him-was-slow-inside-quiet-thai-life-of-suitcase-murder-suspect-20260628-p60aq3.html	1	45	-1	67	1	100	3885	-5.27086383601757		
1311126601	20260628101500	20260628101500	1	theage.com.au	https://www.theage.com.au/world/asia/everything-about-him-was-slow-inside-quiet-thai-life-of-suitcase-murder-suspect-20260628-p60aq3.html	3	255	270	281	1	30	3885	-5.27086383601757		
1311126601	20260628101500	20260628101500	1	smh.com.au	https://www.smh.com.au/world/asia/everything-about-him-was-slow-inside-quiet-thai-life-of-suitcase-murder-suspect-20260628-p60aq3.html	3	255	270	281	1	30	3885	-5.27086383601757		
1311096517	20260628023000	20260628101500	1	jpost.com	http://www.jpost.com/international/article-900693	2	124	234	180	1	100	1870	-8.23170731707317		
1311115409	20260628080000	20260628101500	1	jpost.com	http://www.jpost.com/international/article-900693	3	295	351	322	0	20	1870	-8.23170731707317		
1311126602	20260628101500	20260628101500	1	smh.com.au	https://www.smh.com.au/world/asia/everything-about-him-was-slow-inside-quiet-thai-life-of-suitcase-murder-suspect-20260628-p60aq3.html	3	255	270	291	0	10	3885	-5.27086383601757		
1311126602	20260628101500	20260628101500	1	theage.com.au	https://www.theage.com.au/world/asia/everything-about-him-was-slow-inside-quiet-thai-life-of-suitcase-murder-suspect-20260628-p60aq3.html	3	255	270	291	0	10	3885	-5.27086383601757		
1311126603	20260628101500	20260628101500	1	smh.com.au	https://www.smh.com.au/world/asia/everything-about-him-was-slow-inside-quiet-thai-life-of-suitcase-murder-suspect-20260628-p60aq3.html	3	255	270	292	1	20	3885	-5.27086383601757		
1311126603	20260628101500	20260628101500	1	theage.com.au	https://www.theage.com.au/world/asia/everything-about-him-was-slow-inside-quiet-thai-life-of-suitcase-murder-suspect-20260628-p60aq3.html	3	255	270	292	1	20	3885	-5.27086383601757		
1311126604	20260628101500	20260628101500	1	jpost.com	http://www.jpost.com/international/article-900693	2	124	234	284	1	100	1870	-8.23170731707317		
1311112179	20260628071500	20260628101500	1	smh.com.au	https://www.smh.com.au/world/asia/everything-about-him-was-slow-inside-quiet-thai-life-of-suitcase-murder-suspect-20260628-p60aq3.html	16	3584	3678	3593	0	40	3885	-5.27086383601757		
1311112179	20260628071500	20260628101500	1	theage.com.au	https://www.theage.com.au/world/asia/everything-about-him-was-slow-inside-quiet-thai-life-of-suitcase-murder-suspect-20260628-p60aq3.html	16	3584	3678	3593	0	40	3885	-5.27086383601757		
1311126605	20260628101500	20260628101500	1	smh.com.au	https://www.smh.com.au/world/asia/everything-about-him-was-slow-inside-quiet-thai-life-of-suitcase-murder-suspect-20260628-p60aq3.html	16	3619	3678	3667	0	20	3885	-5.27086383601757		
1311126605	20260628101500	20260628101500	1	theage.com.au	https://www.theage.com.au/world/asia/everything-about-him-was-slow-inside-quiet-thai-life-of-suitcase-murder-suspect-20260628-p60aq3.html	16	3619	3678	3667	0	20	3885	-5.27086383601757		
1311126606	20260628101500	20260628101500	1	theage.com.au	https://www.theage.com.au/world/asia/everything-about-him-was-slow-inside-quiet-thai-life-of-suitcase-murder-suspect-20260628-p60aq3.html	11	2394	2302	2293	1	100	3885	-5.27086383601757		
1311126606	20260628101500	20260628101500	1	smh.com.au	https://www.smh.com.au/world/asia/everything-about-him-was-slow-inside-quiet-thai-life-of-suitcase-murder-suspect-20260628-p60aq3.html	11	2394	2302	2293	1	100	3885	-5.27086383601757		
1311122960	20260628093000	20260628101500	1	jpost.com	http://www.jpost.com/international/article-900693	3	295	333	321	0	20	1870	-8.23170731707317		
1311122961	20260628093000	20260628101500	1	jpost.com	http://www.jpost.com/international/article-900693	3	295	329	317	1	40	1870	-8.23170731707317		
1311122962	20260628093000	20260628101500	1	jpost.com	http://www.jpost.com/international/article-900693	3	295	-1	307	1	60	1870	-8.23170731707317		
1311122965	20260628093000	20260628101500	1	gazetteseries.co.uk	https://www.gazetteseries.co.uk/news/national/26233959.real-progress-made-defence-spending-plan-week-jarvis-says/	26	6185	6300	6289	0	10	6599	1.4022787028922		
1311122965	20260628093000	20260628101500	1	hampshirechronicle.co.uk	https://www.hampshirechronicle.co.uk/news/national/26233959.real-progress-made-defence-spending-plan-week-jarvis-says/	26	6185	6300	6289	0	10	6599	1.4022787028922		
1311122965	20260628093000	20260628101500	1	times-series.co.uk	https://www.times-series.co.uk/news/national/26233959.real-progress-made-defence-spending-plan-week-jarvis-says/	26	6185	6300	6289	0	10	6599	1.4022787028922		
1311097815	20260628030000	20260628101500	1	hampshirechronicle.co.uk	https://www.hampshirechronicle.co.uk/news/national/26233959.real-progress-made-defence-spending-plan-week-jarvis-says/	26	6185	6318	6307	0	10	6599	1.4022787028922		
1311097815	20260628030000	20260628101500	1	times-series.co.uk	https://www.times-series.co.uk/news/national/26233959.real-progress-made-defence-spending-plan-week-jarvis-says/	26	6185	6318	6307	0	10	6599	1.4022787028922		
1311097815	20260628030000	20260628101500	1	gazetteseries.co.uk	https://www.gazetteseries.co.uk/news/national/26233959.real-progress-made-defence-spending-plan-week-jarvis-says/	26	6185	6318	6307	0	10	6599	1.4022787028922		
1311114220	20260628074500	20260628101500	1	jpost.com	http://www.jpost.com/international/article-900671	3	307	470	490	1	50	2074	-11.7283950617284		
1311125418	20260628100000	20260628101500	1	russiaherald.com	http://www.russiaherald.com/news/279153008/iran-us-trade-blame-as-attacks-resume-despite-fragile-truce	24	4210	4262	4285	1	30	4646	-8.26330532212885		
1311125418	20260628100000	20260628101500	1	rferl.org	https://www.rferl.org/a/iran-us-hormuz-cease-fire-violation-kuwait-bahrain-trump/33790546.html	21	3900	3952	3975	1	30	4109	-7.89889415481832		
1311125418	20260628100000	20260628101500	1	irishsun.com	http://www.irishsun.com/news/279153008/iran-us-trade-blame-as-attacks-resume-despite-fragile-truce	24	4210	4262	4285	1	30	4646	-8.26330532212885		
1311125419	20260628100000	20260628101500	1	russiaherald.com	http://www.russiaherald.com/news/279153008/iran-us-trade-blame-as-attacks-resume-despite-fragile-truce	24	4210	4262	4285	0	20	4646	-8.26330532212885		
1311125419	20260628100000	20260628101500	1	rferl.org	https://www.rferl.org/a/iran-us-hormuz-cease-fire-violation-kuwait-bahrain-trump/33790546.html	21	3900	3952	3975	0	20	4109	-7.89889415481832		
1311125419	20260628100000	20260628101500	1	irishsun.com	http://www.irishsun.com/news/279153008/iran-us-trade-blame-as-attacks-resume-despite-fragile-truce	24	4210	4262	4285	0	20	4646	-8.26330532212885		
1311126607	20260628101500	20260628101500	1	jpost.com	http://www.jpost.com/international/article-900671	3	307	523	490	1	10	2074	-11.7283950617284		
1311108395	20260628061500	20260628101500	1	jpost.com	http://www.jpost.com/international/article-900671	3	307	557	523	0	40	2074	-11.7283950617284		
1311109332	20260628063000	20260628101500	1	jpost.com	http://www.jpost.com/international/article-900690	3	363	-1	407	1	50	1923	2.28758169934641		
1311126608	20260628101500	20260628101500	1	indiatimes.com	https://timesofindia.indiatimes.com/world/rest-of-world/i-do-not-believe-in-free-press-uganda-military-chief-orders-media-shutdown-of-major-outlets/articleshow/132048074.cms	9	2187	-1	2198	0	20	2141	-2.00573065902579		
1311126609	20260628101500	20260628101500	1	indiatimes.com	https://timesofindia.indiatimes.com/world/rest-of-world/i-do-not-believe-in-free-press-uganda-military-chief-orders-media-shutdown-of-major-outlets/articleshow/132048074.cms	9	2187	2252	2222	0	20	2141	-2.00573065902579		
1311126610	20260628101500	20260628101500	1	indiatimes.com	https://timesofindia.indiatimes.com/world/rest-of-world/i-do-not-believe-in-free-press-uganda-military-chief-orders-media-shutdown-of-major-outlets/articleshow/132048074.cms	9	2187	2252	2198	0	20	2141	-2.00573065902579		
1311126611	20260628101500	20260628101500	1	indiatimes.com	https://timesofindia.indiatimes.com/world/rest-of-world/i-do-not-believe-in-free-press-uganda-military-chief-orders-media-shutdown-of-major-outlets/articleshow/132048074.cms	6	1398	1569	1551	0	20	2141	-2.00573065902579		
1311126612	20260628101500	20260628101500	1	indiatimes.com	https://timesofindia.indiatimes.com/world/rest-of-world/i-do-not-believe-in-free-press-uganda-military-chief-orders-media-shutdown-of-major-outlets/articleshow/132048074.cms	6	1375	1564	1528	0	20	2141	-2.00573065902579		
1311126613	20260628101500	20260628101500	1	indiatimes.com	https://timesofindia.indiatimes.com/world/rest-of-world/i-do-not-believe-in-free-press-uganda-military-chief-orders-media-shutdown-of-major-outlets/articleshow/132048074.cms	6	1461	1559	1541	1	60	2141	-2.00573065902579		
1311126614	20260628101500	20260628101500	1	jpost.com	http://www.jpost.com/international/article-900690	1	0	28	44	1	50	1923	2.28758169934641		
1311126615	20260628101500	20260628101500	1	jpost.com	http://www.jpost.com/international/article-900690	2	87	200	165	1	50	1923	2.28758169934641		
1311126616	20260628101500	20260628101500	1	spokesman.com	https://www.spokesman.com/stories/2026/jun/28/i-think-its-a-lovely-symbol-state-rep-helps-bring-/	3	1740	-1	1825	0	20	4687	2.3543990086741		
1311126617	20260628101500	20260628101500	1	themarketsdaily.com	https://www.themarketsdaily.com/2026/06/28/cornerstone-wealth-group-llc-acquires-14845-shares-of-mcdonalds-corporation-mcd.html	11	6689	-1	6726	0	40	7135	1.90114068441065		
1311126618	20260628101500	20260628101500	1	courant.com	https://www.courant.com/2026/06/28/a-single-act-of-mercy-to-the-enemy-made-a-british-soldier-a-hero-in-a-ct-town-his-legacy-lives/	15	7151	-1	7165	0	40	8379	-0.99220411055989		
1311087378	20260628000000	20260628101500	1	freebeacon.com	https://freebeacon.com/culture/americas-vision-statement/	1	269	-1	283	0	40	8405	-1.171875		
1311126619	20260628101500	20260628101500	1	courant.com	https://www.courant.com/2026/06/28/man-accused-of-recording-sexual-assault-of-four-underage-girls-in-ct/	3	737	-1	821	0	40	1674	-8.30324909747292		
1311126620	20260628101500	20260628101500	1	swissinfo.ch	https://www.swissinfo.ch/eng/swiss-politics/switzerland-has-made-an-advance-payment-of-500-million-for-the-f-35s/91663010	7	2164	-1	2139	1	30	3211	0.20449897750511		
1311111041	20260628070000	20260628101500	1	outinperth.com	https://www.outinperth.com/pete-buttigieg-has-shared-that-he-was-falsely-reported-for-abusing-his-children/	6	1505	-1	1519	0	80	2491	-8.98058252427185		
1311099343	20260628033000	20260628101500	1	queanbeyanage.com.au	https://www.queanbeyanage.com.au/story/9300650/trump-nominates-lance-schroyer-as-ice-director/	2	693	-1	707	0	40	1590	-5.09803921568627		
1311089983	20260628001500	20260628101500	1	themarketsdaily.com	https://www.themarketsdaily.com/2026/06/28/op-asset-management-ltd-acquires-shares-of-20083-american-water-works-company-inc-awk.html	13	5493	-1	5537	1	100	6015	2.07877461706784		
1311096521	20260628023000	20260628101500	1	spokesman.com	https://www.spokesman.com/stories/2026/jun/28/preserving-history-250-years-in-daughters-of-ameri/	2	260	-1	405	0	20	5249	2.78099652375434		
1311126621	20260628101500	20260628101500	1	spokesman.com	https://www.spokesman.com/stories/2026/jun/28/who-is-your-american-hero-locals-share-their-favor/	6	2747	-1	2800	0	40	9462	2.12628865979381		
1311126622	20260628101500	20260628101500	1	spokesman.com	https://www.spokesman.com/stories/2026/jun/28/preserving-history-250-years-in-daughters-of-ameri/	1	107	-1	159	1	60	5249	2.78099652375434		
1311126623	20260628101500	20260628101500	1	spokesman.com	https://www.spokesman.com/stories/2026/jun/28/preserving-history-250-years-in-daughters-of-ameri/	1	156	-1	177	0	40	5249	2.78099652375434		
1311090512	20260628004500	20260628101500	1	inverness-courier.co.uk	https://www.inverness-courier.co.uk/news/aiming-to-live-out-the-love-of-god-every-day-438424/	2	604	-1	-1	0	20	2655	0		
1311090512	20260628004500	20260628101500	1	bristolpost.co.uk	https://www.bristolpost.co.uk/news/real-life/steven-bartlett-urges-people-stop-11027777	1	0	-1	14	0	40	2600	2.68595041322314		
1311126624	20260628101500	20260628101500	1	courant.com	https://www.courant.com/2026/06/28/man-has-been-charged-in-i-95-crash-with-off-duty-officer-he-was-allegedly-parked-in-travel-lane/	17	5052	-1	5069	0	40	5753	-5.31914893617021		
1311126625	20260628101500	20260628101500	1	mexicoledger.com	http://www.mexicoledger.com/stories/mexico-to-host-first-annual-jeep-thing,120066	12	3073	-1	3055	0	20	3073	0		
1311126626	20260628101500	20260628101500	1	spokesman.com	https://www.spokesman.com/stories/2026/jun/28/preserving-history-250-years-in-daughters-of-ameri/	13	4436	-1	4603	0	40	5249	2.78099652375434		
1311126627	20260628101500	20260628101500	1	spokesman.com	https://www.spokesman.com/stories/2026/jun/28/who-is-your-american-hero-locals-share-their-favor/	1	537	-1	503	0	20	9462	2.12628865979381		
1311091574	20260628010000	20260628101500	1	courant.com	https://www.courant.com/2026/06/28/man-accused-of-recording-sexual-assault-of-four-underage-girls-in-ct/	3	785	-1	773	1	60	1674	-8.30324909747292		
1311126628	20260628101500	20260628101500	1	spokesman.com	https://www.spokesman.com/stories/2026/jun/28/i-think-its-a-lovely-symbol-state-rep-helps-bring-/	6	4564	-1	4578	0	40	4687	2.3543990086741		
1311126629	20260628101500	20260628101500	1	spokesman.com	https://www.spokesman.com/stories/2026/jun/28/i-think-its-a-lovely-symbol-state-rep-helps-bring-/	6	4588	-1	4606	0	40	4687	2.3543990086741		
1311096536	20260628023000	20260628101500	1	freebeacon.com	https://freebeacon.com/culture/americas-vision-statement/	20	7486	-1	7550	0	20	8405	-1.171875		
1311096536	20260628023000	20260628101500	1	spokesman.com	https://www.spokesman.com/stories/2026/jun/28/america-250-mac-exhibit-celebrates-ordinary-and-hi/	9	1954	-1	1995	1	100	5870	2.51256281407036		
1311126630	20260628101500	20260628101500	1	spokesman.com	https://www.spokesman.com/stories/2026/jun/27/mcdonalds-new-fried-apple-pie-cant-live-up-to-its-/	13	5187	-1	5163	0	20	7077	-0.89722675367048		
1311126631	20260628101500	20260628101500	1	spokesman.com	https://www.spokesman.com/stories/2026/jun/27/mcdonalds-new-fried-apple-pie-cant-live-up-to-its-/	13	5212	-1	5163	1	30	7077	-0.89722675367048		
1311089527	20260628003000	20260628101500	1	universityworldnews.com	https://www.universityworldnews.com/post.php?story=20260624115600905	10	4795	-1	4781	1	100	7633	2.40213523131673		
1311087424	20260628000000	20260628101500	1	queanbeyanage.com.au	https://www.queanbeyanage.com.au/story/9300650/trump-nominates-lance-schroyer-as-ice-director/	4	932	-1	986	0	40	1590	-5.09803921568627		
1311099362	20260628033000	20260628101500	1	hngnews.com	http://www.hngnews.com/nation_world/3-firefighters-killed-2-injured-while-tackling-wildfires-on-the-colorado-utah-border/article_48af6aaa-c408-5771-8318-e23960fb9001.html	15	3726	-1	3756	0	10	4408	-3.35195530726257		
1311099362	20260628033000	20260628101500	1	queanbeyanage.com.au	https://www.queanbeyanage.com.au/story/9300564/two-firefighters-killed-as-fires-rage-across-western-us/	15	3908	-1	3934	0	20	4258	-3.86266094420601		
1311099363	20260628033000	20260628101500	1	hngnews.com	http://www.hngnews.com/nation_world/3-firefighters-killed-2-injured-while-tackling-wildfires-on-the-colorado-utah-border/article_48af6aaa-c408-5771-8318-e23960fb9001.html	15	3733	-1	3759	0	10	4408	-3.35195530726257		
1311098542	20260628031500	20260628101500	1	wlky.com	https://www.wlky.com/article/colorado-utah-border-wildfires/71759836	12	3629	-1	3655	0	20	4312	-3.23943661971831		
1311098542	20260628031500	20260628101500	1	mynbc5.com	https://www.mynbc5.com/article/colorado-utah-border-wildfires/71759836	12	3629	-1	3655	0	20	4312	-3.23943661971831		
1311126632	20260628101500	20260628101500	1	spokesman.com	https://www.spokesman.com/stories/2026/jun/28/i-think-its-a-lovely-symbol-state-rep-helps-bring-/	3	1740	-1	1955	0	20	4687	2.3543990086741		
1311089531	20260628003000	20260628101500	1	spokesman.com	https://www.spokesman.com/stories/2026/jun/28/america-250-mac-exhibit-celebrates-ordinary-and-hi/	4	449	-1	509	0	100	5870	2.51256281407036		
1311126633	20260628101500	20260628101500	1	spokesman.com	https://www.spokesman.com/stories/2026/jun/28/think-about-what-it-took-northwest-tribal-leaders-/	22	8628	-1	8712	0	30	9511	-0.1914486279515		
1311087435	20260628000000	20260628101500	1	hngnews.com	http://www.hngnews.com/nation_world/3-firefighters-killed-2-injured-while-tackling-wildfires-on-the-colorado-utah-border/article_48af6aaa-c408-5771-8318-e23960fb9001.html	14	3436	-1	3374	1	50	4408	-3.35195530726257		
1311087435	20260628000000	20260628101500	1	queanbeyanage.com.au	https://www.queanbeyanage.com.au/story/9300564/two-firefighters-killed-as-fires-rage-across-western-us/	14	3625	-1	3562	1	70	4258	-3.86266094420601		
1311125442	20260628100000	20260628101500	1	hngnews.com	http://www.hngnews.com/nation_world/3-firefighters-killed-2-injured-while-tackling-wildfires-on-the-colorado-utah-border/article_48af6aaa-c408-5771-8318-e23960fb9001.html	14	3455	-1	3374	0	20	4408	-3.35195530726257		
1311126634	20260628101500	20260628101500	1	inverness-courier.co.uk	https://www.inverness-courier.co.uk/news/aiming-to-live-out-the-love-of-god-every-day-438424/	5	1631	-1	1650	0	40	2655	0		
1311090681	20260628003000	20260628101500	1	freebeacon.com	https://freebeacon.com/culture/americas-vision-statement/	3	1661	-1	1672	1	100	8405	-1.171875		
1311126635	20260628101500	20260628101500	1	theadvocate.com	https://www.theadvocate.com/baton_rouge/opinion/hillyer-semiquicentennial-john-adams-declaration-indpendence/article_4e02b722-bdb5-5fe4-9423-967b7f16bd70.html	1	10	-1	60	0	20	4973	1.7743979721166		
1311126636	20260628101500	20260628101500	1	theadvocate.com	https://www.theadvocate.com/baton_rouge/opinion/hillyer-semiquicentennial-john-adams-declaration-indpendence/article_4e02b722-bdb5-5fe4-9423-967b7f16bd70.html	1	10	-1	35	1	50	4973	1.7743979721166		
1311120827	20260628090000	20260628101500	1	gazetteherald.co.uk	https://www.gazetteherald.co.uk/news/26230858.tributes-don-oldfield-engineer-cancer-battle/	3	842	858	833	0	10	2656	0		
1311120828	20260628090000	20260628101500	1	gazetteherald.co.uk	https://www.gazetteherald.co.uk/news/26230858.tributes-don-oldfield-engineer-cancer-battle/	3	842	858	833	0	10	2656	0		
1311119595	20260628084500	20260628101500	1	gazetteseries.co.uk	https://www.gazetteseries.co.uk/news/national/26229533.cargo-ship-hit-un-approved-route-strait-hormuz/	16	4577	4614	4591	0	20	6101	-3.61681329423265		
1311119595	20260628084500	20260628101500	1	times-series.co.uk	https://www.times-series.co.uk/news/national/26229533.cargo-ship-hit-un-approved-route-strait-hormuz/	16	4577	4614	4591	0	20	6101	-3.61681329423265		
1311119596	20260628084500	20260628101500	1	gazetteseries.co.uk	https://www.gazetteseries.co.uk/news/national/26229533.cargo-ship-hit-un-approved-route-strait-hormuz/	16	4592	4629	4606	0	20	6101	-3.61681329423265		
1311119596	20260628084500	20260628101500	1	times-series.co.uk	https://www.times-series.co.uk/news/national/26229533.cargo-ship-hit-un-approved-route-strait-hormuz/	16	4592	4629	4606	0	20	6101	-3.61681329423265		
1311111526	20260628064500	20260628101500	1	freebeacon.com	https://freebeacon.com/culture/americas-vision-statement/	17	6388	6419	6402	0	40	8405	-1.171875		
1311107329	20260628060000	20260628101500	1	freebeacon.com	https://freebeacon.com/culture/americas-vision-statement/	12	5302	5369	5319	0	10	8405	-1.171875		
1311126637	20260628101500	20260628101500	1	freebeacon.com	https://freebeacon.com/culture/americas-vision-statement/	12	5319	5386	5336	0	10	8405	-1.171875		
1311126638	20260628101500	20260628101500	1	courant.com	https://www.courant.com/2026/06/28/man-has-been-charged-in-i-95-crash-with-off-duty-officer-he-was-allegedly-parked-in-travel-lane/	12	3118	3079	3086	0	40	5753	-5.31914893617021		
1311126639	20260628101500	20260628101500	1	spokesman.com	https://www.spokesman.com/stories/2026/jun/28/think-about-what-it-took-northwest-tribal-leaders-/	6	2482	2561	2522	0	10	9511	-0.1914486279515		
1311126640	20260628101500	20260628101500	1	spokesman.com	https://www.spokesman.com/stories/2026/jun/28/think-about-what-it-took-northwest-tribal-leaders-/	6	2468	2547	2508	0	10	9511	-0.1914486279515		
1311126641	20260628101500	20260628101500	1	spokesman.com	https://www.spokesman.com/stories/2026/jun/28/think-about-what-it-took-northwest-tribal-leaders-/	6	2468	2547	2508	0	20	9511	-0.1914486279515		
1311126642	20260628101500	20260628101500	1	kptv.com	https://www.kptv.com/2026/06/28/usa-fencings-summer-nationals-return-portland-free-to-attend-convention-center/	2	173	146	161	1	100	2323	2.33766233766234		
1311121839	20260628091500	20260628101500	1	pressherald.com	https://www.pressherald.com/2026/06/28/those-who-serve-the-struggling-deserve-respect-not-abuse-letter/	1	89	213	159	1	100	1518	-0.39840637450199		
1311126643	20260628101500	20260628101500	1	spokesman.com	https://www.spokesman.com/stories/2026/jun/28/preserving-history-250-years-in-daughters-of-ameri/	13	4436	4695	4672	0	40	5249	2.78099652375434		
1311126644	20260628101500	20260628101500	1	spokesman.com	https://www.spokesman.com/stories/2026/jun/28/who-is-your-american-hero-locals-share-their-favor/	1	533	570	499	1	60	9462	2.12628865979381		
1311126645	20260628101500	20260628101500	1	spokesman.com	https://www.spokesman.com/stories/2026/jun/28/who-is-your-american-hero-locals-share-their-favor/	1	537	596	503	0	20	9462	2.12628865979381		
1311126646	20260628101500	20260628101500	1	universityworldnews.com	https://www.universityworldnews.com/post.php?story=20260624115600905	1	765	825	787	1	100	7633	2.40213523131673		
1311126647	20260628101500	20260628101500	1	universityworldnews.com	https://www.universityworldnews.com/post.php?story=20260624115600905	3	1556	1630	1570	1	100	7633	2.40213523131673		
1311126648	20260628101500	20260628101500	1	courant.com	https://www.courant.com/2026/06/28/opinion-free-speech-and-me-in-connecticut-still-fresh-after-250-years/	10	2416	2368	2391	0	10	3898	-0.15105740181269		
1311126649	20260628101500	20260628101500	1	courant.com	https://www.courant.com/2026/06/28/opinion-free-speech-and-me-in-connecticut-still-fresh-after-250-years/	10	2416	2368	2391	0	10	3898	-0.15105740181269		
1311126650	20260628101500	20260628101500	1	courant.com	https://www.courant.com/2026/06/28/opinion-free-speech-and-me-in-connecticut-still-fresh-after-250-years/	10	2416	2368	2382	0	20	3898	-0.15105740181269		
1311126651	20260628101500	20260628101500	1	universityworldnews.com	https://www.universityworldnews.com/post.php?story=20260627155723800	1	215	164	231	1	100	1361	0		
1311126652	20260628101500	20260628101500	1	theadvocate.com	https://www.theadvocate.com/baton_rouge/opinion/hillyer-semiquicentennial-john-adams-declaration-indpendence/article_4e02b722-bdb5-5fe4-9423-967b7f16bd70.html	10	2141	2272	2155	0	40	4973	1.7743979721166		
1311126653	20260628101500	20260628101500	1	courant.com	https://www.courant.com/2026/06/28/a-single-act-of-mercy-to-the-enemy-made-a-british-soldier-a-hero-in-a-ct-town-his-legacy-lives/	1	373	490	391	0	20	8379	-0.99220411055989		
1311110218	20260628064500	20260628101500	1	russiaherald.com	http://www.russiaherald.com/news/279152802/lebanese-us-presidents-discuss-israel-lebanon-framework-agreement-hint-at-potential-washington-meet	7	1933	1908	1895	1	60	3981	4.20168067226891		
1311102559	20260628043000	20260628101500	1	queanbeyanage.com.au	https://www.queanbeyanage.com.au/story/9300564/two-firefighters-killed-as-fires-rage-across-western-us/	11	3195	3166	3184	1	100	4258	-3.86266094420601		
1311119601	20260628084500	20260628101500	1	times-series.co.uk	https://www.times-series.co.uk/news/national/26229533.cargo-ship-hit-un-approved-route-strait-hormuz/	14	4104	4122	4118	0	40	6101	-3.61681329423265		
1311119601	20260628084500	20260628101500	1	gazetteseries.co.uk	https://www.gazetteseries.co.uk/news/national/26229533.cargo-ship-hit-un-approved-route-strait-hormuz/	14	4104	4122	4118	0	40	6101	-3.61681329423265		
1311115471	20260628080000	20260628101500	1	russiaherald.com	http://www.russiaherald.com/news/279152802/lebanese-us-presidents-discuss-israel-lebanon-framework-agreement-hint-at-potential-washington-meet	4	1008	1037	1022	1	80	3981	4.20168067226891		
1311115472	20260628080000	20260628101500	1	russiaherald.com	http://www.russiaherald.com/news/279152802/lebanese-us-presidents-discuss-israel-lebanon-framework-agreement-hint-at-potential-washington-meet	4	1008	1037	1022	1	20	3981	4.20168067226891		
1311090560	20260628004500	20260628101500	1	pressherald.com	https://www.pressherald.com/2026/06/28/we-should-be-more-focused-on-the-quality-of-sen-collins-votes-than-the-quantity-opinion/	6	1812	1938	1927	0	30	3963	-2.34009360374415		
1311121849	20260628091500	20260628101500	1	pressherald.com	https://www.pressherald.com/2026/06/28/we-should-be-more-focused-on-the-quality-of-sen-collins-votes-than-the-quantity-opinion/	9	3407	3443	3484	0	20	3963	-2.34009360374415		
1311125459	20260628100000	20260628101500	1	hngnews.com	http://www.hngnews.com/nation_world/3-firefighters-killed-2-injured-while-tackling-wildfires-on-the-colorado-utah-border/article_48af6aaa-c408-5771-8318-e23960fb9001.html	2	188	121	152	0	40	4408	-3.35195530726257		
1311125460	20260628100000	20260628101500	1	hngnews.com	http://www.hngnews.com/nation_world/3-firefighters-killed-2-injured-while-tackling-wildfires-on-the-colorado-utah-border/article_48af6aaa-c408-5771-8318-e23960fb9001.html	2	179	112	143	1	40	4408	-3.35195530726257		
1311125461	20260628100000	20260628101500	1	hngnews.com	http://www.hngnews.com/nation_world/3-firefighters-killed-2-injured-while-tackling-wildfires-on-the-colorado-utah-border/article_48af6aaa-c408-5771-8318-e23960fb9001.html	2	204	140	166	0	20	4408	-3.35195530726257		
1311126654	20260628101500	20260628101500	1	spokesman.com	https://www.spokesman.com/stories/2026/jun/28/inland-nw-republicans-lukewarm-on-us-iran-deal-but/	24	7012	7040	7018	1	20	7444	-2.49597423510467		
1311126655	20260628101500	20260628101500	1	spokesman.com	https://www.spokesman.com/stories/2026/jun/28/inland-nw-republicans-lukewarm-on-us-iran-deal-but/	24	7043	7077	7055	0	20	7444	-2.49597423510467		
1311126656	20260628101500	20260628101500	1	spokesman.com	https://www.spokesman.com/stories/2026/jun/28/inland-nw-republicans-lukewarm-on-us-iran-deal-but/	24	7012	7048	7026	0	40	7444	-2.49597423510467		
1311126657	20260628101500	20260628101500	1	spokesman.com	https://www.spokesman.com/stories/2026/jun/28/inland-nw-republicans-lukewarm-on-us-iran-deal-but/	24	7031	7065	7043	0	20	7444	-2.49597423510467		
1311119605	20260628084500	20260628101500	1	gazetteseries.co.uk	https://www.gazetteseries.co.uk/news/national/26229533.cargo-ship-hit-un-approved-route-strait-hormuz/	14	4119	4277	4203	0	20	6101	-3.61681329423265		
1311119606	20260628084500	20260628101500	1	gazetteseries.co.uk	https://www.gazetteseries.co.uk/news/national/26229533.cargo-ship-hit-un-approved-route-strait-hormuz/	14	4104	4262	4188	0	20	6101	-3.61681329423265		
1311120836	20260628090000	20260628101500	1	times-series.co.uk	https://www.times-series.co.uk/news/national/26229533.cargo-ship-hit-un-approved-route-strait-hormuz/	14	4104	4262	4188	0	20	6101	-3.61681329423265		
1311100541	20260628033000	20260628101500	1	times-series.co.uk	https://www.times-series.co.uk/news/national/26229533.cargo-ship-hit-un-approved-route-strait-hormuz/	14	4119	4277	4203	0	20	6101	-3.61681329423265		
1311126658	20260628101500	20260628101500	1	spokesman.com	https://www.spokesman.com/stories/2026/jun/28/inland-nw-republicans-lukewarm-on-us-iran-deal-but/	24	7012	7040	7033	1	60	7444	-2.49597423510467		
1311126659	20260628101500	20260628101500	1	spokesman.com	https://www.spokesman.com/stories/2026/jun/28/inland-nw-republicans-lukewarm-on-us-iran-deal-but/	24	7012	7048	7041	0	20	7444	-2.49597423510467		
1311126660	20260628101500	20260628101500	1	spokesman.com	https://www.spokesman.com/stories/2026/jun/28/inland-nw-republicans-lukewarm-on-us-iran-deal-but/	24	7000	7065	7060	0	20	7444	-2.49597423510467		
1311126661	20260628101500	20260628101500	1	spokesman.com	https://www.spokesman.com/stories/2026/jun/28/inland-nw-republicans-lukewarm-on-us-iran-deal-but/	10	2759	2830	2788	0	20	7444	-2.49597423510467		
1311126662	20260628101500	20260628101500	1	spokesman.com	https://www.spokesman.com/stories/2026/jun/28/inland-nw-republicans-lukewarm-on-us-iran-deal-but/	10	2759	2830	2788	1	60	7444	-2.49597423510467		
1311126663	20260628101500	20260628101500	1	spokesman.com	https://www.spokesman.com/stories/2026/jun/28/inland-nw-republicans-lukewarm-on-us-iran-deal-but/	10	2759	2830	2788	0	20	7444	-2.49597423510467		
1311097157	20260628024500	20260628101500	1	rferl.org	https://www.rferl.org/a/iran-us-hormuz-cease-fire-violation-kuwait-bahrain-trump/33790546.html	19	3262	3249	3292	0	10	4109	-7.89889415481832		
1311097157	20260628024500	20260628101500	1	russiaherald.com	http://www.russiaherald.com/news/279153008/iran-us-trade-blame-as-attacks-resume-despite-fragile-truce	21	3497	3484	3527	0	10	4646	-8.26330532212885		
1311097157	20260628024500	20260628101500	1	irishsun.com	http://www.irishsun.com/news/279153008/iran-us-trade-blame-as-attacks-resume-despite-fragile-truce	21	3497	3484	3527	0	10	4646	-8.26330532212885		
1311097158	20260628024500	20260628101500	1	irishsun.com	http://www.irishsun.com/news/279153008/iran-us-trade-blame-as-attacks-resume-despite-fragile-truce	21	3497	3484	3527	0	10	4646	-8.26330532212885		
1311097158	20260628024500	20260628101500	1	rferl.org	https://www.rferl.org/a/iran-us-hormuz-cease-fire-violation-kuwait-bahrain-trump/33790546.html	19	3262	3249	3292	0	10	4109	-7.89889415481832		
1311097158	20260628024500	20260628101500	1	russiaherald.com	http://www.russiaherald.com/news/279153008/iran-us-trade-blame-as-attacks-resume-despite-fragile-truce	21	3497	3484	3527	0	10	4646	-8.26330532212885		
1311102565	20260628043000	20260628101500	1	irishsun.com	http://www.irishsun.com/news/279153008/iran-us-trade-blame-as-attacks-resume-despite-fragile-truce	21	3497	3484	3527	1	30	4646	-8.26330532212885		
1311102565	20260628043000	20260628101500	1	russiaherald.com	http://www.russiaherald.com/news/279153008/iran-us-trade-blame-as-attacks-resume-despite-fragile-truce	21	3497	3484	3527	1	30	4646	-8.26330532212885		
1311102565	20260628043000	20260628101500	1	rferl.org	https://www.rferl.org/a/iran-us-hormuz-cease-fire-violation-kuwait-bahrain-trump/33790546.html	19	3262	3249	3292	1	30	4109	-7.89889415481832		
1311125467	20260628100000	20260628101500	1	irishsun.com	http://www.irishsun.com/news/279153008/iran-us-trade-blame-as-attacks-resume-despite-fragile-truce	13	2209	2266	2241	0	10	4646	-8.26330532212885		
1311125467	20260628100000	20260628101500	1	russiaherald.com	http://www.russiaherald.com/news/279153008/iran-us-trade-blame-as-attacks-resume-despite-fragile-truce	13	2209	2266	2241	0	10	4646	-8.26330532212885		
1311125468	20260628100000	20260628101500	1	irishsun.com	http://www.irishsun.com/news/279153008/iran-us-trade-blame-as-attacks-resume-despite-fragile-truce	13	2209	2266	2241	1	30	4646	-8.26330532212885		
1311125468	20260628100000	20260628101500	1	russiaherald.com	http://www.russiaherald.com/news/279153008/iran-us-trade-blame-as-attacks-resume-despite-fragile-truce	13	2209	2266	2241	1	30	4646	-8.26330532212885		
1311125468	20260628100000	20260628101500	1	rferl.org	https://www.rferl.org/a/iran-us-hormuz-cease-fire-violation-kuwait-bahrain-trump/33790546.html	11	2045	2102	2077	1	30	4109	-7.89889415481832		
1311125469	20260628100000	20260628101500	1	russiaherald.com	http://www.russiaherald.com/news/279153008/iran-us-trade-blame-as-attacks-resume-despite-fragile-truce	13	2209	2266	2241	0	10	4646	-8.26330532212885		
1311125469	20260628100000	20260628101500	1	rferl.org	https://www.rferl.org/a/iran-us-hormuz-cease-fire-violation-kuwait-bahrain-trump/33790546.html	11	2045	2102	2077	0	10	4109	-7.89889415481832		
1311125469	20260628100000	20260628101500	1	irishsun.com	http://www.irishsun.com/news/279153008/iran-us-trade-blame-as-attacks-resume-despite-fragile-truce	13	2209	2266	2241	0	10	4646	-8.26330532212885		
1311099404	20260628033000	20260628101500	1	rferl.org	https://www.rferl.org/a/iran-us-hormuz-cease-fire-violation-kuwait-bahrain-trump/33790546.html	11	2045	2102	2077	0	10	4109	-7.89889415481832		
1311126664	20260628101500	20260628101500	1	spokesman.com	https://www.spokesman.com/stories/2026/jun/28/inland-nw-republicans-lukewarm-on-us-iran-deal-but/	1	120	219	211	0	20	7444	-2.49597423510467		
1311126665	20260628101500	20260628101500	1	spokesman.com	https://www.spokesman.com/stories/2026/jun/28/inland-nw-republicans-lukewarm-on-us-iran-deal-but/	1	120	198	187	1	80	7444	-2.49597423510467		
1311098575	20260628031500	20260628101500	1	khaama.com	https://www.khaama.com/iran-targets-us-bases-in-kuwait-bahrain/	4	916	1013	1000	0	20	2569	-6.06860158311346		
1311093474	20260628013000	20260628101500	1	spokesman.com	https://www.spokesman.com/stories/2026/jun/28/inland-nw-republicans-lukewarm-on-us-iran-deal-but/	1	120	219	195	0	20	7444	-2.49597423510467		
1311126666	20260628101500	20260628101500	1	spokesman.com	https://www.spokesman.com/stories/2026/jun/28/inland-nw-republicans-lukewarm-on-us-iran-deal-but/	1	120	235	211	0	20	7444	-2.49597423510467		
1311126667	20260628101500	20260628101500	1	spokesman.com	https://www.spokesman.com/stories/2026/jun/28/inland-nw-republicans-lukewarm-on-us-iran-deal-but/	1	120	198	172	1	60	7444	-2.49597423510467		
1311126668	20260628101500	20260628101500	1	jpost.com	http://www.jpost.com/israel-news/defense-news/article-900701	12	2331	2432	-1	0	10	5490	-3.45596432552954		
1311126669	20260628101500	20260628101500	1	jpost.com	http://www.jpost.com/israel-news/defense-news/article-900701	12	2331	2432	-1	0	10	5490	-3.45596432552954		
1311126670	20260628101500	20260628101500	1	chesterstandard.co.uk	https://www.chesterstandard.co.uk/news/26234504.bristol-airport-named-among-uks-worst-flight-delays/	1	195	204	141	1	100	3324	-5.92885375494071		
1311115475	20260628080000	20260628101500	1	russiaherald.com	http://www.russiaherald.com/news/279152802/lebanese-us-presidents-discuss-israel-lebanon-framework-agreement-hint-at-potential-washington-meet	14	3710	3726	3657	0	20	3981	4.20168067226891		
1311124392	20260628094500	20260628101500	1	webindia123.com	https://news.webindia123.com/news/Articles/World/20260628/4468350.html	22	5524	5540	5471	0	20	5651	-6.27802690582959		
1311113394	20260628073000	20260628101500	1	webindia123.com	https://news.webindia123.com/news/Articles/World/20260628/4468350.html	22	5540	5554	5483	0	20	5651	-6.27802690582959		
1311113394	20260628073000	20260628101500	1	russiaherald.com	http://www.russiaherald.com/news/279152802/lebanese-us-presidents-discuss-israel-lebanon-framework-agreement-hint-at-potential-washington-meet	14	3710	3726	3657	0	20	3981	4.20168067226891		
1311087487	20260628000000	20260628101500	1	russiaherald.com	http://www.russiaherald.com/news/279152802/lebanese-us-presidents-discuss-israel-lebanon-framework-agreement-hint-at-potential-washington-meet	14	3710	3726	3657	1	60	3981	4.20168067226891		
1311087487	20260628000000	20260628101500	1	webindia123.com	https://news.webindia123.com/news/Articles/World/20260628/4468350.html	22	5524	5540	5471	1	60	5651	-6.27802690582959		
1311126671	20260628101500	20260628101500	1	jpost.com	http://www.jpost.com/israel-news/defense-news/article-900701	6	1197	1208	1276	1	40	5490	-3.45596432552954		
1311126672	20260628101500	20260628101500	1	jpost.com	http://www.jpost.com/israel-news/defense-news/article-900701	6	1197	1208	1290	0	10	5490	-3.45596432552954		
1311126673	20260628101500	20260628101500	1	jpost.com	http://www.jpost.com/israel-news/defense-news/article-900701	6	1197	1208	1276	1	30	5490	-3.45596432552954		
1311126674	20260628101500	20260628101500	1	jpost.com	http://www.jpost.com/opinion/article-900704	8	1183	1246	1280	1	100	3963	0.289855072463761		
1311115478	20260628080000	20260628101500	1	russiaherald.com	http://www.russiaherald.com/news/279152802/lebanese-us-presidents-discuss-israel-lebanon-framework-agreement-hint-at-potential-washington-meet	10	2728	2776	2761	0	20	3981	4.20168067226891		
1311115479	20260628080000	20260628101500	1	russiaherald.com	http://www.russiaherald.com/news/279152802/lebanese-us-presidents-discuss-israel-lebanon-framework-agreement-hint-at-potential-washington-meet	10	2728	2776	2761	1	60	3981	4.20168067226891		
1311115480	20260628080000	20260628101500	1	russiaherald.com	http://www.russiaherald.com/news/279152802/lebanese-us-presidents-discuss-israel-lebanon-framework-agreement-hint-at-potential-washington-meet	10	2728	2776	2761	0	20	3981	4.20168067226891		
1311100944	20260628040000	20260628101500	1	russiaherald.com	http://www.russiaherald.com/news/279152802/lebanese-us-presidents-discuss-israel-lebanon-framework-agreement-hint-at-potential-washington-meet	2	284	208	249	0	10	3981	4.20168067226891		
1311115481	20260628080000	20260628101500	1	russiaherald.com	http://www.russiaherald.com/news/279152802/lebanese-us-presidents-discuss-israel-lebanon-framework-agreement-hint-at-potential-washington-meet	2	315	239	280	0	10	3981	4.20168067226891		
1311126675	20260628101500	20260628101500	1	jpost.com	http://www.jpost.com/opinion/article-900704	8	1183	1271	1226	0	20	3963	0.289855072463761		
1311126676	20260628101500	20260628101500	1	jpost.com	http://www.jpost.com/opinion/article-900704	8	1183	1246	1202	1	80	3963	0.289855072463761		
1311115482	20260628080000	20260628101500	1	russiaherald.com	http://www.russiaherald.com/news/279152802/lebanese-us-presidents-discuss-israel-lebanon-framework-agreement-hint-at-potential-washington-meet	4	1008	1074	1062	1	100	3981	4.20168067226891		
1311115483	20260628080000	20260628101500	1	russiaherald.com	http://www.russiaherald.com/news/279152802/lebanese-us-presidents-discuss-israel-lebanon-framework-agreement-hint-at-potential-washington-meet	2	284	208	277	0	20	3981	4.20168067226891		
1311115484	20260628080000	20260628101500	1	russiaherald.com	http://www.russiaherald.com/news/279152802/lebanese-us-presidents-discuss-israel-lebanon-framework-agreement-hint-at-potential-washington-meet	10	2728	2776	2747	0	20	3981	4.20168067226891		
1311115485	20260628080000	20260628101500	1	russiaherald.com	http://www.russiaherald.com/news/279152802/lebanese-us-presidents-discuss-israel-lebanon-framework-agreement-hint-at-potential-washington-meet	10	2728	2776	2747	1	80	3981	4.20168067226891		
1311115486	20260628080000	20260628101500	1	russiaherald.com	http://www.russiaherald.com/news/279152802/lebanese-us-presidents-discuss-israel-lebanon-framework-agreement-hint-at-potential-washington-meet	7	1924	1913	1890	0	20	3981	4.20168067226891		
1311126677	20260628101500	20260628101500	1	spokesman.com	https://www.spokesman.com/stories/2026/jun/28/answers-to-the-big-fourth-of-july-trivia-quiz/	15	3527	3457	3503	1	40	5283	-0.80924855491329		
1311126678	20260628101500	20260628101500	1	spokesman.com	https://www.spokesman.com/stories/2026/jun/28/answers-to-the-big-fourth-of-july-trivia-quiz/	15	3527	3457	3503	0	10	5283	-0.80924855491329		
1311126679	20260628101500	20260628101500	1	mexicoledger.com	http://www.mexicoledger.com/stories/mexico-to-host-first-annual-jeep-thing,120066	12	3073	-1	3055	0	10	3073	0		
1311126680	20260628101500	20260628101500	1	mexicoledger.com	http://www.mexicoledger.com/stories/mexico-to-host-first-annual-jeep-thing,120066	12	3073	3118	3055	1	70	3073	0		
1311126681	20260628101500	20260628101500	1	courant.com	https://www.courant.com/2026/06/28/a-single-act-of-mercy-to-the-enemy-made-a-british-soldier-a-hero-in-a-ct-town-his-legacy-lives/	12	5715	5740	5729	0	20	8379	-0.99220411055989		
1311126682	20260628101500	20260628101500	1	courant.com	https://www.courant.com/2026/06/28/a-single-act-of-mercy-to-the-enemy-made-a-british-soldier-a-hero-in-a-ct-town-his-legacy-lives/	12	5735	5760	5749	0	20	8379	-0.99220411055989		
1311089576	20260628003000	20260628101500	1	boredpanda.com	https://www.boredpanda.com/gruesome-details-netflix-maternal-instinct-left-out-about-taylor-parker/?cexp_id=156255&cexp_var=1&_f=featured	1	169	89	230	1	100	1070	-4.70588235294118		
1311126683	20260628101500	20260628101500	1	universityworldnews.com	https://www.universityworldnews.com/post.php?story=20260624115600905	7	2857	2894	2948	1	70	7633	2.40213523131673		
1311126684	20260628101500	20260628101500	1	universityworldnews.com	https://www.universityworldnews.com/post.php?story=20260627141824456	2	611	596	488	1	100	1203	3.2258064516129		
1311126685	20260628101500	20260628101500	1	courant.com	https://www.courant.com/2026/06/28/opinion-free-speech-and-me-in-connecticut-still-fresh-after-250-years/	9	2223	2266	2239	1	60	3898	-0.15105740181269		
1311126686	20260628101500	20260628101500	1	courant.com	https://www.courant.com/2026/06/28/opinion-free-speech-and-me-in-connecticut-still-fresh-after-250-years/	9	2301	2287	2259	0	20	3898	-0.15105740181269		
1311126687	20260628101500	20260628101500	1	jpost.com	http://www.jpost.com/middle-east/iran-news/article-900685	7	1674	1693	1688	1	50	2059	-4.34782608695652		
1311126687	20260628101500	20260628101500	1	jpost.com	https://www.jpost.com/middle-east/iran-news/article-900685	7	1674	1693	1688	1	50	2059	-4.34782608695652		
1311115503	20260628080000	20260628101500	1	jpost.com	http://www.jpost.com/international/article-900669	15	3393	3416	3404	0	20	3950	-3.91517128874388		
1311088439	20260628001500	20260628101500	1	jpost.com	http://www.jpost.com/international/article-900669	15	3393	3416	3404	1	80	3950	-3.91517128874388		
1311115508	20260628080000	20260628101500	1	bristolpost.co.uk	https://www.bristolpost.co.uk/news/real-life/steven-bartlett-urges-people-stop-11027777	3	442	-1	497	0	20	2600	2.68595041322314		
1311126688	20260628101500	20260628101500	1	courant.com	https://www.courant.com/2026/06/28/opinion-free-speech-and-me-in-connecticut-still-fresh-after-250-years/	9	2266	2223	2239	1	60	3898	-0.15105740181269		
1311126689	20260628101500	20260628101500	1	courant.com	https://www.courant.com/2026/06/28/opinion-free-speech-and-me-in-connecticut-still-fresh-after-250-years/	9	2287	2301	2259	0	20	3898	-0.15105740181269		
1311100963	20260628040000	20260628101500	1	queanbeyanage.com.au	https://www.queanbeyanage.com.au/story/9300564/two-firefighters-killed-as-fires-rage-across-western-us/	6	1520	-1	1579	0	40	4258	-3.86266094420601		
1311100963	20260628040000	20260628101500	1	hngnews.com	http://www.hngnews.com/nation_world/3-firefighters-killed-2-injured-while-tackling-wildfires-on-the-colorado-utah-border/article_48af6aaa-c408-5771-8318-e23960fb9001.html	7	1238	-1	1297	0	40	4408	-3.35195530726257		
1311125483	20260628100000	20260628101500	1	russiaherald.com	http://www.russiaherald.com/news/279153007/trump-seeks-to-end-years-of-acting-leadership-at-ice	1	62	93	83	1	100	2945	-8.01781737193764		
1311119642	20260628084500	20260628101500	1	abcnews.com	https://abcnews.com/International/wireStory/iraqi-officials-including-lawmakers-arrested-corruption-charges-overnight-134285889	5	678	765	727	1	30	1517	-6.61157024793389		
1311119643	20260628084500	20260628101500	1	abcnews.com	https://abcnews.com/International/wireStory/iraqi-officials-including-lawmakers-arrested-corruption-charges-overnight-134285889	5	678	765	727	0	20	1517	-6.61157024793389		
1311119644	20260628084500	20260628101500	1	chesterstandard.co.uk	https://www.chesterstandard.co.uk/news/national/26234458.iran-launches-missile-attacks-bahrain-kuwait-us-air-strikes/	10	2235	2282	2349	0	20	4182	-4.09604519774012		
1311119644	20260628084500	20260628101500	1	times-series.co.uk	https://www.times-series.co.uk/news/national/26234458.iran-launches-missile-attacks-bahrain-kuwait-us-air-strikes/	10	2235	2282	2349	0	20	4182	-4.09604519774012		
1311119644	20260628084500	20260628101500	1	gazetteherald.co.uk	https://www.gazetteherald.co.uk/news/national/26234458.iran-launches-missile-attacks-bahrain-kuwait-us-air-strikes/	10	2235	2282	2349	0	20	4182	-4.09604519774012		
1311119644	20260628084500	20260628101500	1	theargus.co.uk	https://www.theargus.co.uk/news/national/26234458.iran-launches-missile-attacks-bahrain-kuwait-us-air-strikes/	10	2235	2282	2349	0	20	4182	-4.09604519774012		
1311119644	20260628084500	20260628101500	1	gazetteseries.co.uk	https://www.gazetteseries.co.uk/news/national/26234458.iran-launches-missile-attacks-bahrain-kuwait-us-air-strikes/	10	2235	2282	2349	0	20	4182	-4.09604519774012		
1311125493	20260628100000	20260628101500	1	azernews.az	https://www.azernews.az/nation/260335.html	7	2761	-1	2794	1	100	5652	2.18446601941747		
1311125494	20260628100000	20260628101500	1	azernews.az	https://www.azernews.az/nation/260335.html	15	4779	4934	4902	1	70	5652	2.18446601941747		
1311087581	20260628000000	20260628101500	1	jpost.com	http://www.jpost.com/international/article-900669	6	992	-1	1069	0	20	3950	-3.91517128874388		
1311113416	20260628073000	20260628101500	1	irishsun.com	http://www.irishsun.com/news/279152800/indian-air-force-c-17s-carry-relief-materials-to-earthquake-hit-venezuela-via-abidjan-under-op-amistad	3	457	355	445	1	60	3884	-1.07719928186714		
1311113416	20260628073000	20260628101500	1	texasguardian.com	http://www.texasguardian.com/news/279152800/indian-air-force-c-17s-carry-relief-materials-to-earthquake-hit-venezuela-via-abidjan-under-op-amistad	3	457	355	445	1	60	3884	-1.07719928186714		
1311113416	20260628073000	20260628101500	1	coloradostar.com	http://www.coloradostar.com/news/279152800/indian-air-force-c-17s-carry-relief-materials-to-earthquake-hit-venezuela-via-abidjan-under-op-amistad	3	457	355	445	1	60	3884	-1.07719928186714		
1311113416	20260628073000	20260628101500	1	venezuelastar.com	http://www.venezuelastar.com/news/279152800/indian-air-force-c-17s-carry-relief-materials-to-earthquake-hit-venezuela-via-abidjan-under-op-amistad	3	457	355	445	1	60	3884	-1.07719928186714		
1311113416	20260628073000	20260628101500	1	russiaherald.com	http://www.russiaherald.com/news/279152800/indian-air-force-c-17s-carry-relief-materials-to-earthquake-hit-venezuela-via-abidjan-under-op-amistad	3	457	355	445	1	60	3884	-1.07719928186714		
1311113417	20260628073000	20260628101500	1	russiaherald.com	http://www.russiaherald.com/news/279152800/indian-air-force-c-17s-carry-relief-materials-to-earthquake-hit-venezuela-via-abidjan-under-op-amistad	3	482	355	463	0	40	3884	-1.07719928186714		
1311113417	20260628073000	20260628101500	1	venezuelastar.com	http://www.venezuelastar.com/news/279152800/indian-air-force-c-17s-carry-relief-materials-to-earthquake-hit-venezuela-via-abidjan-under-op-amistad	3	482	355	463	0	40	3884	-1.07719928186714		
1311113417	20260628073000	20260628101500	1	coloradostar.com	http://www.coloradostar.com/news/279152800/indian-air-force-c-17s-carry-relief-materials-to-earthquake-hit-venezuela-via-abidjan-under-op-amistad	3	482	355	463	0	40	3884	-1.07719928186714		
1311113417	20260628073000	20260628101500	1	texasguardian.com	http://www.texasguardian.com/news/279152800/indian-air-force-c-17s-carry-relief-materials-to-earthquake-hit-venezuela-via-abidjan-under-op-amistad	3	482	355	463	0	40	3884	-1.07719928186714		
1311113417	20260628073000	20260628101500	1	irishsun.com	http://www.irishsun.com/news/279152800/indian-air-force-c-17s-carry-relief-materials-to-earthquake-hit-venezuela-via-abidjan-under-op-amistad	3	482	355	463	0	40	3884	-1.07719928186714		
1311093493	20260628013000	20260628101500	1	universityworldnews.com	https://www.universityworldnews.com/post.php?story=2026062714170284	2	66	-1	74	1	100	1294	0.57142857142857		
1311126690	20260628101500	20260628101500	1	sunstar.com.ph	https://www.sunstar.com.ph/zamboanga/1103bde-reaffirms-commitment-to-sustainable-peace	3	363	-1	235	1	100	2116	7.21649484536082		
1311126691	20260628101500	20260628101500	1	talkingretail.com	https://www.talkingretail.com/featured/shop-theft-in-scotland-hits-highest-levels-in-over-half-a-century-24-06-2026/	2	773	-1	761	1	100	1621	-4.90566037735849		
1311125501	20260628100000	20260628101500	1	azernews.az	https://www.azernews.az/oil_and_gas/260331.html	2	530	-1	592	1	50	1097	-3.57142857142857		
