1311126102	20250628	202506	2025	2025.4877	DEU	GERMANY	DEU								EUR	EUROPEAN	EUR								0	012	012	01	1	-0.4	1	1	1	0.13550135501355	4	Munich, Bayern, Germany	GM	GM02	16532	48.15	11.5833	-1829149	4	Munich, Bayern, Germany	GM	GM02	16532	48.15	11.5833	-1829149	4	Munich, Bayern, Germany	GM	GM02	16532	48.15	11.5833	-1829149	20260628101500	http://www.jpost.com/defense-and-tech/article-900681
1311126103	20250628	202506	2025	2025.4877	EUR	EUROPEAN	EUR								USAMED	REUTERS	USA					MED			0	010	010	01	1	0.0	1	1	1	0.13550135501355	4	Munich, Bayern, Germany	GM	GM02	16532	48.15	11.5833	-1829149	4	Munich, Bayern, Germany	GM	GM02	16532	48.15	11.5833	-1829149	4	Munich, Bayern, Germany	GM	GM02	16532	48.15	11.5833	-1829149	20260628101500	http://www.jpost.com/defense-and-tech/article-900681
1311126104	20260529	202605	2026	2026.4082	MILMED	AIR FORCE						MIL	MED		EUR	EUROPEAN	EUR								0	010	010	01	1	0.0	6	1	6	0.13550135501355	4	Kyiv, Kyyiv, Misto, Ukraine	UP	UP12	28554	50.4333	30.5167	-1044367	4	Kyiv, Kyyiv, Misto, Ukraine	UP	UP12	28554	50.4333	30.5167	-1044367	4	Kyiv, Kyyiv, Misto, Ukraine	UP	UP12	28554	50.4333	30.5167	-1044367	20260628101500	http://www.jpost.com/defense-and-tech/article-900681
1311126105	20260529	202605	2026	2026.4082	MILMED	AIR FORCE						MIL	MED		UKR	UKRAINE	UKR								0	190	190	19	4	-10.0	4	1	4	0.13550135501355	4	Kyiv, Kyyiv, Misto, Ukraine	UP	UP12	28554	50.4333	30.5167	-1044367	4	Kyiv, Kyyiv, Misto, Ukraine	UP	UP12	28554	50.4333	30.5167	-1044367	4	Kyiv, Kyyiv, Misto, Ukraine	UP	UP12	28554	50.4333	30.5167	-1044367	20260628101500	http://www.jpost.com/defense-and-tech/article-900681
1311126106	20260529	202605	2026	2026.4082	MILMED	AIR FORCE						MIL	MED		UKR	UKRAINE	UKR								0	190	190	19	4	-10.0	1	1	1	0.13550135501355	4	Kyiv, Kyyiv, Misto, Ukraine	UP	UP12	28554	50.4333	30.5167	-1044367	4	Munich, Bayern, Germany	GM	GM02	16532	48.15	11.5833	-1829149	4	Munich, Bayern, Germany	GM	GM02	16532	48.15	11.5833	-1829149	20260628101500	http://www.jpost.com/defense-and-tech/article-900681
1311126107	20260529	202605	2026	2026.4082	UKR	UKRAINE	UKR								EUR	EUROPEAN	EUR								0	013	013	01	1	0.4	2	1	2	0.13550135501355	4	Kyiv, Kyyiv, Misto, Ukraine	UP	UP12	28554	50.4333	30.5167	-1044367	4	Kyiv, Kyyiv, Misto, Ukraine	UP	UP12	28554	50.4333	30.5167	-1044367	4	Kyiv, Kyyiv, Misto, Ukraine	UP	UP12	28554	50.4333	30.5167	-1044367	20260628101500	http://www.jpost.com/defense-and-tech/article-900681
1311126108	20260529	202605	2026	2026.4082	UKRMED	UKRAINE	UKR					MED			EUR	EUROPEAN	EUR								0	013	013	01	1	0.4	2	1	2	0.13550135501355	4	Kyiv, Kyyiv, Misto, Ukraine	UP	UP12	28554	50.4333	30.5167	-1044367	4	Kyiv, Kyyiv, Misto, Ukraine	UP	UP12	28554	50.4333	30.5167	-1044367	4	Kyiv, Kyyiv, Misto, Ukraine	UP	UP12	28554	50.4333	30.5167	-1044367	20260628101500	http://www.jpost.com/defense-and-tech/article-900681
1311126109	20260621	202606	2026	2026.4685											IRL	IRISH	IRL								0	042	042	04	1	1.9	5	1	5	-2.20385674931129	0								4	Donegal, Donegal, Ireland	EI	EI06	18287	54.65	-8.11667	-1502376	4	Donegal, Donegal, Ireland	EI	EI06	18287	54.65	-8.11667	-1502376	20260628101500	https://donegalnews.com/after-the-heat-back-to-a-wet-week-ahead-for-donegal2/
1311126110	20260621	202606	2026	2026.4685	CAN	CANADIAN	CAN								CVL	HIKER						CVL			1	073	073	07	2	7.4	7	1	7	0.26315789473684	1	Canada	CA	CA		60	-96	CA	1	Canada	CA	CA		60	-96	CA	1	Canada	CA	CA		60	-96	CA	20260628101500	https://www.cbc.ca/news/canada/nova-scotia/hiker-rescue-nova-scotia-9.7249768
1311126111	20260621	202606	2026	2026.4685	DEU	GERMANY	DEU								UKR	UKRAINIAN	UKR								0	057	057	05	1	8.0	2	1	2	0.13550135501355	4	Kyiv, Kyyiv, Misto, Ukraine	UP	UP12	28554	50.4333	30.5167	-1044367	4	Kyiv, Kyyiv, Misto, Ukraine	UP	UP12	28554	50.4333	30.5167	-1044367	4	Kyiv, Kyyiv, Misto, Ukraine	UP	UP12	28554	50.4333	30.5167	-1044367	20260628101500	http://www.jpost.com/defense-and-tech/article-900681
1311126112	20260621	202606	2026	2026.4685	DEU	GERMANY	DEU								UKR	UKRAINIAN	UKR								0	057	057	05	1	8.0	2	1	2	0.13550135501355	4	Munich, Bayern, Germany	GM	GM02	16532	48.15	11.5833	-1829149	4	Kyiv, Kyyiv, Misto, Ukraine	UP	UP12	28554	50.4333	30.5167	-1044367	4	Kyiv, Kyyiv, Misto, Ukraine	UP	UP12	28554	50.4333	30.5167	-1044367	20260628101500	http://www.jpost.com/defense-and-tech/article-900681
1311126113	20260621	202606	2026	2026.4685	DEU	GERMANY	DEU								UKRGOV	UKRAINIAN	UKR					GOV			0	057	057	05	1	8.0	6	1	6	0.13550135501355	4	Munich, Bayern, Germany	GM	GM02	16532	48.15	11.5833	-1829149	4	Kyiv, Kyyiv, Misto, Ukraine	UP	UP12	28554	50.4333	30.5167	-1044367	4	Kyiv, Kyyiv, Misto, Ukraine	UP	UP12	28554	50.4333	30.5167	-1044367	20260628101500	http://www.jpost.com/defense-and-tech/article-900681
1311126114	20260621	202606	2026	2026.4685	UKR	UKRAINIAN	UKR								DEU	GERMANY	DEU								0	057	057	05	1	8.0	2	1	2	0.13550135501355	4	Kyiv, Kyyiv, Misto, Ukraine	UP	UP12	28554	50.4333	30.5167	-1044367	4	Kyiv, Kyyiv, Misto, Ukraine	UP	UP12	28554	50.4333	30.5167	-1044367	4	Kyiv, Kyyiv, Misto, Ukraine	UP	UP12	28554	50.4333	30.5167	-1044367	20260628101500	http://www.jpost.com/defense-and-tech/article-900681
1311126115	20260621	202606	2026	2026.4685	UKR	UKRAINIAN	UKR								DEU	GERMANY	DEU								0	057	057	05	1	8.0	2	1	2	0.13550135501355	4	Kyiv, Kyyiv, Misto, Ukraine	UP	UP12	28554	50.4333	30.5167	-1044367	4	Munich, Bayern, Germany	GM	GM02	16532	48.15	11.5833	-1829149	4	Kyiv, Kyyiv, Misto, Ukraine	UP	UP12	28554	50.4333	30.5167	-1044367	20260628101500	http://www.jpost.com/defense-and-tech/article-900681
1311126116	20260621	202606	2026	2026.4685	UKRGOV	UKRAINIAN	UKR					GOV			DEU	GERMANY	DEU								0	057	057	05	1	8.0	6	1	6	0.13550135501355	4	Kyiv, Kyyiv, Misto, Ukraine	UP	UP12	28554	50.4333	30.5167	-1044367	4	Munich, Bayern, Germany	GM	GM02	16532	48.15	11.5833	-1829149	4	Kyiv, Kyyiv, Misto, Ukraine	UP	UP12	28554	50.4333	30.5167	-1044367	20260628101500	http://www.jpost.com/defense-and-tech/article-900681
1311126117	20260628	202606	2026	2026.4877											BUS	BUSINESS						BUS			0	036	036	03	1	4.0	10	1	10	4.7752808988764	0								4	Calcutta, West Bengal, India	IN	IN28	70294	22.5697	88.3697	-2092511	4	Calcutta, West Bengal, India	IN	IN28	70294	22.5697	88.3697	-2092511	20260628101500	https://www.gazetteseries.co.uk/news/26221855.dursley-inner-wheel-welcomes-new-president-jane-ball/
1311126118	20260628	202606	2026	2026.4877											CHN	CHINA	CHN								0	080	080	08	2	5.0	3	1	3	-1.171875	0								1	China	CH	CH		35	105	CH	1	China	CH	CH		35	105	CH	20260628101500	https://freebeacon.com/culture/americas-vision-statement/
1311126119	20260628	202606	2026	2026.4877											COP	POLICE						COP			0	051	051	05	1	3.4	6	1	6	-5.31914893617021	0								3	Memorial Hospital, Connecticut, United States	US	USCT		41.5051	-72.7768	208820	3	Memorial Hospital, Connecticut, United States	US	USCT		41.5051	-72.7768	208820	20260628101500	https://www.courant.com/2026/06/28/man-has-been-charged-in-i-95-crash-with-off-duty-officer-he-was-allegedly-parked-in-travel-lane/
1311126120	20260628	202606	2026	2026.4877											COP	POLICE						COP			1	112	112	11	3	-2.0	10	1	10	-6.57534246575342	0								4	Sydney, New South Wales, Australia	AS	AS02	154637	-33.8833	151.217	-1603135	4	Sydney, New South Wales, Australia	AS	AS02	154637	-33.8833	151.217	-1603135	20260628101500	https://www.outinperth.com/watchdog-compels-nsw-police-to-review-sydney-gay-club-drug-raids/
1311126121	20260628	202606	2026	2026.4877											CVL	VILLAGE						CVL			1	040	040	04	1	1.0	3	1	3	0	0								1	Mexico	MX	MX		23	-102	MX	1	Mexico	MX	MX		23	-102	MX	20260628101500	http://www.mexicoledger.com/stories/mexico-to-host-first-annual-jeep-thing,120066
1311126122	20260628	202606	2026	2026.4877											EDU	ACADEMICS						EDU			1	036	036	03	1	4.0	10	1	10	-0.97817908201656	0								4	London, London, City of, United Kingdom	UK	UKH9	40110	51.5	-0.116667	-2601889	4	London, London, City of, United Kingdom	UK	UKH9	40110	51.5	-0.116667	-2601889	20260628101500	https://www.universityworldnews.com/post.php?story=20260625140223502
1311126123	20260628	202606	2026	2026.4877											EDU	UNIVERSITY						EDU			1	042	042	04	1	1.9	4	1	4	2.11189329381252	0								1	Chile	CI	CI		-30	-71	CI	1	Chile	CI	CI		-30	-71	CI	20260628101500	https://www.universityworldnews.com/post.php?story=20260627081834145
1311126124	20260628	202606	2026	2026.4877											EDU	COLLEGE						EDU			1	042	042	04	1	1.9	10	1	10	0	0								2	Hawaii, United States	US	USHI		21.1098	-157.531	HI	2	Hawaii, United States	US	USHI		21.1098	-157.531	HI	20260628101500	https://www.universityworldnews.com/post.php?story=20260627155723800
1311126125	20260628	202606	2026	2026.4877											EDU	STUDENT						EDU			1	043	043	04	1	2.8	1	1	1	-5.09849362688297	0								4	Jerusalem, Israel (general), Israel	IS	IS00	18315	31.7667	35.2333	-797092	4	Jerusalem, Israel (general), Israel	IS	IS00	18315	31.7667	35.2333	-797092	20260628101500	http://www.jpost.com/business-and-innovation/banking-and-finance/article-900687
1311126126	20260628	202606	2026	2026.4877											EDU	STUDENT						EDU			1	043	043	04	1	2.8	10	1	5	0	0								2	Hawaii, United States	US	USHI		21.1098	-157.531	HI	2	Hawaii, United States	US	USHI		21.1098	-157.531	HI	20260628101500	https://www.universityworldnews.com/post.php?story=20260627155723800
1311126127	20260628	202606	2026	2026.4877											EDU	UNIVERSITY						EDU			1	045	045	04	1	5.0	10	1	10	10.2739726027397	0								4	Lahore, Punjab, Pakistan	PK	PK04	23677	31.5497	74.3436	-2767043	4	Lahore, Punjab, Pakistan	PK	PK04	23677	31.5497	74.3436	-2767043	20260628101500	https://www.universityworldnews.com/post.php?story=20260627134944965
1311126128	20260628	202606	2026	2026.4877											GBR	BRITISH	GBR								0	130	130	13	3	-4.4	8	1	8	1.00439422473321	0								4	North Church, Hertfordshire, United Kingdom	UK	UKF8	40114	51.7667	-0.583333	-2604245	4	North Church, Hertfordshire, United Kingdom	UK	UKF8	40114	51.7667	-0.583333	-2604245	20260628101500	https://www.spokesman.com/stories/2026/jun/28/get-ready-for-the-fourth-with-a-special-edition-of/
1311126129	20260628	202606	2026	2026.4877											GBR	BRITISH	GBR								0	130	130	13	3	-4.4	2	1	2	1.00439422473321	0								3	Bunker Hill, Washington, United States	US	USWA		46.2023	-123.139	1510848	4	North Church, Hertfordshire, United Kingdom	UK	UKF8	40114	51.7667	-0.583333	-2604245	20260628101500	https://www.spokesman.com/stories/2026/jun/28/get-ready-for-the-fourth-with-a-special-edition-of/
1311126130	20260628	202606	2026	2026.4877											GOV	FIREFIGHTER						GOV			1	014	014	01	1	0.0	10	1	10	0.26315789473684	0								1	Canada	CA	CA		60	-96	CA	1	Canada	CA	CA		60	-96	CA	20260628101500	https://www.cbc.ca/news/canada/nova-scotia/hiker-rescue-nova-scotia-9.7249768
1311126131	20260628	202606	2026	2026.4877											GOV	GOVERNMENT						GOV			1	042	042	04	1	1.9	4	1	4	-0.1914486279515	0								4	Iroquois, Ontario, Canada	CA	CA08	30554	44.85	-75.3167	-566648	4	Iroquois, Ontario, Canada	CA	CA08	30554	44.85	-75.3167	-566648	20260628101500	https://www.spokesman.com/stories/2026/jun/28/think-about-what-it-took-northwest-tribal-leaders-/
1311126132	20260628	202606	2026	2026.4877											GOV	GOVERNMENT						GOV			1	042	042	04	1	1.9	1	1	1	-0.1914486279515	0								2	Hawaii, United States	US	USHI		21.1098	-157.531	HI	2	Hawaii, United States	US	USHI		21.1098	-157.531	HI	20260628101500	https://www.spokesman.com/stories/2026/jun/28/think-about-what-it-took-northwest-tribal-leaders-/
1311126133	20260628	202606	2026	2026.4877											GOV	MAYOR						GOV			0	043	043	04	1	2.8	1	1	1	-9.81308411214953	0								4	Ashkelon, HaDarom, Israel	IS	IS01	18315	31.6693	34.5715	-779275	4	Ashkelon, HaDarom, Israel	IS	IS01	18315	31.6693	34.5715	-779275	20260628101500	http://www.jpost.com/israel-news/defense-news/article-900702
1311126134	20260628	202606	2026	2026.4877											GOV	GOVERNMENT						GOV			1	043	043	04	1	2.8	10	1	10	-3.35195530726256	0								1	United Kingdom	UK	UK		54	-4	UK	1	United Kingdom	UK	UK		54	-4	UK	20260628101500	https://www.universityworldnews.com/post.php?story=20260627134828577
1311126135	20260628	202606	2026	2026.4877											GOV	GOVERNMENT						GOV			1	046	046	04	1	7.0	10	1	10	-1.14285714285715	0								5	Tamil Nadu, Tamil Nadu, India	IN	IN25	70248	11	78	-2112557	5	Tamil Nadu, Tamil Nadu, India	IN	IN25	70248	11	78	-2112557	20260628101500	https://www.thehindu.com/news/cities/chennai/madhavaram-nallur-elevated-corridor-likely-if-tamil-nadu-govt-waives-gst-on-construction-materials/article71155200.ece
1311126136	20260628	202606	2026	2026.4877											GOV	CHANCELLOR						GOV			1	052	052	05	1	3.5	5	1	5	0	0								1	United Kingdom	UK	UK		54	-4	UK	1	United Kingdom	UK	UK		54	-4	UK	20260628101500	https://www.birminghammail.co.uk/news/cost-of-living/sir-keir-starmer-announces-bumper-34199573
1311126137	20260628	202606	2026	2026.4877											GOV	PRESIDENT						GOV			0	0841	084	08	2	7.0	5	1	5	4.7752808988764	0								4	Calcutta, West Bengal, India	IN	IN28	70294	22.5697	88.3697	-2092511	4	Calcutta, West Bengal, India	IN	IN28	70294	22.5697	88.3697	-2092511	20260628101500	https://www.gazetteseries.co.uk/news/26221855.dursley-inner-wheel-welcomes-new-president-jane-ball/
1311126138	20260628	202606	2026	2026.4877											GOVEDU	EDUCATION MINIST						GOV	EDU		0	140	140	14	3	-6.5	5	1	5	-8.77192982456142	0								0								0								20260628101500	https://www.thehindu.com/news/national/sonam-wangchuk-joins-cjp-protest-begins-hunger-strike-at-jantar-mantar/article71157421.ece
1311126139	20260628	202606	2026	2026.4877											GOVEDU	EDUCATION MINIST						GOV	EDU		0	1411	141	14	3	-6.5	5	1	5	-8.77192982456142	0								0								0								20260628101500	https://www.thehindu.com/news/national/sonam-wangchuk-joins-cjp-protest-begins-hunger-strike-at-jantar-mantar/article71157421.ece
1311126140	20260628	202606	2026	2026.4877											IND	MUMBAI	IND								1	042	042	04	1	1.9	2	1	2	-3.03030303030303	0								4	Maihar, Madhya Pradesh, India	IN	IN35	17745	24.2667	80.75	-2103252	4	Mirzapur, Uttar Pradesh, India	IN	IN36	17924	27.2494	79.3139	10451923	20260628101500	https://news.webindia123.com/news/Articles/Entertainment/20260628/4468369.html
1311126141	20260628	202606	2026	2026.4877											IRL	IRELAND	IRL								0	040	040	04	1	1.0	10	1	10	1.13250283125708	0								4	Dublin, Dublin, Ireland	EI	EI07	18288	53.3331	-6.24889	-1502554	4	Dublin, Dublin, Ireland	EI	EI07	18288	53.3331	-6.24889	-1502554	20260628101500	https://www.swissinfo.ch/eng/foreign-affairs/irelands-eu-presidency-to-shape-key-areas-for-switzerland/91663226
1311126142	20260628	202606	2026	2026.4877											ISR	ISRAEL	ISR								1	042	042	04	1	1.9	4	1	4	0.867678958785253	0								4	Rosh Haayin, HaMerkaz, Israel	IS	IS02	18311	32.0942	34.9458	-781245	4	Rosh Haayin, HaMerkaz, Israel	IS	IS02	18311	32.0942	34.9458	-781245	20260628101500	http://www.jpost.com/israel-news/article-900684
1311126143	20260628	202606	2026	2026.4877											ISR	TEL AVIV	ISR								1	042	042	04	1	1.9	12	1	10	0.867678958785253	0								4	Tel Aviv, Tel Aviv, Israel	IS	IS05	18316	32.0667	34.7667	-781545	4	Rosh Haayin, HaMerkaz, Israel	IS	IS02	18311	32.0942	34.9458	-781245	20260628101500	http://www.jpost.com/israel-news/article-900684
1311126144	20260628	202606	2026	2026.4877											ISR	ISRAEL	ISR								1	043	043	04	1	2.8	10	1	10	0.867678958785253	0								4	Rosh Haayin, HaMerkaz, Israel	IS	IS02	18311	32.0942	34.9458	-781245	4	Rosh Haayin, HaMerkaz, Israel	IS	IS02	18311	32.0942	34.9458	-781245	20260628101500	http://www.jpost.com/israel-news/article-900684
1311126145	20260628	202606	2026	2026.4877											ISRGOV	ISRAEL	ISR					GOV			0	043	043	04	1	2.8	4	1	4	-9.81308411214953	0								4	Ashkelon, HaDarom, Israel	IS	IS01	18315	31.6693	34.5715	-779275	4	Ashkelon, HaDarom, Israel	IS	IS01	18315	31.6693	34.5715	-779275	20260628101500	http://www.jpost.com/israel-news/defense-news/article-900702
1311126146	20260628	202606	2026	2026.4877											ITA	ITALY	ITA								0	036	036	03	1	4.0	3	1	3	-0.79443892750745	0								4	Lecce, Puglia, Italy	IT	IT13	18384	40.3833	18.1833	-119920	4	Lecce, Puglia, Italy	IT	IT13	18384	40.3833	18.1833	-119920	20260628101500	https://www.thelocal.it/20260628/on-the-agenda-whats-happening-in-italy-this-week-179
1311126147	20260628	202606	2026	2026.4877											ITA	ITALY	ITA								0	036	036	03	1	4.0	3	1	3	-0.79443892750745	0								4	Lecce, Puglia, Italy	IT	IT13	18384	40.3833	18.1833	-119920	4	Salento, Campania, Italy	IT	IT04	18333	40.25	15.1833	-127122	20260628101500	https://www.thelocal.it/20260628/on-the-agenda-whats-happening-in-italy-this-week-179
1311126148	20260628	202606	2026	2026.4877											LAB	EMPLOYEE						LAB			0	130	130	13	3	-4.4	5	1	5	-5.29661016949153	0								0								0								20260628101500	https://economictimes.indiatimes.com/news/international/canada/newly-hired-marketing-analyst-says-coworker-who-wasnt-their-boss-buried-them-in-work-until-one-conversation-with-their-manager-changed-everything/articleshow/132046807.cms
1311126149	20260628	202606	2026	2026.4877											LBN	LEBANON	LBN								0	0312	031	03	1	5.2	2	1	2	-0.86741016109046	0								1	Lebanon	LE	LE		33.833333	35.833333	LE	1	Lebanon	LE	LE		33.833333	35.833333	LE	20260628101500	http://www.jpost.com/opinion/article-900674
1311126150	20260628	202606	2026	2026.4877											MEX	MEXICO	MEX								1	040	040	04	1	1.0	3	1	3	0	0								1	Mexico	MX	MX		23	-102	MX	1	Mexico	MX	MX		23	-102	MX	20260628101500	http://www.mexicoledger.com/stories/mexico-to-host-first-annual-jeep-thing,120066
1311126151	20260628	202606	2026	2026.4877											MLT	MALTA	MLT								1	036	036	03	1	4.0	10	1	10	0.70422535211267	0								1	Malta	MT	MT		35.916667	14.433333	MT	1	Malta	MT	MT		35.916667	14.433333	MT	20260628101500	https://joy.org.au/nowboarding/2026/06/28/s01_e18-travelling-with-cameron/
1311126152	20260628	202606	2026	2026.4877											MNCUSA	NETFLIX	USA					MNC			1	043	043	04	1	2.8	10	1	10	-1.40845070422535	0								4	Kanpur, Uttar Pradesh, India	IN	IN36	70269	26.4667	80.35	-2099561	4	Kanpur, Uttar Pradesh, India	IN	IN36	70269	26.4667	80.35	-2099561	20260628101500	https://news.webindia123.com/news/Articles/Entertainment/20260628/4468377.html
1311126153	20260628	202606	2026	2026.4877											MOS	ISLAMIC				MOS					0	112	112	11	3	-2.0	10	1	10	-4.34782608695652	0								1	Iran	IR	IR		32	53	IR	1	Iran	IR	IR		32	53	IR	20260628101500	http://www.jpost.com/middle-east/iran-news/article-900685
1311126154	20260628	202606	2026	2026.4877											NZL	AUCKLAND	NZL								1	036	036	03	1	4.0	10	1	10	-7.46268656716418	0								4	Brisbane, Queensland, Australia	AS	AS04	154654	-27.5	153.017	-1561728	4	Brisbane, Queensland, Australia	AS	AS04	154654	-27.5	153.017	-1561728	20260628101500	https://www.indianweekender.co.nz/news/auckland-diversion-leaves-qantas-passengers-stuck-on-plane-for-over-8-hours
1311126155	20260628	202606	2026	2026.4877											PAN	PANAMA	PAN								1	111	111	11	3	-2.0	10	1	10	-6.38930163447251	0								4	Tehran, Tehran, Iran	IR	IR26	41130	35.75	51.5148	10074674	1	United States	US	US		39.828175	-98.5795	US	20260628101500	https://dominicanrepublicpost.com/iran-attacks-kuwait-and-bahrain-in-response-to-us-strikes/
1311126156	20260628	202606	2026	2026.4877											PTY	PARTY LEADER									1	043	043	04	1	2.8	8	1	8	2.91005291005291	0								4	Kendrapara, Orissa, India	IN	IN21	70218	20.5	86.4167	-2100278	4	Kendrapara, Orissa, India	IN	IN21	70218	20.5	86.4167	-2100278	20260628101500	https://news.webindia123.com/news/Articles/India/20260628/4468383.html
1311126157	20260628	202606	2026	2026.4877											PTY	POLITICIAN									1	100	100	10	3	-5.0	10	1	10	-2.66990291262136	0								4	Ciampino, Lazio, Italy	IT	IT07	18350	41.8	12.6	-115489	4	Ciampino, Lazio, Italy	IT	IT07	18350	41.8	12.6	-115489	20260628101500	https://www.birminghammail.co.uk/travel/uk-tourists-italy-face-drastic-34185394
1311126158	20260628	202606	2026	2026.4877											PTY	POLITICIAN									1	143	143	14	3	-6.5	10	1	10	-2.66990291262136	0								4	Ciampino, Lazio, Italy	IT	IT07	18350	41.8	12.6	-115489	4	Ciampino, Lazio, Italy	IT	IT07	18350	41.8	12.6	-115489	20260628101500	https://www.birminghammail.co.uk/travel/uk-tourists-italy-face-drastic-34185394
1311126159	20260628	202606	2026	2026.4877											USA	UNITED STATES	USA								1	010	010	01	1	0.0	2	1	2	-8.30324909747292	0								2	New York, United States	US	USNY		42.1497	-74.9384	NY	2	Connecticut, United States	US	USCT		41.5834	-72.7622	CT	20260628101500	https://www.courant.com/2026/06/28/man-accused-of-recording-sexual-assault-of-four-underage-girls-in-ct/
1311126160	20260628	202606	2026	2026.4877											USA	ILLINOIS	USA								1	020	020	02	1	3.0	1	1	1	-3.24675324675325	0								2	Illinois, United States	US	USIL		40.3363	-89.0022	IL	3	Galesburg, Illinois, United States	US	USIL	IL095	40.9478	-90.3712	408847	20260628101500	https://103gbfrocks.com/ixp/463/p/illinois-police-cold-case/
1311126161	20260628	202606	2026	2026.4877											USA	ILLINOIS	USA								1	020	020	02	1	3.0	1	1	1	-3.24675324675325	0								2	Illinois, United States	US	USIL		40.3363	-89.0022	IL	2	Illinois, United States	US	USIL		40.3363	-89.0022	IL	20260628101500	https://103gbfrocks.com/ixp/463/p/illinois-police-cold-case/
1311126162	20260628	202606	2026	2026.4877											USA	UNITED STATES	USA								0	025	025	02	1	-0.3	2	1	2	2.12628865979381	0								3	Washington, District of Columbia, United States	US	USDC	DC001	38.8951	-77.0364	531871	3	Washington, District of Columbia, United States	US	USDC	DC001	38.8951	-77.0364	531871	20260628101500	https://www.spokesman.com/stories/2026/jun/28/who-is-your-american-hero-locals-share-their-favor/
1311126163	20260628	202606	2026	2026.4877											USA	UNITED STATES	USA								0	036	036	03	1	4.0	4	1	4	-5.31914893617021	0								2	Connecticut, United States	US	USCT		41.5834	-72.7622	CT	2	Connecticut, United States	US	USCT		41.5834	-72.7622	CT	20260628101500	https://www.courant.com/2026/06/28/man-has-been-charged-in-i-95-crash-with-off-duty-officer-he-was-allegedly-parked-in-travel-lane/
1311126164	20260628	202606	2026	2026.4877											USA	MISSOURI	USA								0	036	036	03	1	4.0	2	1	2	0	0								2	Missouri, United States	US	USMO		38.4623	-92.302	MO	2	Missouri, United States	US	USMO		38.4623	-92.302	MO	20260628101500	http://www.mexicoledger.com/stories/mexico-to-host-first-annual-jeep-thing,120066
1311126165	20260628	202606	2026	2026.4877											USA	WASHINGTON	USA								1	042	042	04	1	1.9	1	1	1	2.12628865979381	0								3	Princeton, Montana, United States	US	USMT	MT039	46.4169	-113.166	789189	3	Princeton, Montana, United States	US	USMT	MT039	46.4169	-113.166	789189	20260628101500	https://www.spokesman.com/stories/2026/jun/28/who-is-your-american-hero-locals-share-their-favor/
1311126166	20260628	202606	2026	2026.4877											USA	WASHINGTON	USA								1	042	042	04	1	1.9	1	1	1	2.12628865979381	0								1	Japan	JA	JA		36	138	JA	1	Japan	JA	JA		36	138	JA	20260628101500	https://www.spokesman.com/stories/2026/jun/28/who-is-your-american-hero-locals-share-their-favor/
1311126167	20260628	202606	2026	2026.4877											USA	UNITED STATES	USA								0	043	043	04	1	2.8	4	1	4	2.78099652375434	0								2	Rhode Island, United States	US	USRI		41.6772	-71.5101	RI	2	Rhode Island, United States	US	USRI		41.6772	-71.5101	RI	20260628101500	https://www.spokesman.com/stories/2026/jun/28/preserving-history-250-years-in-daughters-of-ameri/
1311126168	20260628	202606	2026	2026.4877											USA	UNITED STATES	USA								1	112	112	11	3	-2.0	4	1	4	-5.31914893617021	0								2	Connecticut, United States	US	USCT		41.5834	-72.7622	CT	2	Connecticut, United States	US	USCT		41.5834	-72.7622	CT	20260628101500	https://www.courant.com/2026/06/28/man-has-been-charged-in-i-95-crash-with-off-duty-officer-he-was-allegedly-parked-in-travel-lane/
1311126169	20260628	202606	2026	2026.4877											USA	UNITED STATES	USA								0	190	190	19	4	-10.0	4	1	4	-0.99220411055989	0								3	West Haven, Connecticut, United States	US	USCT		41.2707	-72.947	211953	3	West Haven, Connecticut, United States	US	USCT		41.2707	-72.947	211953	20260628101500	https://www.courant.com/2026/06/28/a-single-act-of-mercy-to-the-enemy-made-a-british-soldier-a-hero-in-a-ct-town-his-legacy-lives/
1311126170	20260628	202606	2026	2026.4877											scoGOV	SCOTTISH			sco			GOV			1	043	043	04	1	2.8	10	1	10	-4.90566037735849	0								1	United Kingdom	UK	UK		54	-4	UK	1	United Kingdom	UK	UK		54	-4	UK	20260628101500	https://www.talkingretail.com/featured/shop-theft-in-scotland-hits-highest-levels-in-over-half-a-century-24-06-2026/
1311126171	20260628	202606	2026	2026.4877											scoGOV	SCOTTISH			sco			GOV			1	071	071	07	2	7.4	10	1	10	-4.90566037735849	0								1	United Kingdom	UK	UK		54	-4	UK	1	United Kingdom	UK	UK		54	-4	UK	20260628101500	https://www.talkingretail.com/featured/shop-theft-in-scotland-hits-highest-levels-in-over-half-a-century-24-06-2026/
1311126172	20260628	202606	2026	2026.4877	AUS	NEW SOUTH WALES	AUS								COP	DRUG ENFORCEMENT						COP			1	090	090	09	2	-2.0	6	1	6	-6.57534246575342	4	Melbourne, Victoria, Australia	AS	AS07	5430	-37.8167	144.967	-1586844	4	Melbourne, Victoria, Australia	AS	AS07	5430	-37.8167	144.967	-1586844	4	Melbourne, Victoria, Australia	AS	AS07	5430	-37.8167	144.967	-1586844	20260628101500	https://www.outinperth.com/watchdog-compels-nsw-police-to-review-sydney-gay-club-drug-raids/
1311126173	20260628	202606	2026	2026.4877	AUS	NEW SOUTH WALES	AUS								COP	DRUG ENFORCEMENT						COP			1	090	090	09	2	-2.0	4	1	4	-6.57534246575342	4	Sydney, New South Wales, Australia	AS	AS02	154637	-33.8833	151.217	-1603135	4	Sydney, New South Wales, Australia	AS	AS02	154637	-33.8833	151.217	-1603135	4	Sydney, New South Wales, Australia	AS	AS02	154637	-33.8833	151.217	-1603135	20260628101500	https://www.outinperth.com/watchdog-compels-nsw-police-to-review-sydney-gay-club-drug-raids/
1311126174	20260628	202606	2026	2026.4877	AUS	NEW SOUTH WALES	AUS								COP	DRUG ENFORCEMENT						COP			1	190	190	19	4	-10.0	10	1	10	-6.57534246575342	4	Sydney, New South Wales, Australia	AS	AS02	154637	-33.8833	151.217	-1603135	4	Sydney, New South Wales, Australia	AS	AS02	154637	-33.8833	151.217	-1603135	4	Sydney, New South Wales, Australia	AS	AS02	154637	-33.8833	151.217	-1603135	20260628101500	https://www.outinperth.com/watchdog-compels-nsw-police-to-review-sydney-gay-club-drug-raids/
1311126175	20260628	202606	2026	2026.4877	AUS	BRISBANE	AUS								NZL	WELLINGTON	NZL								1	042	042	04	1	1.9	7	1	7	-7.46268656716418	4	Brisbane, Queensland, Australia	AS	AS04	154654	-27.5	153.017	-1561728	4	Wellington, New Zealand (general), New Zealand	NZ	NZ00	22391	-41.3	174.783	-1521348	4	Brisbane, Queensland, Australia	AS	AS04	154654	-27.5	153.017	-1561728	20260628101500	https://www.indianweekender.co.nz/news/auckland-diversion-leaves-qantas-passengers-stuck-on-plane-for-over-8-hours
1311126176	20260628	202606	2026	2026.4877	AUT	AUSTRIA	AUT																		1	036	036	03	1	4.0	10	1	10	-0.84745762711864	1	Monaco	MN	MN		43.733333	7.4	MN	0								1	Monaco	MN	MN		43.733333	7.4	MN	20260628101500	https://www.el-balad.com/17026834
1311126177	20260628	202606	2026	2026.4877	AZE	AZERBAIJAN	AZE								MED	NATIONAL PRESS						MED			1	017	017	01	1	0.0	2	1	2	3.93258426966292	4	Baku, Baki*, Azerbaijan	AJ	AJ09	534	40.3953	49.8822	-2705195	4	Baku, Baki*, Azerbaijan	AJ	AJ09	534	40.3953	49.8822	-2705195	4	Baku, Baki*, Azerbaijan	AJ	AJ09	534	40.3953	49.8822	-2705195	20260628101500	https://www.azernews.az/nation/260330.html
1311126178	20260628	202606	2026	2026.4877	BUS	BANK						BUS													1	020	020	02	1	3.0	7	1	7	-0.79443892750745	4	Lecce, Puglia, Italy	IT	IT13	18384	40.3833	18.1833	-119920	0								4	Lecce, Puglia, Italy	IT	IT13	18384	40.3833	18.1833	-119920	20260628101500	https://www.thelocal.it/20260628/on-the-agenda-whats-happening-in-italy-this-week-179
1311126179	20260628	202606	2026	2026.4877	BUS	BANK						BUS													1	020	020	02	1	3.0	3	1	3	-0.79443892750745	4	Rome, Lazio, Italy	IT	IT07	18350	41.9	12.4833	-126693	0								4	Rome, Lazio, Italy	IT	IT07	18350	41.9	12.4833	-126693	20260628101500	https://www.thelocal.it/20260628/on-the-agenda-whats-happening-in-italy-this-week-179
1311126180	20260628	202606	2026	2026.4877	BUS	BANK						BUS													1	020	020	02	1	3.0	5	1	5	5.21885521885522	5	Uttar Pradesh, Uttar Pradesh, India	IN	IN36	17938	27.25	80.75	-2113996	0								5	Uttar Pradesh, Uttar Pradesh, India	IN	IN36	17938	27.25	80.75	-2113996	20260628101500	https://timesofindia.indiatimes.com/city/lucknow/agri-junction-scheme-linking-education-and-farming-in-uttar-pradesh/articleshow/132048048.cms
1311126181	20260628	202606	2026	2026.4877	BUS	BUSINESS LEADER						BUS													0	020	020	02	1	3.0	10	1	10	-1.171875	3	Washington, District of Columbia, United States	US	USDC	DC001	38.8951	-77.0364	531871	0								3	Washington, District of Columbia, United States	US	USDC	DC001	38.8951	-77.0364	531871	20260628101500	https://freebeacon.com/culture/americas-vision-statement/
1311126182	20260628	202606	2026	2026.4877	BUS	BUSINESS						BUS													0	036	036	03	1	4.0	10	1	10	4.7752808988764	4	Calcutta, West Bengal, India	IN	IN28	70294	22.5697	88.3697	-2092511	0								4	Calcutta, West Bengal, India	IN	IN28	70294	22.5697	88.3697	-2092511	20260628101500	https://www.gazetteseries.co.uk/news/26221855.dursley-inner-wheel-welcomes-new-president-jane-ball/
1311126183	20260628	202606	2026	2026.4877	BUS	BANK						BUS													1	100	100	10	3	-5.0	10	1	10	-0.79443892750745	4	Lecce, Puglia, Italy	IT	IT13	18384	40.3833	18.1833	-119920	0								4	Lecce, Puglia, Italy	IT	IT13	18384	40.3833	18.1833	-119920	20260628101500	https://www.thelocal.it/20260628/on-the-agenda-whats-happening-in-italy-this-week-179
1311126184	20260628	202606	2026	2026.4877	BUS	BUSINESS						BUS													0	111	111	11	3	-2.0	4	1	4	-0.24752475247524	4	Ashdod, HaDarom, Israel	IS	IS01	18315	31.7444	34.6809	-779676	0								4	Ashdod, HaDarom, Israel	IS	IS01	18315	31.7444	34.6809	-779676	20260628101500	http://www.jpost.com/business-and-innovation/all-news/article-900682
1311126185	20260628	202606	2026	2026.4877	BUS	BUSINESS						BUS													0	111	111	11	3	-2.0	6	1	6	-0.24752475247524	4	Rehovot, HaMerkaz, Israel	IS	IS02	18311	31.8969	34.8186	-781210	0								4	Rehovot, HaMerkaz, Israel	IS	IS02	18311	31.8969	34.8186	-781210	20260628101500	http://www.jpost.com/business-and-innovation/all-news/article-900682
1311126186	20260628	202606	2026	2026.4877	BUS	AIRLINE						BUS													0	164	164	16	4	-7.0	2	1	2	-0.79443892750745	4	Palermo, Sicilia, Italy	IT	IT15	18395	38.1167	13.3667	-123798	0								1	Denmark	DA	DA		56	10	DA	20260628101500	https://www.thelocal.it/20260628/on-the-agenda-whats-happening-in-italy-this-week-179
1311126187	20260628	202606	2026	2026.4877	BUS	AIRLINE						BUS													0	164	164	16	4	-7.0	8	1	8	-0.79443892750745	1	Denmark	DA	DA		56	10	DA	0								1	Denmark	DA	DA		56	10	DA	20260628101500	https://www.thelocal.it/20260628/on-the-agenda-whats-happening-in-italy-this-week-179
1311126188	20260628	202606	2026	2026.4877	BUS	COMPANIES						BUS			CVL	COMMUNITY						CVL			1	141	141	14	3	-6.5	10	1	10	2.82685512367492	4	Tidhar, HaDarom, Israel	IS	IS01	18315	31.379	34.6296	-781622	4	Tidhar, HaDarom, Israel	IS	IS01	18315	31.379	34.6296	-781622	4	Tidhar, HaDarom, Israel	IS	IS01	18315	31.379	34.6296	-781622	20260628101500	http://www.jpost.com/business-and-innovation/tech-and-start-ups/article-900679
1311126189	20260628	202606	2026	2026.4877	BUS	COMPANY						BUS			EUR	EUROPEAN	EUR								1	057	057	05	1	8.0	6	1	6	0.13550135501355	4	Kyiv, Kyyiv, Misto, Ukraine	UP	UP12	28554	50.4333	30.5167	-1044367	4	Kyiv, Kyyiv, Misto, Ukraine	UP	UP12	28554	50.4333	30.5167	-1044367	4	Kyiv, Kyyiv, Misto, Ukraine	UP	UP12	28554	50.4333	30.5167	-1044367	20260628101500	http://www.jpost.com/defense-and-tech/article-900681
1311126190	20260628	202606	2026	2026.4877	BUS	COMPANY						BUS			EUR	EUROPEAN	EUR								1	057	057	05	1	8.0	2	1	2	0.13550135501355	4	Munich, Bayern, Germany	GM	GM02	16532	48.15	11.5833	-1829149	4	Munich, Bayern, Germany	GM	GM02	16532	48.15	11.5833	-1829149	4	Munich, Bayern, Germany	GM	GM02	16532	48.15	11.5833	-1829149	20260628101500	http://www.jpost.com/defense-and-tech/article-900681
1311126191	20260628	202606	2026	2026.4877	BUS	AEROSPACE						BUS			MIL	MILITARY						MIL			1	130	130	13	3	-4.4	10	1	10	-6.06860158311346	1	Israel	IS	IS		31.5	34.75	IS	1	Israel	IS	IS		31.5	34.75	IS	1	Israel	IS	IS		31.5	34.75	IS	20260628101500	https://www.khaama.com/iran-targets-us-bases-in-kuwait-bahrain/
1311126192	20260628	202606	2026	2026.4877	CAN	NOVA SCOTIA	CAN																		0	050	050	05	1	3.5	5	1	5	0.725689404934689	0								0								0								20260628101500	https://www.cbc.ca/news/canada/nova-scotia/disability-support-program-nova-scotia-fetal-alcohol-spectrum-disorder-9.7250037
1311126193	20260628	202606	2026	2026.4877	CAN	CANADIAN	CAN								CVL	HIKER						CVL			1	073	073	07	2	7.4	3	1	3	0.26315789473684	1	Canada	CA	CA		60	-96	CA	1	Canada	CA	CA		60	-96	CA	1	Canada	CA	CA		60	-96	CA	20260628101500	https://www.cbc.ca/news/canada/nova-scotia/hiker-rescue-nova-scotia-9.7249768
1311126194	20260628	202606	2026	2026.4877	CAN	CANADA	CAN								EDU	UNIVERSITY						EDU			0	010	010	01	1	0.0	3	1	3	5.17241379310345	1	Canada	CA	CA		60	-96	CA	1	Canada	CA	CA		60	-96	CA	1	Canada	CA	CA		60	-96	CA	20260628101500	https://www.universityworldnews.com/post.php?story=20260626094643667
1311126195	20260628	202606	2026	2026.4877	CAN	CANADA	CAN								EDU	UNIVERSITY						EDU			0	010	010	01	1	0.0	1	1	1	5.17241379310345	1	Malaysia	MY	MY		2.5	112.5	MY	1	Malaysia	MY	MY		2.5	112.5	MY	1	Malaysia	MY	MY		2.5	112.5	MY	20260628101500	https://www.universityworldnews.com/post.php?story=20260626094643667
1311126196	20260628	202606	2026	2026.4877	CAN	CANADA	CAN								MIL	MILITARY						MIL			0	046	046	04	1	7.0	6	1	6	-0.99220411055989	1	Canada	CA	CA		60	-96	CA	1	Canada	CA	CA		60	-96	CA	1	Canada	CA	CA		60	-96	CA	20260628101500	https://www.courant.com/2026/06/28/a-single-act-of-mercy-to-the-enemy-made-a-british-soldier-a-hero-in-a-ct-town-his-legacy-lives/
1311126197	20260628	202606	2026	2026.4877	CHE	SWISS	CHE																		1	014	014	01	1	0.0	12	1	7	0.13368983957219	4	Bern, Bern, Switzerland	SZ	SZ05	26290	46.9167	7.46667	-2551235	0								4	Bern, Bern, Switzerland	SZ	SZ05	26290	46.9167	7.46667	-2551235	20260628101500	https://www.swissinfo.ch/eng/climate-adaptation/swiss-heatwave-breaks-records-as-river-aare-warms/91663147
1311126198	20260628	202606	2026	2026.4877	CHE	SWISS	CHE																		1	014	014	01	1	0.0	3	1	3	0.13368983957219	1	France	FR	FR		46	2	FR	0								1	France	FR	FR		46	2	FR	20260628101500	https://www.swissinfo.ch/eng/climate-adaptation/swiss-heatwave-breaks-records-as-river-aare-warms/91663147
1311126199	20260628	202606	2026	2026.4877	CHE	SWITZERLAND	CHE																		0	030	030	03	1	4.0	5	1	5	1.13250283125708	4	Bern, Bern, Switzerland	SZ	SZ05	26290	46.9167	7.46667	-2551235	0								4	Bern, Bern, Switzerland	SZ	SZ05	26290	46.9167	7.46667	-2551235	20260628101500	https://www.swissinfo.ch/eng/foreign-affairs/irelands-eu-presidency-to-shape-key-areas-for-switzerland/91663226
1311126200	20260628	202606	2026	2026.4877	CHE	BERN	CHE																		1	090	090	09	2	-2.0	7	1	7	0.13368983957219	4	Bern, Bern, Switzerland	SZ	SZ05	26290	46.9167	7.46667	-2551235	0								4	Bern, Bern, Switzerland	SZ	SZ05	26290	46.9167	7.46667	-2551235	20260628101500	https://www.swissinfo.ch/eng/climate-adaptation/swiss-heatwave-breaks-records-as-river-aare-warms/91663147
1311126201	20260628	202606	2026	2026.4877	CHE	SWISS	CHE								BEL	BRUSSELS	BEL								0	051	051	05	1	3.4	1	1	1	1.13250283125708	4	Bern, Bern, Switzerland	SZ	SZ05	26290	46.9167	7.46667	-2551235	4	Brussels, Bruxelles-Capitale, Belgium	BE	BE11	5850	50.8333	4.33333	-1955538	4	Brussels, Bruxelles-Capitale, Belgium	BE	BE11	5850	50.8333	4.33333	-1955538	20260628101500	https://www.swissinfo.ch/eng/foreign-affairs/irelands-eu-presidency-to-shape-key-areas-for-switzerland/91663226
1311126202	20260628	202606	2026	2026.4877	CHE	SWISS	CHE								BEL	BRUSSELS	BEL								0	051	051	05	1	3.4	6	1	6	1.13250283125708	4	Bern, Bern, Switzerland	SZ	SZ05	26290	46.9167	7.46667	-2551235	4	Brussels, Bruxelles-Capitale, Belgium	BE	BE11	5850	50.8333	4.33333	-1955538	4	Bern, Bern, Switzerland	SZ	SZ05	26290	46.9167	7.46667	-2551235	20260628101500	https://www.swissinfo.ch/eng/foreign-affairs/irelands-eu-presidency-to-shape-key-areas-for-switzerland/91663226
1311126203	20260628	202606	2026	2026.4877	CHE	SWISS	CHE								BEL	BRUSSELS	BEL								0	051	051	05	1	3.4	1	1	1	1.13250283125708	4	Bern, Bern, Switzerland	SZ	SZ05	26290	46.9167	7.46667	-2551235	4	Bern, Bern, Switzerland	SZ	SZ05	26290	46.9167	7.46667	-2551235	4	Bern, Bern, Switzerland	SZ	SZ05	26290	46.9167	7.46667	-2551235	20260628101500	https://www.swissinfo.ch/eng/foreign-affairs/irelands-eu-presidency-to-shape-key-areas-for-switzerland/91663226
1311126204	20260628	202606	2026	2026.4877	CHE	BERN	CHE								COP	POLICE						COP			0	051	051	05	1	3.4	8	1	8	1.13250283125708	4	Bern, Bern, Switzerland	SZ	SZ05	26290	46.9167	7.46667	-2551235	4	Bern, Bern, Switzerland	SZ	SZ05	26290	46.9167	7.46667	-2551235	4	Bern, Bern, Switzerland	SZ	SZ05	26290	46.9167	7.46667	-2551235	20260628101500	https://www.swissinfo.ch/eng/foreign-affairs/irelands-eu-presidency-to-shape-key-areas-for-switzerland/91663226
1311126205	20260628	202606	2026	2026.4877	CHE	BERN	CHE								COP	POLICE						COP			0	160	160	16	4	-4.0	8	1	8	1.13250283125708	4	Bern, Bern, Switzerland	SZ	SZ05	26290	46.9167	7.46667	-2551235	4	Bern, Bern, Switzerland	SZ	SZ05	26290	46.9167	7.46667	-2551235	4	Bern, Bern, Switzerland	SZ	SZ05	26290	46.9167	7.46667	-2551235	20260628101500	https://www.swissinfo.ch/eng/foreign-affairs/irelands-eu-presidency-to-shape-key-areas-for-switzerland/91663226
1311126206	20260628	202606	2026	2026.4877	CHE	SWITZERLAND	CHE								IGOEUREEC	THE EU	EUR	EEC				IGO			1	050	050	05	1	3.5	5	1	5	1.13250283125708	4	Bern, Bern, Switzerland	SZ	SZ05	26290	46.9167	7.46667	-2551235	4	Bern, Bern, Switzerland	SZ	SZ05	26290	46.9167	7.46667	-2551235	4	Bern, Bern, Switzerland	SZ	SZ05	26290	46.9167	7.46667	-2551235	20260628101500	https://www.swissinfo.ch/eng/foreign-affairs/irelands-eu-presidency-to-shape-key-areas-for-switzerland/91663226
1311126207	20260628	202606	2026	2026.4877	CHE	SWITZERLAND	CHE								USA	THE US	USA								0	010	010	01	1	0.0	2	1	2	0.20449897750511	1	Switzerland	SZ	SZ		47	8	SZ	1	Switzerland	SZ	SZ		47	8	SZ	1	Switzerland	SZ	SZ		47	8	SZ	20260628101500	https://www.swissinfo.ch/eng/swiss-politics/switzerland-has-made-an-advance-payment-of-500-million-for-the-f-35s/91663010
1311126208	20260628	202606	2026	2026.4877	CHE	SWITZERLAND	CHE								USA	UNITED STATES	USA								0	051	051	05	1	3.4	2	1	2	0.20449897750511	1	Switzerland	SZ	SZ		47	8	SZ	3	Washington, District of Columbia, United States	US	USDC	DC001	38.8951	-77.0364	531871	3	Washington, District of Columbia, United States	US	USDC	DC001	38.8951	-77.0364	531871	20260628101500	https://www.swissinfo.ch/eng/swiss-politics/switzerland-has-made-an-advance-payment-of-500-million-for-the-f-35s/91663010
1311126209	20260628	202606	2026	2026.4877	CHL	CHILE	CHL																		0	012	012	01	1	-0.4	2	1	2	2.11189329381252	1	Chile	CI	CI		-30	-71	CI	0								1	Chile	CI	CI		-30	-71	CI	20260628101500	https://www.universityworldnews.com/post.php?story=20260627081834145
1311126210	20260628	202606	2026	2026.4877	CHL	CHILE	CHL																		0	014	014	01	1	0.0	10	1	10	4.08163265306122	1	Chile	CI	CI		-30	-71	CI	0								1	Chile	CI	CI		-30	-71	CI	20260628101500	https://www.universityworldnews.com/post.php?story=20260623133705472
1311126211	20260628	202606	2026	2026.4877	CHL	CHILE	CHL																		0	015	015	01	1	0.0	10	1	10	4.08163265306122	1	Chile	CI	CI		-30	-71	CI	0								1	Chile	CI	CI		-30	-71	CI	20260628101500	https://www.universityworldnews.com/post.php?story=20260623133705472
1311126212	20260628	202606	2026	2026.4877	CHL	CHILE	CHL																		1	071	071	07	2	7.4	12	1	7	4.08163265306122	1	Chile	CI	CI		-30	-71	CI	0								1	Chile	CI	CI		-30	-71	CI	20260628101500	https://www.universityworldnews.com/post.php?story=20260623133705472
1311126213	20260628	202606	2026	2026.4877	CHL	CHILE	CHL								GOV	GOVERNMENT						GOV			0	110	110	11	3	-2.0	2	1	2	2.11189329381252	1	Chile	CI	CI		-30	-71	CI	1	Chile	CI	CI		-30	-71	CI	1	Chile	CI	CI		-30	-71	CI	20260628101500	https://www.universityworldnews.com/post.php?story=20260627081834145
1311126214	20260628	202606	2026	2026.4877	CHN	CHINESE	CHN																		1	051	051	05	1	3.4	8	1	8	-0.80924855491329	1	United Kingdom	UK	UK		54	-4	UK	0								1	France	FR	FR		46	2	FR	20260628101500	https://www.spokesman.com/stories/2026/jun/28/answers-to-the-big-fourth-of-july-trivia-quiz/
1311126215	20260628	202606	2026	2026.4877	CHN	CANTON	CHN								CHE	ZURICH	CHE								1	090	090	09	2	-2.0	7	1	7	0.13368983957219	1	France	FR	FR		46	2	FR	1	France	FR	FR		46	2	FR	1	France	FR	FR		46	2	FR	20260628101500	https://www.swissinfo.ch/eng/climate-adaptation/swiss-heatwave-breaks-records-as-river-aare-warms/91663147
1311126216	20260628	202606	2026	2026.4877	CHNGOVEDU	CHINA	CHN					GOV	EDU		EDU	COLLEGE						EDU			1	040	040	04	1	1.0	5	1	5	-5.11363636363637	1	China	CH	CH		35	105	CH	1	China	CH	CH		35	105	CH	1	China	CH	CH		35	105	CH	20260628101500	https://www.universityworldnews.com/post.php?story=20260627141405469
1311126217	20260628	202606	2026	2026.4877	CHNGOVEDU	CHINA	CHN					GOV	EDU		EDU	COLLEGE						EDU			1	130	130	13	3	-4.4	5	1	5	-5.11363636363637	1	China	CH	CH		35	105	CH	1	China	CH	CH		35	105	CH	1	China	CH	CH		35	105	CH	20260628101500	https://www.universityworldnews.com/post.php?story=20260627141405469
1311126218	20260628	202606	2026	2026.4877	CHRCTH	CATHOLIC				CHR	CTH														0	010	010	01	1	0.0	10	1	10	-0.15105740181269	2	Connecticut, United States	US	USCT		41.5834	-72.7622	CT	0								2	Connecticut, United States	US	USCT		41.5834	-72.7622	CT	20260628101500	https://www.courant.com/2026/06/28/opinion-free-speech-and-me-in-connecticut-still-fresh-after-250-years/
1311126219	20260628	202606	2026	2026.4877	COP	POLICE						COP													1	010	010	01	1	0.0	4	1	4	-0.46296296296296	4	Dannevirke, New Zealand (general), New Zealand	NZ	NZ00	22390	-40.2	176.117	-1508730	0								4	Dannevirke, New Zealand (general), New Zealand	NZ	NZ00	22390	-40.2	176.117	-1508730	20260628101500	https://livenews.co.nz/2026/06/28/information-sought-following-alleged-assault-dannevirke/
1311126220	20260628	202606	2026	2026.4877	COP	POLICE						COP													1	0214	021	02	1	3.4	4	1	4	-0.46296296296296	4	Dannevirke, New Zealand (general), New Zealand	NZ	NZ00	22390	-40.2	176.117	-1508730	0								4	Dannevirke, New Zealand (general), New Zealand	NZ	NZ00	22390	-40.2	176.117	-1508730	20260628101500	https://livenews.co.nz/2026/06/28/information-sought-following-alleged-assault-dannevirke/
1311126221	20260628	202606	2026	2026.4877	COP	POLICE						COP													1	090	090	09	2	-2.0	4	1	4	-0.46296296296296	4	Dannevirke, New Zealand (general), New Zealand	NZ	NZ00	22390	-40.2	176.117	-1508730	0								4	Dannevirke, New Zealand (general), New Zealand	NZ	NZ00	22390	-40.2	176.117	-1508730	20260628101500	https://livenews.co.nz/2026/06/28/information-sought-following-alleged-assault-dannevirke/
1311126222	20260628	202606	2026	2026.4877	COP	POLICE						COP													1	114	114	11	3	-2.0	4	1	4	-3.28767123287671	4	Kalighat, West Bengal, India	IN	IN28	70294	22.5167	88.3333	-2099144	0								4	Kalighat, West Bengal, India	IN	IN28	70294	22.5167	88.3333	-2099144	20260628101500	https://www.thehindu.com/news/national/west-bengal/mamata-loyalist-file-police-complaint-against-misuse-of-partys-name-and-symbol-against-rebels/article71157365.ece
1311126223	20260628	202606	2026	2026.4877	COP	POLICE						COP													0	190	190	19	4	-10.0	3	1	3	-6.57534246575342	4	Melbourne, Victoria, Australia	AS	AS07	5430	-37.8167	144.967	-1586844	0								4	Melbourne, Victoria, Australia	AS	AS07	5430	-37.8167	144.967	-1586844	20260628101500	https://www.outinperth.com/watchdog-compels-nsw-police-to-review-sydney-gay-club-drug-raids/
1311126224	20260628	202606	2026	2026.4877	COP	POLICE						COP			AUS	AUSTRALIA	AUS								0	190	190	19	4	-10.0	2	1	2	-6.57534246575342	4	Melbourne, Victoria, Australia	AS	AS07	5430	-37.8167	144.967	-1586844	4	Melbourne, Victoria, Australia	AS	AS07	5430	-37.8167	144.967	-1586844	4	Melbourne, Victoria, Australia	AS	AS07	5430	-37.8167	144.967	-1586844	20260628101500	https://www.outinperth.com/watchdog-compels-nsw-police-to-review-sydney-gay-club-drug-raids/
1311126225	20260628	202606	2026	2026.4877	COP	POLICE						COP			CRM	CRIMINAL						CRM			1	190	190	19	4	-10.0	10	1	10	-10.0591715976331	4	Tel Sheva, HaDarom, Israel	IS	IS01	18315	31.2486	34.8601	11369981	4	Tel Sheva, HaDarom, Israel	IS	IS01	18315	31.2486	34.8601	11369981	4	Tel Sheva, HaDarom, Israel	IS	IS01	18315	31.2486	34.8601	11369981	20260628101500	http://www.jpost.com/israel-news/crime-in-israel/article-900696
1311126226	20260628	202606	2026	2026.4877	COP	POLICE						COP			GTM	GUATEMALAN	GTM								1	010	010	01	1	0.0	6	1	6	-5.31914893617021	2	Connecticut, United States	US	USCT		41.5834	-72.7622	CT	2	Connecticut, United States	US	USCT		41.5834	-72.7622	CT	2	Connecticut, United States	US	USCT		41.5834	-72.7622	CT	20260628101500	https://www.courant.com/2026/06/28/man-has-been-charged-in-i-95-crash-with-off-duty-officer-he-was-allegedly-parked-in-travel-lane/
1311126227	20260628	202606	2026	2026.4877	COP	POLICE						COP			GTM	GUATEMALAN	GTM								1	010	010	01	1	0.0	2	1	2	-5.31914893617021	2	Connecticut, United States	US	USCT		41.5834	-72.7622	CT	1	Guatemala	GT	GT		15.5	-90.25	GT	2	Connecticut, United States	US	USCT		41.5834	-72.7622	CT	20260628101500	https://www.courant.com/2026/06/28/man-has-been-charged-in-i-95-crash-with-off-duty-officer-he-was-allegedly-parked-in-travel-lane/
1311126228	20260628	202606	2026	2026.4877	COP	POLICE						COP			GTM	GUATEMALAN	GTM								1	010	010	01	1	0.0	2	1	2	-5.31914893617021	1	Guatemala	GT	GT		15.5	-90.25	GT	1	Guatemala	GT	GT		15.5	-90.25	GT	1	Guatemala	GT	GT		15.5	-90.25	GT	20260628101500	https://www.courant.com/2026/06/28/man-has-been-charged-in-i-95-crash-with-off-duty-officer-he-was-allegedly-parked-in-travel-lane/
1311126229	20260628	202606	2026	2026.4877	COP	TROOPER						COP			GTM	GUATEMALA	GTM								0	046	046	04	1	7.0	1	1	1	-5.31914893617021	2	Connecticut, United States	US	USCT		41.5834	-72.7622	CT	1	Guatemala	GT	GT		15.5	-90.25	GT	2	Connecticut, United States	US	USCT		41.5834	-72.7622	CT	20260628101500	https://www.courant.com/2026/06/28/man-has-been-charged-in-i-95-crash-with-off-duty-officer-he-was-allegedly-parked-in-travel-lane/
1311126230	20260628	202606	2026	2026.4877	COP	POLICE						COP			HLH	DOCTOR						HLH			1	090	090	09	2	-2.0	10	1	10	-6.03015075376884	0								0								0								20260628101500	https://www.thehindu.com/news/cities/Hyderabad/woman-booked-for-attacking-hospital-staff-and-creating-nuisance-at-lb-nagar-private-hospital/article71157311.ece
1311126231	20260628	202606	2026	2026.4877	COP	TROOPER						COP			MNCJPN	TOYOTA	JPN					MNC			0	046	046	04	1	7.0	2	1	2	-5.31914893617021	2	Connecticut, United States	US	USCT		41.5834	-72.7622	CT	1	Guatemala	GT	GT		15.5	-90.25	GT	2	Connecticut, United States	US	USCT		41.5834	-72.7622	CT	20260628101500	https://www.courant.com/2026/06/28/man-has-been-charged-in-i-95-crash-with-off-duty-officer-he-was-allegedly-parked-in-travel-lane/
1311126232	20260628	202606	2026	2026.4877	COP	TROOPER						COP			MNCJPN	TOYOTA	JPN					MNC			0	046	046	04	1	7.0	3	1	3	-5.31914893617021	1	Spain	SP	SP		40	-4	SP	1	Spain	SP	SP		40	-4	SP	1	Spain	SP	SP		40	-4	SP	20260628101500	https://www.courant.com/2026/06/28/man-has-been-charged-in-i-95-crash-with-off-duty-officer-he-was-allegedly-parked-in-travel-lane/
1311126233	20260628	202606	2026	2026.4877	COP	POLICE						COP			NZL	NEW ZEALAND	NZL								1	010	010	01	1	0.0	6	1	6	-0.46296296296296	4	Dannevirke, New Zealand (general), New Zealand	NZ	NZ00	22390	-40.2	176.117	-1508730	4	Dannevirke, New Zealand (general), New Zealand	NZ	NZ00	22390	-40.2	176.117	-1508730	4	Dannevirke, New Zealand (general), New Zealand	NZ	NZ00	22390	-40.2	176.117	-1508730	20260628101500	https://livenews.co.nz/2026/06/28/information-sought-following-alleged-assault-dannevirke/
1311126234	20260628	202606	2026	2026.4877	COP	POLICE						COP			NZL	NEW ZEALAND	NZL								1	0214	021	02	1	3.4	6	1	6	-0.46296296296296	4	Dannevirke, New Zealand (general), New Zealand	NZ	NZ00	22390	-40.2	176.117	-1508730	4	Dannevirke, New Zealand (general), New Zealand	NZ	NZ00	22390	-40.2	176.117	-1508730	4	Dannevirke, New Zealand (general), New Zealand	NZ	NZ00	22390	-40.2	176.117	-1508730	20260628101500	https://livenews.co.nz/2026/06/28/information-sought-following-alleged-assault-dannevirke/
1311126235	20260628	202606	2026	2026.4877	COP	POLICE						COP			NZL	TARANAKI	NZL								1	051	051	05	1	3.4	20	1	10	4.41558441558441	4	Ruapehu, New Zealand (general), New Zealand	NZ	NZ00	22390	-39.2833	175.567	-1517679	4	Ruapehu, New Zealand (general), New Zealand	NZ	NZ00	22390	-39.2833	175.567	-1517679	4	Ruapehu, New Zealand (general), New Zealand	NZ	NZ00	22390	-39.2833	175.567	-1517679	20260628101500	https://livenews.co.nz/2026/06/28/beacon-of-hope-plb-credited-in-taranaki-maunga-rescue/
1311126236	20260628	202606	2026	2026.4877	COP	POLICE						COP			NZL	TARANAKI	NZL								0	060	060	06	2	6.0	3	1	3	4.41558441558441	4	Ruapehu, New Zealand (general), New Zealand	NZ	NZ00	22390	-39.2833	175.567	-1517679	4	Ruapehu, New Zealand (general), New Zealand	NZ	NZ00	22390	-39.2833	175.567	-1517679	4	Ruapehu, New Zealand (general), New Zealand	NZ	NZ00	22390	-39.2833	175.567	-1517679	20260628101500	https://livenews.co.nz/2026/06/28/beacon-of-hope-plb-credited-in-taranaki-maunga-rescue/
1311126237	20260628	202606	2026	2026.4877	COP	POLICE						COP			NZL	TARANAKI	NZL								1	073	073	07	2	7.4	10	1	10	4.41558441558441	4	Ruapehu, New Zealand (general), New Zealand	NZ	NZ00	22390	-39.2833	175.567	-1517679	4	Ruapehu, New Zealand (general), New Zealand	NZ	NZ00	22390	-39.2833	175.567	-1517679	4	Ruapehu, New Zealand (general), New Zealand	NZ	NZ00	22390	-39.2833	175.567	-1517679	20260628101500	https://livenews.co.nz/2026/06/28/beacon-of-hope-plb-credited-in-taranaki-maunga-rescue/
1311126238	20260628	202606	2026	2026.4877	COP	POLICE						COP			NZL	NEW ZEALAND	NZL								1	090	090	09	2	-2.0	6	1	6	-0.46296296296296	4	Dannevirke, New Zealand (general), New Zealand	NZ	NZ00	22390	-40.2	176.117	-1508730	4	Dannevirke, New Zealand (general), New Zealand	NZ	NZ00	22390	-40.2	176.117	-1508730	4	Dannevirke, New Zealand (general), New Zealand	NZ	NZ00	22390	-40.2	176.117	-1508730	20260628101500	https://livenews.co.nz/2026/06/28/information-sought-following-alleged-assault-dannevirke/
1311126239	20260628	202606	2026	2026.4877	COP	POLICE						COP			USA	ILLINOIS	USA								1	020	020	02	1	3.0	1	1	1	-3.24675324675325	2	Illinois, United States	US	USIL		40.3363	-89.0022	IL	2	Illinois, United States	US	USIL		40.3363	-89.0022	IL	3	Galesburg, Illinois, United States	US	USIL	IL095	40.9478	-90.3712	408847	20260628101500	https://103gbfrocks.com/ixp/463/p/illinois-police-cold-case/
1311126240	20260628	202606	2026	2026.4877	COP	POLICE						COP			USA	ILLINOIS	USA								1	020	020	02	1	3.0	9	1	9	-3.24675324675325	2	Illinois, United States	US	USIL		40.3363	-89.0022	IL	2	Illinois, United States	US	USIL		40.3363	-89.0022	IL	2	Illinois, United States	US	USIL		40.3363	-89.0022	IL	20260628101500	https://103gbfrocks.com/ixp/463/p/illinois-police-cold-case/
1311126241	20260628	202606	2026	2026.4877	CVL	COMMUNITY						CVL													0	017	017	01	1	0.0	6	1	6	0.16625103906899	3	Guilford Free Library, Connecticut, United States	US	USCT	CT009	41.284	-72.6809	1933845	0								3	Guilford Free Library, Connecticut, United States	US	USCT		41.284	-72.6809	1933845	20260628101500	https://www.courant.com/2026/06/28/a-revered-part-of-cts-past-these-lands-highlight-town-centers-why-this-one-is-called-a-jewel/
1311126242	20260628	202606	2026	2026.4877	CVL	COMMUNITY						CVL													0	017	017	01	1	0.0	4	1	4	0.16625103906899	3	New Haven, Connecticut, United States	US	USCT	CT009	41.3082	-72.9282	209231	0								3	New Haven, Connecticut, United States	US	USCT		41.3082	-72.9282	209231	20260628101500	https://www.courant.com/2026/06/28/a-revered-part-of-cts-past-these-lands-highlight-town-centers-why-this-one-is-called-a-jewel/
1311126243	20260628	202606	2026	2026.4877	CVL	RESIDENTS						CVL													1	020	020	02	1	3.0	3	1	3	-0.1914486279515	4	Iroquois, Ontario, Canada	CA	CA08	30554	44.85	-75.3167	-566648	0								4	Iroquois, Ontario, Canada	CA	CA08	30554	44.85	-75.3167	-566648	20260628101500	https://www.spokesman.com/stories/2026/jun/28/think-about-what-it-took-northwest-tribal-leaders-/
1311126244	20260628	202606	2026	2026.4877	CVL	VILLAGE						CVL													1	040	040	04	1	1.0	3	1	3	0	1	Mexico	MX	MX		23	-102	MX	0								1	Mexico	MX	MX		23	-102	MX	20260628101500	http://www.mexicoledger.com/stories/mexico-to-host-first-annual-jeep-thing,120066
1311126245	20260628	202606	2026	2026.4877	CVL	COMMUNITY						CVL													0	051	051	05	1	3.4	6	1	6	0.16625103906899	3	Guilford Free Library, Connecticut, United States	US	USCT	CT009	41.284	-72.6809	1933845	0								3	Guilford Free Library, Connecticut, United States	US	USCT		41.284	-72.6809	1933845	20260628101500	https://www.courant.com/2026/06/28/a-revered-part-of-cts-past-these-lands-highlight-town-centers-why-this-one-is-called-a-jewel/
1311126246	20260628	202606	2026	2026.4877	CVL	COMMUNITY						CVL													0	051	051	05	1	3.4	4	1	4	0.16625103906899	3	New Haven, Connecticut, United States	US	USCT	CT009	41.3082	-72.9282	209231	0								3	New Haven, Connecticut, United States	US	USCT		41.3082	-72.9282	209231	20260628101500	https://www.courant.com/2026/06/28/a-revered-part-of-cts-past-these-lands-highlight-town-centers-why-this-one-is-called-a-jewel/
1311126247	20260628	202606	2026	2026.4877	CVL	HIKER						CVL													1	073	073	07	2	7.4	10	1	10	0.26315789473684	1	Canada	CA	CA		60	-96	CA	0								1	Canada	CA	CA		60	-96	CA	20260628101500	https://www.cbc.ca/news/canada/nova-scotia/hiker-rescue-nova-scotia-9.7249768
1311126248	20260628	202606	2026	2026.4877	CVL	POPULATION						CVL			EUR	EUROPEAN	EUR								0	120	120	12	3	-4.0	5	1	5	-0.1914486279515	2	Hawaii, United States	US	USHI		21.1098	-157.531	HI	2	Hawaii, United States	US	USHI		21.1098	-157.531	HI	2	Hawaii, United States	US	USHI		21.1098	-157.531	HI	20260628101500	https://www.spokesman.com/stories/2026/jun/28/think-about-what-it-took-northwest-tribal-leaders-/
1311126249	20260628	202606	2026	2026.4877	CVL	INDIGENOUS PEOPLE						CVL			EURSET	EUROPEAN	EUR					SET			0	046	046	04	1	7.0	8	1	8	-0.1914486279515	2	Hawaii, United States	US	USHI		21.1098	-157.531	HI	2	Hawaii, United States	US	USHI		21.1098	-157.531	HI	2	Hawaii, United States	US	USHI		21.1098	-157.531	HI	20260628101500	https://www.spokesman.com/stories/2026/jun/28/think-about-what-it-took-northwest-tribal-leaders-/
1311126250	20260628	202606	2026	2026.4877	CVL	COMMUNITY						CVL			ISR	ISRAEL	ISR								1	026	026	02	1	4.0	4	1	4	-3.64526659412405	1	Israel	IS	IS		31.5	34.75	IS	1	Israel	IS	IS		31.5	34.75	IS	1	Israel	IS	IS		31.5	34.75	IS	20260628101500	https://www.universityworldnews.com/post.php?story=20260624113411692
1311126251	20260628	202606	2026	2026.4877	CVL	IMMIGRANT						CVL			ISR	ISRAEL	ISR								1	042	042	04	1	1.9	5	1	5	1.44927536231884	4	Raanana, HaMerkaz, Israel	IS	IS02	18316	32.1808	34.8672	-781127	4	Raanana, HaMerkaz, Israel	IS	IS02	18316	32.1808	34.8672	-781127	4	Raanana, HaMerkaz, Israel	IS	IS02	18316	32.1808	34.8672	-781127	20260628101500	http://www.jpost.com/aliyah/article-900706
1311126252	20260628	202606	2026	2026.4877	CVL	COMMUNITY						CVL			ISR	ISRAEL	ISR								1	050	050	05	1	3.5	4	1	4	-3.64526659412405	1	Israel	IS	IS		31.5	34.75	IS	1	Israel	IS	IS		31.5	34.75	IS	1	Israel	IS	IS		31.5	34.75	IS	20260628101500	https://www.universityworldnews.com/post.php?story=20260624113411692
1311126253	20260628	202606	2026	2026.4877	CVL	VILLAGE						CVL			MEX	MEXICO	MEX								1	040	040	04	1	1.0	2	1	2	0	1	Mexico	MX	MX		23	-102	MX	1	Mexico	MX	MX		23	-102	MX	1	Mexico	MX	MX		23	-102	MX	20260628101500	http://www.mexicoledger.com/stories/mexico-to-host-first-annual-jeep-thing,120066
1311126254	20260628	202606	2026	2026.4877	CVL	COMMUNITY						CVL			PSE	PALESTINE	PSE								1	026	026	02	1	4.0	6	1	6	-3.64526659412405	1	Israel	IS	IS		31.5	34.75	IS	1	Israel	IS	IS		31.5	34.75	IS	1	Israel	IS	IS		31.5	34.75	IS	20260628101500	https://www.universityworldnews.com/post.php?story=20260624113411692
1311126255	20260628	202606	2026	2026.4877	CVL	COMMUNITY						CVL			PSE	PALESTINE	PSE								1	050	050	05	1	3.5	6	1	6	-3.64526659412405	1	Israel	IS	IS		31.5	34.75	IS	1	Israel	IS	IS		31.5	34.75	IS	1	Israel	IS	IS		31.5	34.75	IS	20260628101500	https://www.universityworldnews.com/post.php?story=20260624113411692
1311126256	20260628	202606	2026	2026.4877	CVL	COMMUNITY						CVL			TCD	CHAD	TCD								1	040	040	04	1	1.0	10	1	10	13.5802469135802	1	Australia	AS	AS		-25	135	AS	1	Australia	AS	AS		-25	135	AS	1	Australia	AS	AS		-25	135	AS	20260628101500	https://joy.org.au/saturdaymagazine/2026/06/sat-27th-june-2026-chad-hughes-ceo-of-thorne-harbour-health-lgbtiqa-update/
1311126257	20260628	202606	2026	2026.4877	CVL	NATIONALS						CVL			USA	PORTLAND	USA								1	042	042	04	1	1.9	10	1	10	2.33766233766234	3	Portland, Oregon, United States	US	USOR	OR051	45.5235	-122.676	1136645	3	Portland, Oregon, United States	US	USOR	OR051	45.5235	-122.676	1136645	3	Portland, Oregon, United States	US	USOR	OR051	45.5235	-122.676	1136645	20260628101500	https://www.kptv.com/2026/06/28/usa-fencings-summer-nationals-return-portland-free-to-attend-convention-center/
1311126258	20260628	202606	2026	2026.4877	CVL	NATIONALS						CVL			USA	PORTLAND	USA								1	042	042	04	1	1.9	10	1	10	2.33766233766234	2	Oregon, United States	US	USOR		44.5672	-122.127	OR	2	Oregon, United States	US	USOR		44.5672	-122.127	OR	2	Oregon, United States	US	USOR		44.5672	-122.127	OR	20260628101500	https://www.kptv.com/2026/06/28/usa-fencings-summer-nationals-return-portland-free-to-attend-convention-center/
1311126259	20260628	202606	2026	2026.4877	DEU	GERMANY	DEU																		0	194	194	19	4	-10.0	4	1	4	0.13550135501355	4	Munich, Bayern, Germany	GM	GM02	16532	48.15	11.5833	-1829149	0								4	Munich, Bayern, Germany	GM	GM02	16532	48.15	11.5833	-1829149	20260628101500	http://www.jpost.com/defense-and-tech/article-900681
1311126260	20260628	202606	2026	2026.4877	DEU	GERMANY	DEU								EUR	EUROPEAN	EUR								1	057	057	05	1	8.0	2	1	2	0.13550135501355	4	Munich, Bayern, Germany	GM	GM02	16532	48.15	11.5833	-1829149	4	Munich, Bayern, Germany	GM	GM02	16532	48.15	11.5833	-1829149	4	Munich, Bayern, Germany	GM	GM02	16532	48.15	11.5833	-1829149	20260628101500	http://www.jpost.com/defense-and-tech/article-900681
1311126261	20260628	202606	2026	2026.4877	DNK	DENMARK	DNK								ITA	ITALY	ITA								0	138	138	13	3	-7.0	2	1	2	-0.79443892750745	1	Denmark	DA	DA		56	10	DA	4	Lampedusa, Italy (general), Italy	IT	IT00	18390	35.5	12.6	-119645	4	Pantelleria, Italy (general), Italy	IT	IT00	18398	36.8333	11.95	-123934	20260628101500	https://www.thelocal.it/20260628/on-the-agenda-whats-happening-in-italy-this-week-179
1311126262	20260628	202606	2026	2026.4877	DNK	DENMARK	DNK								ITA	ITALY	ITA								0	138	138	13	3	-7.0	2	1	2	-0.79443892750745	1	Denmark	DA	DA		56	10	DA	4	Pantelleria, Italy (general), Italy	IT	IT00	18398	36.8333	11.95	-123934	4	Pantelleria, Italy (general), Italy	IT	IT00	18398	36.8333	11.95	-123934	20260628101500	https://www.thelocal.it/20260628/on-the-agenda-whats-happening-in-italy-this-week-179
1311126263	20260628	202606	2026	2026.4877	EDU	SCHOOL						EDU													0	013	013	01	1	0.4	4	1	4	-0.14450867052023	4	Kanpur, Uttar Pradesh, India	IN	IN36	70269	26.4667	80.35	-2099561	0								4	Kanpur, Uttar Pradesh, India	IN	IN36	70269	26.4667	80.35	-2099561	20260628101500	https://timesofindia.indiatimes.com/city/lucknow/female-cadet-pilot-injured-after-being-struck-by-running-propeller-during-deboarding-in-kanpur-fto/articleshow/132048614.cms
1311126264	20260628	202606	2026	2026.4877	EDU	UNIVERSITY						EDU													1	016	016	01	1	-2.0	10	1	10	-9.03954802259888	1	Australia	AS	AS		-25	135	AS	0								1	Australia	AS	AS		-25	135	AS	20260628101500	https://www.universityworldnews.com/post.php?story=20260627135201559
1311126265	20260628	202606	2026	2026.4877	EDU	SCHOLAR						EDU													1	020	020	02	1	3.0	5	1	5	-0.62315513283044	3	Los Angeles, California, United States	US	USCA	CA037	34.0522	-118.244	1662328	0								3	Los Angeles, California, United States	US	USCA		34.0522	-118.244	1662328	20260628101500	https://www.universityworldnews.com/post.php?story=20260625115046442
1311126266	20260628	202606	2026	2026.4877	EDU	INTELLECTUAL						EDU													0	020	020	02	1	3.0	5	1	5	-0.62315513283044	1	Nepal	NP	NP		28	84	NP	0								1	Nepal	NP	NP		28	84	NP	20260628101500	https://www.universityworldnews.com/post.php?story=20260625115046442
1311126267	20260628	202606	2026	2026.4877	EDU	UNIVERSITY						EDU													0	020	020	02	1	3.0	10	1	10	0.84530853761623	1	United Kingdom	UK	UK		54	-4	UK	0								1	United Kingdom	UK	UK		54	-4	UK	20260628101500	https://www.universityworldnews.com/post.php?story=2026062706405425
1311126268	20260628	202606	2026	2026.4877	EDU	ACADEMICS						EDU													1	036	036	03	1	4.0	10	1	10	-0.97817908201656	4	London, London, City of, United Kingdom	UK	UKH9	40110	51.5	-0.116667	-2601889	0								4	London, London, City of, United Kingdom	UK	UKH9	40110	51.5	-0.116667	-2601889	20260628101500	https://www.universityworldnews.com/post.php?story=20260625140223502
1311126269	20260628	202606	2026	2026.4877	EDU	STUDENT						EDU													1	040	040	04	1	1.0	10	1	10	-3.64526659412405	1	Israel	IS	IS		31.5	34.75	IS	0								1	Israel	IS	IS		31.5	34.75	IS	20260628101500	https://www.universityworldnews.com/post.php?story=20260624113411692
1311126270	20260628	202606	2026	2026.4877	EDU	STUDENT						EDU													1	042	042	04	1	1.9	1	1	1	-5.09849362688297	4	Jerusalem, Israel (general), Israel	IS	IS00	18315	31.7667	35.2333	-797092	0								4	Jerusalem, Israel (general), Israel	IS	IS00	18315	31.7667	35.2333	-797092	20260628101500	http://www.jpost.com/business-and-innovation/banking-and-finance/article-900687
1311126271	20260628	202606	2026	2026.4877	EDU	STUDENT						EDU													1	042	042	04	1	1.9	10	1	5	0	2	Hawaii, United States	US	USHI		21.1098	-157.531	HI	0								2	Hawaii, United States	US	USHI		21.1098	-157.531	HI	20260628101500	https://www.universityworldnews.com/post.php?story=20260627155723800
1311126272	20260628	202606	2026	2026.4877	EDU	UNIVERSITY						EDU													1	043	043	04	1	2.8	4	1	4	2.11189329381252	1	Afghanistan	AF	AF		33	66	AF	0								1	Afghanistan	AF	AF		33	66	AF	20260628101500	https://www.universityworldnews.com/post.php?story=20260627081834145
1311126273	20260628	202606	2026	2026.4877	EDU	COLLEGE						EDU													1	043	043	04	1	2.8	10	1	10	0	2	Hawaii, United States	US	USHI		21.1098	-157.531	HI	0								2	Hawaii, United States	US	USHI		21.1098	-157.531	HI	20260628101500	https://www.universityworldnews.com/post.php?story=20260627155723800
1311126274	20260628	202606	2026	2026.4877	EDU	STUDENT						EDU													1	071	071	07	2	7.4	10	1	5	2.27272727272727	4	Canberra, Australian Capital Territory, Australia	AS	AS01	4940	-35.2833	149.217	-1563952	0								4	Canberra, Australian Capital Territory, Australia	AS	AS01	4940	-35.2833	149.217	-1563952	20260628101500	https://www.universityworldnews.com/post.php?story=20260627160249375
1311126275	20260628	202606	2026	2026.4877	EDU	STUDENT						EDU													0	071	071	07	2	7.4	10	1	10	-0.62315513283044	3	Los Angeles, California, United States	US	USCA	CA037	34.0522	-118.244	1662328	0								3	Los Angeles, California, United States	US	USCA		34.0522	-118.244	1662328	20260628101500	https://www.universityworldnews.com/post.php?story=20260625115046442
1311126276	20260628	202606	2026	2026.4877	EDU	PROFESSOR						EDU													1	090	090	09	2	-2.0	5	1	5	-0.97817908201656	4	London, London, City of, United Kingdom	UK	UKH9	40110	51.5	-0.116667	-2601889	0								4	London, London, City of, United Kingdom	UK	UKH9	40110	51.5	-0.116667	-2601889	20260628101500	https://www.universityworldnews.com/post.php?story=20260625140223502
1311126277	20260628	202606	2026	2026.4877	EDU	STUDENT						EDU													0	125	125	12	3	-5.0	5	1	5	0.84530853761623	1	United Kingdom	UK	UK		54	-4	UK	0								1	United Kingdom	UK	UK		54	-4	UK	20260628101500	https://www.universityworldnews.com/post.php?story=2026062706405425
1311126278	20260628	202606	2026	2026.4877	EDU	COLLEGE						EDU			CHNGOVEDU	CHINA	CHN					GOV	EDU		1	040	040	04	1	1.0	5	1	5	-5.11363636363637	1	China	CH	CH		35	105	CH	1	China	CH	CH		35	105	CH	1	China	CH	CH		35	105	CH	20260628101500	https://www.universityworldnews.com/post.php?story=20260627141405469
1311126279	20260628	202606	2026	2026.4877	EDU	STUDENT						EDU			GBR	UNITED KINGDOM	GBR								1	042	042	04	1	1.9	10	1	10	-3.35195530726256	1	United Kingdom	UK	UK		54	-4	UK	1	United Kingdom	UK	UK		54	-4	UK	1	United Kingdom	UK	UK		54	-4	UK	20260628101500	https://www.universityworldnews.com/post.php?story=20260627134828577
1311126280	20260628	202606	2026	2026.4877	EDU	COLLEGE						EDU			GOV	MINISTRY						GOV			1	040	040	04	1	1.0	20	1	10	-5.11363636363637	1	China	CH	CH		35	105	CH	1	China	CH	CH		35	105	CH	1	China	CH	CH		35	105	CH	20260628101500	https://www.universityworldnews.com/post.php?story=20260627141405469
1311126281	20260628	202606	2026	2026.4877	EDU	STUDENT						EDU			GOV	REGIME						GOV			0	051	051	05	1	3.4	5	1	5	-0.97817908201656	4	London, London, City of, United Kingdom	UK	UKH9	40110	51.5	-0.116667	-2601889	4	London, London, City of, United Kingdom	UK	UKH9	40110	51.5	-0.116667	-2601889	4	London, London, City of, United Kingdom	UK	UKH9	40110	51.5	-0.116667	-2601889	20260628101500	https://www.universityworldnews.com/post.php?story=20260625140223502
1311126282	20260628	202606	2026	2026.4877	EDU	COLLEGE						EDU			GOV	MINISTRY						GOV			1	084	084	08	2	7.0	5	1	5	-5.11363636363637	1	China	CH	CH		35	105	CH	1	China	CH	CH		35	105	CH	1	China	CH	CH		35	105	CH	20260628101500	https://www.universityworldnews.com/post.php?story=20260627141405469
1311126283	20260628	202606	2026	2026.4877	EDU	COLLEGE						EDU			GOV	MINISTRY						GOV			1	130	130	13	3	-4.4	5	1	5	-5.11363636363637	1	China	CH	CH		35	105	CH	1	China	CH	CH		35	105	CH	1	China	CH	CH		35	105	CH	20260628101500	https://www.universityworldnews.com/post.php?story=20260627141405469
1311126284	20260628	202606	2026	2026.4877	EDU	STUDENT						EDU			KHM	CAMBODIA	KHM								0	175	175	17	4	-9.0	2	1	2	-0.15105740181269	2	Connecticut, United States	US	USCT		41.5834	-72.7622	CT	1	Cambodia	CB	CB		13	105	CB	2	Ohio, United States	US	USOH		40.3736	-82.7755	OH	20260628101500	https://www.courant.com/2026/06/28/opinion-free-speech-and-me-in-connecticut-still-fresh-after-250-years/
1311126285	20260628	202606	2026	2026.4877	EDU	SCHOOL						EDU			USA	WASHINGTON	USA								1	042	042	04	1	1.9	7	1	7	2.12628865979381	3	Princeton, Montana, United States	US	USMT	MT039	46.4169	-113.166	789189	3	Princeton, Montana, United States	US	USMT	MT039	46.4169	-113.166	789189	3	Princeton, Montana, United States	US	USMT	MT039	46.4169	-113.166	789189	20260628101500	https://www.spokesman.com/stories/2026/jun/28/who-is-your-american-hero-locals-share-their-favor/
1311126286	20260628	202606	2026	2026.4877	EDU	STUDENT						EDU			USA	AMERICAN	USA								1	042	042	04	1	1.9	6	1	6	2.40213523131673	1	China	CH	CH		35	105	CH	1	United States	US	US		39.828175	-98.5795	US	1	United States	US	US		39.828175	-98.5795	US	20260628101500	https://www.universityworldnews.com/post.php?story=20260624115600905
1311126287	20260628	202606	2026	2026.4877	EDU	SCHOOL						EDU			USA	WASHINGTON	USA								1	042	042	04	1	1.9	1	1	1	2.12628865979381	1	Japan	JA	JA		36	138	JA	1	Japan	JA	JA		36	138	JA	1	Japan	JA	JA		36	138	JA	20260628101500	https://www.spokesman.com/stories/2026/jun/28/who-is-your-american-hero-locals-share-their-favor/
1311126288	20260628	202606	2026	2026.4877	EDU	STUDENT						EDU			USA	AMERICAN	USA								1	042	042	04	1	1.9	4	1	4	2.40213523131673	1	United States	US	US		39.828175	-98.5795	US	1	United States	US	US		39.828175	-98.5795	US	1	United States	US	US		39.828175	-98.5795	US	20260628101500	https://www.universityworldnews.com/post.php?story=20260624115600905
1311126289	20260628	202606	2026	2026.4877	EDUEDU	COLLEGE						EDU	EDU		USA	UNITED STATES	USA								1	043	043	04	1	2.8	10	1	10	0	2	Hawaii, United States	US	USHI		21.1098	-157.531	HI	2	Hawaii, United States	US	USHI		21.1098	-157.531	HI	2	Hawaii, United States	US	USHI		21.1098	-157.531	HI	20260628101500	https://www.universityworldnews.com/post.php?story=20260627155723800
1311126290	20260628	202606	2026	2026.4877	EGY	EGYPT	EGY																		0	120	120	12	3	-4.0	8	1	8	-0.33698399326032	4	Maputo, Maputo, Mozambique	MZ	MZ04	41374	-25.9653	32.5892	-319029	0								4	Maputo, Maputo, Mozambique	MZ	MZ04	41374	-25.9653	32.5892	-319029	20260628101500	https://www.mewc.org/index.php/tools/political-participation-a-election-monitroing/2025-elections-monitoring/12424-overview-of-elections-in-africa-in-2025
1311126291	20260628	202606	2026	2026.4877	EGY	EGYPT	EGY																		0	120	120	12	3	-4.0	2	1	2	-0.33698399326032	1	Nigeria	NI	NI		10	8	NI	0								1	Nigeria	NI	NI		10	8	NI	20260628101500	https://www.mewc.org/index.php/tools/political-participation-a-election-monitroing/2025-elections-monitoring/12424-overview-of-elections-in-africa-in-2025
1311126292	20260628	202606	2026	2026.4877	ELI	ACTOR						ELI			IND	MADHYA PRADESH	IND								1	193	193	19	4	-10.0	1	1	1	-3.03030303030303	4	Mirzapur, Uttar Pradesh, India	IN	IN36	17924	27.2494	79.3139	10451923	4	Mumbai, Maharashtra, India	IN	IN16	70184	18.975	72.8258	-2092174	4	Mumbai, Maharashtra, India	IN	IN16	70184	18.975	72.8258	-2092174	20260628101500	https://news.webindia123.com/news/Articles/Entertainment/20260628/4468369.html
1311126293	20260628	202606	2026	2026.4877	ESP	SPAIN	ESP																		1	020	020	02	1	3.0	1	1	1	4.34782608695652	4	Alicante, Valenciana, Spain	SP	SP60	25811	38.3462	-0.487722	-370210	0								4	Alicante, Valenciana, Spain	SP	SP60	25811	38.3462	-0.487722	-370210	20260628101500	https://www.tvguide.co.uk/schedule/3b592c54-ddd6-50b2-9095-73d426bf5d24/a-place-in-the-sun
1311126294	20260628	202606	2026	2026.4877	ESPGOV	SPAIN	ESP					GOV			ESP	SPAIN	ESP								1	020	020	02	1	3.0	1	1	1	4.34782608695652	4	Alicante, Valenciana, Spain	SP	SP60	25811	38.3462	-0.487722	-370210	4	Alicante, Valenciana, Spain	SP	SP60	25811	38.3462	-0.487722	-370210	4	Alicante, Valenciana, Spain	SP	SP60	25811	38.3462	-0.487722	-370210	20260628101500	https://www.tvguide.co.uk/schedule/3b592c54-ddd6-50b2-9095-73d426bf5d24/a-place-in-the-sun
1311126295	20260628	202606	2026	2026.4877	EUR	EUROPEAN	EUR								BUS	COMPANY						BUS			1	057	057	05	1	8.0	8	1	8	0.13550135501355	4	Munich, Bayern, Germany	GM	GM02	16532	48.15	11.5833	-1829149	4	Munich, Bayern, Germany	GM	GM02	16532	48.15	11.5833	-1829149	4	Munich, Bayern, Germany	GM	GM02	16532	48.15	11.5833	-1829149	20260628101500	http://www.jpost.com/defense-and-tech/article-900681
1311126296	20260628	202606	2026	2026.4877	EUR	EUROPEAN	EUR								DEU	GERMANY	DEU								1	057	057	05	1	8.0	2	1	2	0.13550135501355	4	Munich, Bayern, Germany	GM	GM02	16532	48.15	11.5833	-1829149	4	Munich, Bayern, Germany	GM	GM02	16532	48.15	11.5833	-1829149	4	Munich, Bayern, Germany	GM	GM02	16532	48.15	11.5833	-1829149	20260628101500	http://www.jpost.com/defense-and-tech/article-900681
1311126297	20260628	202606	2026	2026.4877	EUR	EUROPEAN	EUR								GOV	GOVERNMENT						GOV			1	010	010	01	1	0.0	3	1	3	-2.66990291262136	4	Ciampino, Lazio, Italy	IT	IT07	18350	41.8	12.6	-115489	4	Ciampino, Lazio, Italy	IT	IT07	18350	41.8	12.6	-115489	4	Ciampino, Lazio, Italy	IT	IT07	18350	41.8	12.6	-115489	20260628101500	https://www.birminghammail.co.uk/travel/uk-tourists-italy-face-drastic-34185394
1311126298	20260628	202606	2026	2026.4877	EUR	EUROPEAN	EUR								GOV	GOVERNMENT						GOV			1	013	013	01	1	0.4	7	1	7	-2.66990291262136	4	Ciampino, Lazio, Italy	IT	IT07	18350	41.8	12.6	-115489	4	Ciampino, Lazio, Italy	IT	IT07	18350	41.8	12.6	-115489	4	Ciampino, Lazio, Italy	IT	IT07	18350	41.8	12.6	-115489	20260628101500	https://www.birminghammail.co.uk/travel/uk-tourists-italy-face-drastic-34185394
1311126299	20260628	202606	2026	2026.4877	EUR	EUROPEAN	EUR								GOV	GOVERNMENT						GOV			1	014	014	01	1	0.0	3	1	3	-2.66990291262136	4	Ciampino, Lazio, Italy	IT	IT07	18350	41.8	12.6	-115489	4	Ciampino, Lazio, Italy	IT	IT07	18350	41.8	12.6	-115489	4	Ciampino, Lazio, Italy	IT	IT07	18350	41.8	12.6	-115489	20260628101500	https://www.birminghammail.co.uk/travel/uk-tourists-italy-face-drastic-34185394
1311126300	20260628	202606	2026	2026.4877	FRA	PARIS	FRA																		0	071	071	07	2	7.4	8	1	8	-0.80924855491329	1	United Kingdom	UK	UK		54	-4	UK	0								1	France	FR	FR		46	2	FR	20260628101500	https://www.spokesman.com/stories/2026/jun/28/answers-to-the-big-fourth-of-july-trivia-quiz/
1311126301	20260628	202606	2026	2026.4877	FRA	PARIS	FRA																		1	090	090	09	2	-2.0	10	1	10	5.94594594594595	4	Paris, France (general), France	FR	FR00	16282	48.8667	2.33333	-1456928	0								4	Paris, France (general), France	FR	FR00	16282	48.8667	2.33333	-1456928	20260628101500	https://www.tvguide.co.uk/schedule/9772660b-3586-5059-9c25-fdeb7903870c/paris-to-rome-with-bettany-hughes
1311126302	20260628	202606	2026	2026.4877	FRA	FRANCE	FRA								MIL	COMMANDER						MIL			1	051	051	05	1	3.4	2	1	2	3.73134328358209	1	France	FR	FR		46	2	FR	1	France	FR	FR		46	2	FR	1	France	FR	FR		46	2	FR	20260628101500	https://www.qatar-tribune.com/article/241727/latest-news/amiri-naval-forces-commander-meets-french-navy-chief-of-staff
1311126303	20260628	202606	2026	2026.4877	FRAGOV	FRANCE	FRA					GOV			AFR	AFRICA	AFR								1	017	017	01	1	0.0	2	1	2	1.54639175257732	4	Paris, France (general), France	FR	FR00	16282	48.8667	2.33333	-1456928	4	Delville Wood, KwaZulu-Natal, South Africa	SF	SF02	77363	-29.8345	30.736	-1220657	4	Paris, France (general), France	FR	FR00	16282	48.8667	2.33333	-1456928	20260628101500	https://www.sanews.gov.za/south-africa/president-ramaphosa-co-chair-unesco-education-meeting-paris
1311126304	20260628	202606	2026	2026.4877	FRAGOV	FRANCE	FRA					GOV			FRA	PARIS	FRA								1	040	040	04	1	1.0	2	1	2	1.54639175257732	4	Longueval, Picardie, France	FR	FRB6	16313	49.3585	3.65405	-1447748	4	Paris, France (general), France	FR	FR00	16282	48.8667	2.33333	-1456928	4	Paris, France (general), France	FR	FR00	16282	48.8667	2.33333	-1456928	20260628101500	https://www.sanews.gov.za/south-africa/president-ramaphosa-co-chair-unesco-education-meeting-paris
1311126305	20260628	202606	2026	2026.4877	FRAMIL	FRANCE	FRA					MIL			MIL	NAVAL						MIL			1	040	040	04	1	1.0	1	1	1	3.73134328358209	1	France	FR	FR		46	2	FR	1	France	FR	FR		46	2	FR	1	France	FR	FR		46	2	FR	20260628101500	https://www.qatar-tribune.com/article/241727/latest-news/amiri-naval-forces-commander-meets-french-navy-chief-of-staff
1311126306	20260628	202606	2026	2026.4877	GBR	UNITED KINGDOM	GBR																		1	020	020	02	1	3.0	10	1	10	-3.77754459601259	1	Australia	AS	AS		-25	135	AS	0								1	Australia	AS	AS		-25	135	AS	20260628101500	https://www.outinperth.com/uk-reveals-proposed-conversion-therapy-ban-legislation/
1311126307	20260628	202606	2026	2026.4877	GBR	LONDON	GBR																		0	0231	023	02	1	3.4	10	1	10	1.00439422473321	4	North Church, Hertfordshire, United Kingdom	UK	UKF8	40114	51.7667	-0.583333	-2604245	0								4	North Church, Hertfordshire, United Kingdom	UK	UKF8	40114	51.7667	-0.583333	-2604245	20260628101500	https://www.spokesman.com/stories/2026/jun/28/get-ready-for-the-fourth-with-a-special-edition-of/
1311126308	20260628	202606	2026	2026.4877	GBR	UNITED KINGDOM	GBR																		1	025	025	02	1	-0.3	20	1	10	-2.16216216216216	1	United Kingdom	UK	UK		54	-4	UK	0								1	United Kingdom	UK	UK		54	-4	UK	20260628101500	https://www.birminghammail.co.uk/news/cost-of-living/uk-households-urged-act-72-34170623
1311126309	20260628	202606	2026	2026.4877	GBR	BRITISH	GBR																		0	0841	084	08	2	7.0	3	1	3	-0.80924855491329	1	United Kingdom	UK	UK		54	-4	UK	0								1	United Kingdom	UK	UK		54	-4	UK	20260628101500	https://www.spokesman.com/stories/2026/jun/28/answers-to-the-big-fourth-of-july-trivia-quiz/
1311126310	20260628	202606	2026	2026.4877	GBR	UNITED KINGDOM	GBR																		1	172	172	17	4	-5.0	10	1	10	-3.77754459601259	1	United Kingdom	UK	UK		54	-4	UK	0								1	United Kingdom	UK	UK		54	-4	UK	20260628101500	https://www.outinperth.com/uk-reveals-proposed-conversion-therapy-ban-legislation/
1311126311	20260628	202606	2026	2026.4877	GBR	UNITED KINGDOM	GBR								AUT	AUSTRIAN	AUT								0	020	020	02	1	3.0	5	1	5	2.11189329381252	1	United Kingdom	UK	UK		54	-4	UK	1	Austria	AU	AU		47.333333	13.333333	AU	1	Austria	AU	AU		47.333333	13.333333	AU	20260628101500	https://www.universityworldnews.com/post.php?story=20260627081834145
1311126312	20260628	202606	2026	2026.4877	GBR	UNITED KINGDOM	GBR								AUT	AUSTRIA	AUT								0	020	020	02	1	3.0	2	1	2	2.11189329381252	1	United Kingdom	UK	UK		54	-4	UK	1	United Kingdom	UK	UK		54	-4	UK	1	Austria	AU	AU		47.333333	13.333333	AU	20260628101500	https://www.universityworldnews.com/post.php?story=20260627081834145
1311126313	20260628	202606	2026	2026.4877	GBR	UNITED KINGDOM	GBR								AUT	AUSTRIA	AUT								0	020	020	02	1	3.0	1	1	1	2.11189329381252	1	United Kingdom	UK	UK		54	-4	UK	1	United Kingdom	UK	UK		54	-4	UK	1	United Kingdom	UK	UK		54	-4	UK	20260628101500	https://www.universityworldnews.com/post.php?story=20260627081834145
1311126314	20260628	202606	2026	2026.4877	GBR	WALES	GBR								COP	POLICE						COP			1	173	173	17	4	-5.0	2	1	2	-9.8901098901099	1	United Kingdom	UK	UK		54	-4	UK	1	United Kingdom	UK	UK		54	-4	UK	1	United Kingdom	UK	UK		54	-4	UK	20260628101500	https://www.tvguide.co.uk/schedule/f54c3432-c215-5b30-97a1-71e2f11dff81/uk-crime-files-wicked-beyond-belief
1311126315	20260628	202606	2026	2026.4877	GBR	UNITED KINGDOM	GBR								EDU	STUDENT						EDU			1	043	043	04	1	2.8	10	1	10	-3.35195530726256	1	United Kingdom	UK	UK		54	-4	UK	1	United Kingdom	UK	UK		54	-4	UK	1	United Kingdom	UK	UK		54	-4	UK	20260628101500	https://www.universityworldnews.com/post.php?story=20260627134828577
1311126316	20260628	202606	2026	2026.4877	GBR	UNITED KINGDOM	GBR								GOV	PRIME MINISTER						GOV			1	0831	083	08	2	5.0	16	1	8	-1.24172185430464	1	United Kingdom	UK	UK		54	-4	UK	1	United Kingdom	UK	UK		54	-4	UK	1	United Kingdom	UK	UK		54	-4	UK	20260628101500	https://www.birminghammail.co.uk/motoring/motoring-news/sir-keir-starmer-tough-new-34199713
1311126317	20260628	202606	2026	2026.4877	GBR	GREAT BRITAIN	GBR								GOV	GOVERNMENT						GOV			0	1043	104	10	3	-5.0	3	1	3	1.7743979721166	3	Long Island, Massachusetts, United States	US	USMA	MA027	42.034	-71.8467	610647	3	Long Island, Massachusetts, United States	US	USMA		42.034	-71.8467	610647	3	Long Island, Massachusetts, United States	US	USMA		42.034	-71.8467	610647	20260628101500	https://www.theadvocate.com/baton_rouge/opinion/hillyer-semiquicentennial-john-adams-declaration-indpendence/article_4e02b722-bdb5-5fe4-9423-967b7f16bd70.html
1311126318	20260628	202606	2026	2026.4877	GBR	GREAT BRITAIN	GBR								GOV	GOVERNMENT						GOV			0	1043	104	10	3	-5.0	7	1	7	1.7743979721166	1	United Kingdom	UK	UK		54	-4	UK	1	United Kingdom	UK	UK		54	-4	UK	1	United Kingdom	UK	UK		54	-4	UK	20260628101500	https://www.theadvocate.com/baton_rouge/opinion/hillyer-semiquicentennial-john-adams-declaration-indpendence/article_4e02b722-bdb5-5fe4-9423-967b7f16bd70.html
1311126319	20260628	202606	2026	2026.4877	GBR	BRITISH	GBR								MDV	MALE	MDV								0	193	193	19	4	-10.0	1	1	1	-0.99220411055989	4	London, London, City of, United Kingdom	UK	UKH9	40110	51.5	-0.116667	-2601889	4	London, London, City of, United Kingdom	UK	UKH9	40110	51.5	-0.116667	-2601889	4	London, London, City of, United Kingdom	UK	UKH9	40110	51.5	-0.116667	-2601889	20260628101500	https://www.courant.com/2026/06/28/a-single-act-of-mercy-to-the-enemy-made-a-british-soldier-a-hero-in-a-ct-town-his-legacy-lives/
1311126320	20260628	202606	2026	2026.4877	GBR	BRITISH	GBR								MDV	MALE	MDV								0	193	193	19	4	-10.0	1	1	1	-0.99220411055989	3	New Haven, Connecticut, United States	US	USCT	CT009	41.3082	-72.9282	209231	3	New Haven, Connecticut, United States	US	USCT		41.3082	-72.9282	209231	3	New Haven, Connecticut, United States	US	USCT		41.3082	-72.9282	209231	20260628101500	https://www.courant.com/2026/06/28/a-single-act-of-mercy-to-the-enemy-made-a-british-soldier-a-hero-in-a-ct-town-his-legacy-lives/
1311126321	20260628	202606	2026	2026.4877	GBR	UNITED KINGDOM	GBR								NGOHRIAMN	AMNESTY INTERNATIONAL		AMN				NGO	HRI		0	020	020	02	1	3.0	2	1	2	-3.77754459601259	1	United Kingdom	UK	UK		54	-4	UK	1	United Kingdom	UK	UK		54	-4	UK	1	United Kingdom	UK	UK		54	-4	UK	20260628101500	https://www.outinperth.com/uk-reveals-proposed-conversion-therapy-ban-legislation/
1311126322	20260628	202606	2026	2026.4877	GBR	BRITISH	GBR								USA	UNITED STATES	USA								0	051	051	05	1	3.4	2	1	2	-0.99220411055989	4	London, London, City of, United Kingdom	UK	UKH9	40110	51.5	-0.116667	-2601889	3	New Haven, Connecticut, United States	US	USCT		41.3082	-72.9282	209231	4	London, London, City of, United Kingdom	UK	UKH9	40110	51.5	-0.116667	-2601889	20260628101500	https://www.courant.com/2026/06/28/a-single-act-of-mercy-to-the-enemy-made-a-british-soldier-a-hero-in-a-ct-town-his-legacy-lives/
1311126323	20260628	202606	2026	2026.4877	GBR	BRITISH	GBR								USA	UNITED STATES	USA								0	051	051	05	1	3.4	2	1	2	-0.99220411055989	4	London, London, City of, United Kingdom	UK	UKH9	40110	51.5	-0.116667	-2601889	3	New Haven, Connecticut, United States	US	USCT		41.3082	-72.9282	209231	2	Connecticut, United States	US	USCT		41.5834	-72.7622	CT	20260628101500	https://www.courant.com/2026/06/28/a-single-act-of-mercy-to-the-enemy-made-a-british-soldier-a-hero-in-a-ct-town-his-legacy-lives/
1311126324	20260628	202606	2026	2026.4877	GBRMIL	BRITISH	GBR					MIL			MDV	MALE	MDV								0	193	193	19	4	-10.0	7	1	7	-0.99220411055989	4	London, London, City of, United Kingdom	UK	UKH9	40110	51.5	-0.116667	-2601889	4	London, London, City of, United Kingdom	UK	UKH9	40110	51.5	-0.116667	-2601889	4	London, London, City of, United Kingdom	UK	UKH9	40110	51.5	-0.116667	-2601889	20260628101500	https://www.courant.com/2026/06/28/a-single-act-of-mercy-to-the-enemy-made-a-british-soldier-a-hero-in-a-ct-town-his-legacy-lives/
1311126325	20260628	202606	2026	2026.4877	GBRMIL	UNITED KINGDOM	GBR					MIL			MDV	MALE	MDV								0	193	193	19	4	-10.0	1	1	1	-0.99220411055989	3	New Haven, Connecticut, United States	US	USCT	CT009	41.3082	-72.9282	209231	3	New Haven, Connecticut, United States	US	USCT		41.3082	-72.9282	209231	3	New Haven, Connecticut, United States	US	USCT		41.3082	-72.9282	209231	20260628101500	https://www.courant.com/2026/06/28/a-single-act-of-mercy-to-the-enemy-made-a-british-soldier-a-hero-in-a-ct-town-his-legacy-lives/
1311126326	20260628	202606	2026	2026.4877	GBRUAF	BRITISH	GBR					UAF			GBR	BRITISH	GBR								0	051	051	05	1	3.4	6	1	6	-0.99220411055989	4	London, London, City of, United Kingdom	UK	UKH9	40110	51.5	-0.116667	-2601889	4	London, London, City of, United Kingdom	UK	UKH9	40110	51.5	-0.116667	-2601889	4	London, London, City of, United Kingdom	UK	UKH9	40110	51.5	-0.116667	-2601889	20260628101500	https://www.courant.com/2026/06/28/a-single-act-of-mercy-to-the-enemy-made-a-british-soldier-a-hero-in-a-ct-town-his-legacy-lives/
1311126327	20260628	202606	2026	2026.4877	GOV	MAYOR						GOV													0	010	010	01	1	0.0	2	1	2	-9.81308411214953	4	Ashkelon, HaDarom, Israel	IS	IS01	18315	31.6693	34.5715	-779275	0								4	Ashkelon, HaDarom, Israel	IS	IS01	18315	31.6693	34.5715	-779275	20260628101500	http://www.jpost.com/israel-news/defense-news/article-900702
1311126328	20260628	202606	2026	2026.4877	GOV	MAYOR						GOV													0	042	042	04	1	1.9	1	1	1	-9.81308411214953	4	Ashkelon, HaDarom, Israel	IS	IS01	18315	31.6693	34.5715	-779275	0								4	Ashkelon, HaDarom, Israel	IS	IS01	18315	31.6693	34.5715	-779275	20260628101500	http://www.jpost.com/israel-news/defense-news/article-900702
1311126329	20260628	202606	2026	2026.4877	GOV	GOVERNMENT						GOV													1	042	042	04	1	1.9	10	1	10	-3.35195530726256	1	United Kingdom	UK	UK		54	-4	UK	0								1	United Kingdom	UK	UK		54	-4	UK	20260628101500	https://www.universityworldnews.com/post.php?story=20260627134828577
1311126330	20260628	202606	2026	2026.4877	GOV	GOVERNMENT						GOV													1	043	043	04	1	2.8	5	1	5	-0.1914486279515	2	Washington, United States	US	USWA		47.3917	-121.571	WA	0								2	Washington, United States	US	USWA		47.3917	-121.571	WA	20260628101500	https://www.spokesman.com/stories/2026/jun/28/think-about-what-it-took-northwest-tribal-leaders-/
1311126331	20260628	202606	2026	2026.4877	GOV	GOVERNMENT						GOV													1	046	046	04	1	7.0	10	1	10	-1.14285714285715	5	Tamil Nadu, Tamil Nadu, India	IN	IN25	70248	11	78	-2112557	0								5	Tamil Nadu, Tamil Nadu, India	IN	IN25	70248	11	78	-2112557	20260628101500	https://www.thehindu.com/news/cities/chennai/madhavaram-nallur-elevated-corridor-likely-if-tamil-nadu-govt-waives-gst-on-construction-materials/article71155200.ece
1311126332	20260628	202606	2026	2026.4877	GOV	AUTHORITIES						GOV													0	073	073	07	2	7.4	2	1	2	-3.97111913357401	4	Arunachal, Assam, India	IN	IN03	70088	24.8667	92.7667	-2089162	0								4	Arunachal, Assam, India	IN	IN03	70088	24.8667	92.7667	-2089162	20260628101500	https://economictimes.indiatimes.com/news/india/flood-toll-rises-to-three-as-another-body-found-in-arunachal-pradesh-imd-warns-of-heavy-rain/articleshow/132048687.cms
1311126333	20260628	202606	2026	2026.4877	GOV	AUTHORITIES						GOV													0	073	073	07	2	7.4	1	1	1	-3.97111913357401	4	Dibang Valley, Arunachal Pradesh, India	IN	IN30	70050	28.7	95.7	-2094877	0								4	Arunachal, Assam, India	IN	IN03	70088	24.8667	92.7667	-2089162	20260628101500	https://economictimes.indiatimes.com/news/india/flood-toll-rises-to-three-as-another-body-found-in-arunachal-pradesh-imd-warns-of-heavy-rain/articleshow/132048687.cms
1311126334	20260628	202606	2026	2026.4877	GOV	GOVERNMENT						GOV													0	084	084	08	2	7.0	6	1	6	0.436681222707421	3	Philadelphia, Pennsylvania, United States	US	USPA	PA101	39.9523	-75.1638	1209052	0								3	Philadelphia, Pennsylvania, United States	US	USPA	PA101	39.9523	-75.1638	1209052	20260628101500	https://www.gdnonline.com:443/Details/1398931
1311126335	20260628	202606	2026	2026.4877	GOV	GOVERNMENT						GOV													1	100	100	10	3	-5.0	2	1	2	-1.72043010752688	4	Madras, Tamil Nadu, India	IN	IN25	70251	13.0833	80.2833	-2103041	0								4	Madras, Tamil Nadu, India	IN	IN25	70251	13.0833	80.2833	-2103041	20260628101500	https://www.thehindu.com/news/national/tamil-nadu/nadigar-sangam-elections-case-madras-high-court-to-pass-orders-on-july-1-2026/article71157328.ece
1311126336	20260628	202606	2026	2026.4877	GOV	GOVERNMENT						GOV													1	100	100	10	3	-5.0	4	1	4	-1.72043010752688	5	Tamil Nadu, Tamil Nadu, India	IN	IN25	70248	11	78	-2112557	0								5	Tamil Nadu, Tamil Nadu, India	IN	IN25	70248	11	78	-2112557	20260628101500	https://www.thehindu.com/news/national/tamil-nadu/nadigar-sangam-elections-case-madras-high-court-to-pass-orders-on-july-1-2026/article71157328.ece
1311126337	20260628	202606	2026	2026.4877	GOV	FIREFIGHTER						GOV													1	111	111	11	3	-2.0	8	1	8	-3.86266094420601	3	Tusayan, Arizona, United States	US	USAZ	AZ005	35.9736	-112.127	42842	0								3	Coconino County, Arizona, United States	US	USAZ		36.0833	-112.134	25443	20260628101500	https://www.queanbeyanage.com.au/story/9300564/two-firefighters-killed-as-fires-rage-across-western-us/
1311126338	20260628	202606	2026	2026.4877	GOV	FIREFIGHTER						GOV													1	111	111	11	3	-2.0	2	1	2	-3.86266094420601	3	Tusayan, Arizona, United States	US	USAZ	AZ005	35.9736	-112.127	42842	0								3	Tusayan, Arizona, United States	US	USAZ	AZ005	35.9736	-112.127	42842	20260628101500	https://www.queanbeyanage.com.au/story/9300564/two-firefighters-killed-as-fires-rage-across-western-us/
1311126339	20260628	202606	2026	2026.4877	GOV	ELECTION COMMISSION						GOV													1	120	120	12	3	-4.0	10	1	10	-0.33333333333333	1	India	IN	IN		20	77	IN	0								1	India	IN	IN		20	77	IN	20260628101500	https://www.thehindu.com/news/national/andhra-pradesh/nda-government-interfering-in-sir-alleges-ysrcps-kakani-govardhan-reddy/article71157277.ece
1311126340	20260628	202606	2026	2026.4877	GOV	GOVERNMENT						GOV													0	194	194	19	4	-10.0	3	1	3	0.13550135501355	4	Kyiv, Kyyiv, Misto, Ukraine	UP	UP12	28554	50.4333	30.5167	-1044367	0								4	Kyiv, Kyyiv, Misto, Ukraine	UP	UP12	28554	50.4333	30.5167	-1044367	20260628101500	http://www.jpost.com/defense-and-tech/article-900681
1311126341	20260628	202606	2026	2026.4877	GOV	GOVERNMENT						GOV													0	194	194	19	4	-10.0	2	1	2	0.13550135501355	4	Munich, Bayern, Germany	GM	GM02	16532	48.15	11.5833	-1829149	0								4	Munich, Bayern, Germany	GM	GM02	16532	48.15	11.5833	-1829149	20260628101500	http://www.jpost.com/defense-and-tech/article-900681
1311126342	20260628	202606	2026	2026.4877	GOV	PRESIDENT						GOV			AFR	AFRICA	AFR								1	017	017	01	1	0.0	4	1	4	1.54639175257732	4	Delville Wood, KwaZulu-Natal, South Africa	SF	SF02	77363	-29.8345	30.736	-1220657	4	Delville Wood, KwaZulu-Natal, South Africa	SF	SF02	77363	-29.8345	30.736	-1220657	4	Delville Wood, KwaZulu-Natal, South Africa	SF	SF02	77363	-29.8345	30.736	-1220657	20260628101500	https://www.sanews.gov.za/south-africa/president-ramaphosa-co-chair-unesco-education-meeting-paris
1311126343	20260628	202606	2026	2026.4877	GOV	PRESIDENT						GOV			AFR	AFRICA	AFR								1	017	017	01	1	0.0	2	1	2	1.54639175257732	4	Paris, France (general), France	FR	FR00	16282	48.8667	2.33333	-1456928	4	Delville Wood, KwaZulu-Natal, South Africa	SF	SF02	77363	-29.8345	30.736	-1220657	4	Paris, France (general), France	FR	FR00	16282	48.8667	2.33333	-1456928	20260628101500	https://www.sanews.gov.za/south-africa/president-ramaphosa-co-chair-unesco-education-meeting-paris
1311126344	20260628	202606	2026	2026.4877	GOV	CABINET MINISTER						GOV			CHE	SWITZERLAND	CHE								0	051	051	05	1	3.4	2	1	2	1.13250283125708	4	Bern, Bern, Switzerland	SZ	SZ05	26290	46.9167	7.46667	-2551235	4	Brussels, Bruxelles-Capitale, Belgium	BE	BE11	5850	50.8333	4.33333	-1955538	4	Brussels, Bruxelles-Capitale, Belgium	BE	BE11	5850	50.8333	4.33333	-1955538	20260628101500	https://www.swissinfo.ch/eng/foreign-affairs/irelands-eu-presidency-to-shape-key-areas-for-switzerland/91663226
1311126345	20260628	202606	2026	2026.4877	GOV	CABINET MINISTER						GOV			CHE	SWITZERLAND	CHE								0	051	051	05	1	3.4	1	1	1	1.13250283125708	4	Bern, Bern, Switzerland	SZ	SZ05	26290	46.9167	7.46667	-2551235	4	Brussels, Bruxelles-Capitale, Belgium	BE	BE11	5850	50.8333	4.33333	-1955538	4	Bern, Bern, Switzerland	SZ	SZ05	26290	46.9167	7.46667	-2551235	20260628101500	https://www.swissinfo.ch/eng/foreign-affairs/irelands-eu-presidency-to-shape-key-areas-for-switzerland/91663226
1311126346	20260628	202606	2026	2026.4877	GOV	CABINET MINISTER						GOV			CHE	SWITZERLAND	CHE								0	051	051	05	1	3.4	7	1	7	1.13250283125708	4	Bern, Bern, Switzerland	SZ	SZ05	26290	46.9167	7.46667	-2551235	4	Bern, Bern, Switzerland	SZ	SZ05	26290	46.9167	7.46667	-2551235	4	Bern, Bern, Switzerland	SZ	SZ05	26290	46.9167	7.46667	-2551235	20260628101500	https://www.swissinfo.ch/eng/foreign-affairs/irelands-eu-presidency-to-shape-key-areas-for-switzerland/91663226
1311126347	20260628	202606	2026	2026.4877	GOV	MINISTRY						GOV			EDU	COLLEGE						EDU			1	040	040	04	1	1.0	20	1	10	-5.11363636363637	1	China	CH	CH		35	105	CH	1	China	CH	CH		35	105	CH	1	China	CH	CH		35	105	CH	20260628101500	https://www.universityworldnews.com/post.php?story=20260627141405469
1311126348	20260628	202606	2026	2026.4877	GOV	PRIME MINISTER						GOV			EDU	UNIVERSITY						EDU			1	051	051	05	1	3.4	2	1	2	2.91005291005291	4	Kendrapara, Orissa, India	IN	IN21	70218	20.5	86.4167	-2100278	4	Nalanda, Bihar, India	IN	IN34	17619	25.25	85.5833	-2105495	4	Kendrapara, Orissa, India	IN	IN21	70218	20.5	86.4167	-2100278	20260628101500	https://news.webindia123.com/news/Articles/India/20260628/4468383.html
1311126349	20260628	202606	2026	2026.4877	GOV	PRIME MINISTER						GOV			EDU	UNIVERSITY						EDU			1	051	051	05	1	3.4	1	1	1	2.91005291005291	4	Kendrapara, Orissa, India	IN	IN21	70218	20.5	86.4167	-2100278	5	Odisha, Orissa, India	IN	IN21	70217	20.5	84.4167	-2106554	5	Odisha, Orissa, India	IN	IN21	70217	20.5	84.4167	-2106554	20260628101500	https://news.webindia123.com/news/Articles/India/20260628/4468383.html
1311126350	20260628	202606	2026	2026.4877	GOV	GOVERNMENT						GOV			EDU	SCHOOL						EDU			1	100	100	10	3	-5.0	10	1	10	-0.32258064516129	4	Northern Ireland, Craigavon, United Kingdom	UK	UKR8	40152	54.5	-6.5	-2604275	4	Northern Ireland, Craigavon, United Kingdom	UK	UKR8	40152	54.5	-6.5	-2604275	4	Northern Ireland, Craigavon, United Kingdom	UK	UKR8	40152	54.5	-6.5	-2604275	20260628101500	https://www.bristolpost.co.uk/news/uk-world-news/school-pupils-england-follow-new-11034633
1311126351	20260628	202606	2026	2026.4877	GOV	MINISTRY						GOV			EDU	COLLEGE						EDU			1	130	130	13	3	-4.4	20	1	10	-5.11363636363637	1	China	CH	CH		35	105	CH	1	China	CH	CH		35	105	CH	1	China	CH	CH		35	105	CH	20260628101500	https://www.universityworldnews.com/post.php?story=20260627141405469
1311126352	20260628	202606	2026	2026.4877	GOV	PRESIDENT						GOV			EUR	EUROPEAN	EUR								1	014	014	01	1	0.0	3	1	3	-2.66990291262136	4	Ciampino, Lazio, Italy	IT	IT07	18350	41.8	12.6	-115489	4	Ciampino, Lazio, Italy	IT	IT07	18350	41.8	12.6	-115489	4	Ciampino, Lazio, Italy	IT	IT07	18350	41.8	12.6	-115489	20260628101500	https://www.birminghammail.co.uk/travel/uk-tourists-italy-face-drastic-34185394
1311126353	20260628	202606	2026	2026.4877	GOV	PRESIDENT						GOV			FRA	PARIS	FRA								1	040	040	04	1	1.0	8	1	8	1.54639175257732	4	Paris, France (general), France	FR	FR00	16282	48.8667	2.33333	-1456928	4	Delville Wood, KwaZulu-Natal, South Africa	SF	SF02	77363	-29.8345	30.736	-1220657	4	Delville Wood, KwaZulu-Natal, South Africa	SF	SF02	77363	-29.8345	30.736	-1220657	20260628101500	https://www.sanews.gov.za/south-africa/president-ramaphosa-co-chair-unesco-education-meeting-paris
1311126354	20260628	202606	2026	2026.4877	GOV	CABINET						GOV			GBR	UNITED KINGDOM	GBR								1	010	010	01	1	0.0	2	1	2	-3.35195530726256	1	United Kingdom	UK	UK		54	-4	UK	1	United Kingdom	UK	UK		54	-4	UK	1	United Kingdom	UK	UK		54	-4	UK	20260628101500	https://www.universityworldnews.com/post.php?story=20260627134828577
1311126355	20260628	202606	2026	2026.4877	GOV	PRIME MINISTER						GOV			GBR	UNITED KINGDOM	GBR								0	017	017	01	1	0.0	10	1	10	3.53356890459364	1	United Kingdom	UK	UK		54	-4	UK	1	United Kingdom	UK	UK		54	-4	UK	1	United Kingdom	UK	UK		54	-4	UK	20260628101500	https://news.webindia123.com/news/Articles/World/20260628/4468386.html
1311126356	20260628	202606	2026	2026.4877	GOV	PRIME MINISTER						GOV			GBR	UNITED KINGDOM	GBR								0	042	042	04	1	1.9	10	1	10	3.53356890459364	1	Seychelles	SE	SE		-4.583333	55.666667	SE	4	Indian Ocean, ,	OC	OCOC	18585	-10	70	-1506375	1	Seychelles	SE	SE		-4.583333	55.666667	SE	20260628101500	https://news.webindia123.com/news/Articles/World/20260628/4468386.html
1311126357	20260628	202606	2026	2026.4877	GOV	CABINET						GOV			GBRGOV	UNITED KINGDOM	GBR					GOV			1	010	010	01	1	0.0	2	1	2	-3.35195530726256	1	United Kingdom	UK	UK		54	-4	UK	1	United Kingdom	UK	UK		54	-4	UK	1	United Kingdom	UK	UK		54	-4	UK	20260628101500	https://www.universityworldnews.com/post.php?story=20260627134828577
1311126358	20260628	202606	2026	2026.4877	GOV	PRIME MINISTER						GOV			HINAST700	YOGA				HIN					1	013	013	01	1	0.4	1	1	1	2.91005291005291	4	Kendrapara, Orissa, India	IN	IN21	70218	20.5	86.4167	-2100278	4	Kendrapara, Orissa, India	IN	IN21	70218	20.5	86.4167	-2100278	4	Kendrapara, Orissa, India	IN	IN21	70218	20.5	86.4167	-2100278	20260628101500	https://news.webindia123.com/news/Articles/India/20260628/4468383.html
1311126359	20260628	202606	2026	2026.4877	GOV	PRIME MINISTER						GOV			HINAST700	YOGA				HIN					1	013	013	01	1	0.4	4	1	4	2.91005291005291	4	Kendrapara, Orissa, India	IN	IN21	70218	20.5	86.4167	-2100278	4	Nalanda, Bihar, India	IN	IN34	17619	25.25	85.5833	-2105495	4	Kendrapara, Orissa, India	IN	IN21	70218	20.5	86.4167	-2100278	20260628101500	https://news.webindia123.com/news/Articles/India/20260628/4468383.html
1311126360	20260628	202606	2026	2026.4877	GOV	MINIST						GOV			IRL	DUBLIN	IRL								1	036	036	03	1	4.0	7	1	7	1.13250283125708	4	Dublin, Dublin, Ireland	EI	EI07	18288	53.3331	-6.24889	-1502554	4	Dublin, Dublin, Ireland	EI	EI07	18288	53.3331	-6.24889	-1502554	4	Dublin, Dublin, Ireland	EI	EI07	18288	53.3331	-6.24889	-1502554	20260628101500	https://www.swissinfo.ch/eng/foreign-affairs/irelands-eu-presidency-to-shape-key-areas-for-switzerland/91663226
1311126361	20260628	202606	2026	2026.4877	GOV	PRESIDENT						GOV			IRN	TEHRAN	IRN								0	1124	112	11	3	-2.0	8	1	8	-6.38930163447251	4	Tehran, Tehran, Iran	IR	IR26	41130	35.75	51.5148	10074674	4	Tehran, Tehran, Iran	IR	IR26	41130	35.75	51.5148	10074674	4	Tehran, Tehran, Iran	IR	IR26	41130	35.75	51.5148	10074674	20260628101500	https://dominicanrepublicpost.com/iran-attacks-kuwait-and-bahrain-in-response-to-us-strikes/
1311126362	20260628	202606	2026	2026.4877	GOV	CHIEF OF STAFF						GOV			ISR	ISRAEL	ISR								0	017	017	01	1	0.0	7	1	7	-3.45596432552954	4	Jerusalem, Israel (general), Israel	IS	IS00	18315	31.7667	35.2333	-797092	4	Jerusalem, Israel (general), Israel	IS	IS00	18315	31.7667	35.2333	-797092	4	Jerusalem, Israel (general), Israel	IS	IS00	18315	31.7667	35.2333	-797092	20260628101500	http://www.jpost.com/israel-news/defense-news/article-900701
1311126363	20260628	202606	2026	2026.4877	GOV	CHIEF OF STAFF						GOV			ISR	ISRAEL	ISR								0	017	017	01	1	0.0	1	1	1	-3.45596432552954	4	Jerusalem, Israel (general), Israel	IS	IS00	18315	31.7667	35.2333	-797092	1	Lebanon	LE	LE		33.833333	35.833333	LE	1	Lebanon	LE	LE		33.833333	35.833333	LE	20260628101500	http://www.jpost.com/israel-news/defense-news/article-900701
1311126364	20260628	202606	2026	2026.4877	GOV	CHIEF OF STAFF						GOV			ISR	ISRAEL	ISR								0	017	017	01	1	0.0	6	1	6	-3.45596432552954	4	Tehran, Tehran, Iran	IR	IR26	41130	35.75	51.5148	10074674	4	Jerusalem, Israel (general), Israel	IS	IS00	18315	31.7667	35.2333	-797092	4	Jerusalem, Israel (general), Israel	IS	IS00	18315	31.7667	35.2333	-797092	20260628101500	http://www.jpost.com/israel-news/defense-news/article-900701
1311126365	20260628	202606	2026	2026.4877	GOV	CHIEF OF STAFF						GOV			ISR	ISRAEL	ISR								0	017	017	01	1	0.0	5	1	4	-3.45596432552954	4	Tehran, Tehran, Iran	IR	IR26	41130	35.75	51.5148	10074674	4	Jerusalem, Israel (general), Israel	IS	IS00	18315	31.7667	35.2333	-797092	4	Tehran, Tehran, Iran	IR	IR26	41130	35.75	51.5148	10074674	20260628101500	http://www.jpost.com/israel-news/defense-news/article-900701
1311126366	20260628	202606	2026	2026.4877	GOV	CHIEF OF STAFF						GOV			ISR	ISRAEL	ISR								0	017	017	01	1	0.0	1	1	1	-3.45596432552954	4	Tehran, Tehran, Iran	IR	IR26	41130	35.75	51.5148	10074674	4	Tehran, Tehran, Iran	IR	IR26	41130	35.75	51.5148	10074674	4	Tehran, Tehran, Iran	IR	IR26	41130	35.75	51.5148	10074674	20260628101500	http://www.jpost.com/israel-news/defense-news/article-900701
1311126367	20260628	202606	2026	2026.4877	GOV	MINISTRY						GOV			ISR	ISRAEL	ISR								1	042	042	04	1	1.9	5	1	5	1.44927536231884	4	Raanana, HaMerkaz, Israel	IS	IS02	18316	32.1808	34.8672	-781127	4	Raanana, HaMerkaz, Israel	IS	IS02	18316	32.1808	34.8672	-781127	4	Raanana, HaMerkaz, Israel	IS	IS02	18316	32.1808	34.8672	-781127	20260628101500	http://www.jpost.com/aliyah/article-900706
1311126368	20260628	202606	2026	2026.4877	GOV	MINISTRY						GOV			ISR	ISRAEL	ISR								1	042	042	04	1	1.9	5	1	5	1.44927536231884	4	Tel Aviv, Tel Aviv, Israel	IS	IS05	18316	32.0667	34.7667	-781545	4	Tel Aviv, Tel Aviv, Israel	IS	IS05	18316	32.0667	34.7667	-781545	4	Tel Aviv, Tel Aviv, Israel	IS	IS05	18316	32.0667	34.7667	-781545	20260628101500	http://www.jpost.com/aliyah/article-900706
1311126369	20260628	202606	2026	2026.4877	GOV	CHIEF OF STAFF						GOV			ISR	ISRAEL	ISR								0	042	042	04	1	1.9	6	1	6	-3.45596432552954	4	Jerusalem, Israel (general), Israel	IS	IS00	18315	31.7667	35.2333	-797092	4	Jerusalem, Israel (general), Israel	IS	IS00	18315	31.7667	35.2333	-797092	4	Jerusalem, Israel (general), Israel	IS	IS00	18315	31.7667	35.2333	-797092	20260628101500	http://www.jpost.com/israel-news/defense-news/article-900701
1311126370	20260628	202606	2026	2026.4877	GOV	CHIEF OF STAFF						GOV			ISR	ISRAEL	ISR								0	042	042	04	1	1.9	6	1	6	-3.45596432552954	4	Tehran, Tehran, Iran	IR	IR26	41130	35.75	51.5148	10074674	4	Jerusalem, Israel (general), Israel	IS	IS00	18315	31.7667	35.2333	-797092	4	Jerusalem, Israel (general), Israel	IS	IS00	18315	31.7667	35.2333	-797092	20260628101500	http://www.jpost.com/israel-news/defense-news/article-900701
1311126371	20260628	202606	2026	2026.4877	GOV	CHIEF OF STAFF						GOV			ISR	ISRAEL	ISR								0	042	042	04	1	1.9	6	1	4	-3.45596432552954	4	Tehran, Tehran, Iran	IR	IR26	41130	35.75	51.5148	10074674	4	Jerusalem, Israel (general), Israel	IS	IS00	18315	31.7667	35.2333	-797092	4	Tehran, Tehran, Iran	IR	IR26	41130	35.75	51.5148	10074674	20260628101500	http://www.jpost.com/israel-news/defense-news/article-900701
1311126372	20260628	202606	2026	2026.4877	GOV	CHIEF OF STAFF						GOV			ISR	ISRAEL	ISR								0	042	042	04	1	1.9	2	1	2	-3.45596432552954	4	Tehran, Tehran, Iran	IR	IR26	41130	35.75	51.5148	10074674	4	Tehran, Tehran, Iran	IR	IR26	41130	35.75	51.5148	10074674	4	Tehran, Tehran, Iran	IR	IR26	41130	35.75	51.5148	10074674	20260628101500	http://www.jpost.com/israel-news/defense-news/article-900701
1311126373	20260628	202606	2026	2026.4877	GOV	PRIME MINISTER						GOV			LBNGOV	LEBANESE	LBN					GOV			1	051	051	05	1	3.4	3	1	3	-0.86741016109046	1	Lebanon	LE	LE		33.833333	35.833333	LE	1	Lebanon	LE	LE		33.833333	35.833333	LE	1	Lebanon	LE	LE		33.833333	35.833333	LE	20260628101500	http://www.jpost.com/opinion/article-900674
1311126374	20260628	202606	2026	2026.4877	GOV	PRIME MINISTER						GOV			LBNGOV	LEBANESE	LBN					GOV			1	110	110	11	3	-2.0	6	1	6	-0.86741016109046	1	Lebanon	LE	LE		33.833333	35.833333	LE	1	Lebanon	LE	LE		33.833333	35.833333	LE	1	Lebanon	LE	LE		33.833333	35.833333	LE	20260628101500	http://www.jpost.com/opinion/article-900674
1311126375	20260628	202606	2026	2026.4877	GOV	GOVERNMENT						GOV			LEG	PARLIAMENT						LEG			0	030	030	03	1	4.0	10	1	10	-3.77754459601259	1	United Kingdom	UK	UK		54	-4	UK	1	United Kingdom	UK	UK		54	-4	UK	1	United Kingdom	UK	UK		54	-4	UK	20260628101500	https://www.outinperth.com/uk-reveals-proposed-conversion-therapy-ban-legislation/
1311126376	20260628	202606	2026	2026.4877	GOV	CHIEF OF STAFF						GOV			MIL	COMMANDER						MIL			1	051	051	05	1	3.4	8	1	8	3.73134328358209	1	France	FR	FR		46	2	FR	1	France	FR	FR		46	2	FR	1	France	FR	FR		46	2	FR	20260628101500	https://www.qatar-tribune.com/article/241727/latest-news/amiri-naval-forces-commander-meets-french-navy-chief-of-staff
1311126377	20260628	202606	2026	2026.4877	GOV	MINISTRY						GOV			QAT	QATAR	QAT								1	010	010	01	1	0.0	10	1	10	-6	1	Qatar	QA	QA		25.5	51.25	QA	1	Qatar	QA	QA		25.5	51.25	QA	1	Qatar	QA	QA		25.5	51.25	QA	20260628101500	https://www.qatar-tribune.com/article/241729/latest-news/qatar-strongly-condemns-irans-repeated-attacks-on-bahrain-and-kuwait
1311126378	20260628	202606	2026	2026.4877	GOV	REGIME						GOV			RUS	RUSSIA	RUS								0	042	042	04	1	1.9	4	1	4	-2.44798041615667	4	Leningrad, Sankt-Peterburg, Russia	RS	RS66	25095	59.8944	30.2642	-2996338	4	Leningrad, Sankt-Peterburg, Russia	RS	RS66	25095	59.8944	30.2642	-2996338	4	Leningrad, Sankt-Peterburg, Russia	RS	RS66	25095	59.8944	30.2642	-2996338	20260628101500	https://freebeacon.com/national-security/in-the-end-i-was-right-how-a-harvard-historian-helped-reagan-topple-soviet-communism/
1311126379	20260628	202606	2026	2026.4877	GOV	PRIME MINISTER						GOV			SYC	SEYCHELLES	SYC								1	051	051	05	1	3.4	2	1	2	5.71870170015456	1	India	IN	IN		20	77	IN	1	India	IN	IN		20	77	IN	1	India	IN	IN		20	77	IN	20260628101500	https://news.webindia123.com/news/Articles/World/20260628/4468376.html
1311126380	20260628	202606	2026	2026.4877	GOV	PRESIDENT						GOV			USA	UNITED STATES	USA								0	030	030	03	1	4.0	2	1	2	2.12628865979381	1	Japan	JA	JA		36	138	JA	3	White House, District of Columbia, United States	US	USDC		38.8951	-77.0364	531871	1	Japan	JA	JA		36	138	JA	20260628101500	https://www.spokesman.com/stories/2026/jun/28/who-is-your-american-hero-locals-share-their-favor/
1311126381	20260628	202606	2026	2026.4877	GOV	PRESIDENT						GOV			USA	UNITED STATES	USA								1	051	051	05	1	3.4	4	1	4	1.00439422473321	2	Washington, United States	US	USWA		47.3917	-121.571	WA	2	Washington, United States	US	USWA		47.3917	-121.571	WA	2	Washington, United States	US	USWA		47.3917	-121.571	WA	20260628101500	https://www.spokesman.com/stories/2026/jun/28/get-ready-for-the-fourth-with-a-special-edition-of/
1311126382	20260628	202606	2026	2026.4877	GOV	PRESIDENT						GOV			USAGOV	OBAMA	USA					GOV			0	030	030	03	1	4.0	2	1	2	2.12628865979381	3	White House, District of Columbia, United States	US	USDC		38.8951	-77.0364	531871	3	White House, District of Columbia, United States	US	USDC		38.8951	-77.0364	531871	3	White House, District of Columbia, United States	US	USDC		38.8951	-77.0364	531871	20260628101500	https://www.spokesman.com/stories/2026/jun/28/who-is-your-american-hero-locals-share-their-favor/
1311126383	20260628	202606	2026	2026.4877	GOV	PRESIDENT						GOV			USAGOV	OBAMA	USA					GOV			0	030	030	03	1	4.0	3	1	3	2.12628865979381	1	Japan	JA	JA		36	138	JA	3	White House, District of Columbia, United States	US	USDC		38.8951	-77.0364	531871	3	White House, District of Columbia, United States	US	USDC		38.8951	-77.0364	531871	20260628101500	https://www.spokesman.com/stories/2026/jun/28/who-is-your-american-hero-locals-share-their-favor/
1311126384	20260628	202606	2026	2026.4877	GOV	PRESIDENT						GOV			USAGOV	THE WHITE HOUSE	USA					GOV			1	051	051	05	1	3.4	6	1	6	1.00439422473321	2	Washington, United States	US	USWA		47.3917	-121.571	WA	2	Washington, United States	US	USWA		47.3917	-121.571	WA	2	Washington, United States	US	USWA		47.3917	-121.571	WA	20260628101500	https://www.spokesman.com/stories/2026/jun/28/get-ready-for-the-fourth-with-a-special-edition-of/
1311126385	20260628	202606	2026	2026.4877	GOV	GOVERNMENT						GOV			USAMED	REUTERS	USA					MED			0	013	013	01	1	0.4	7	1	7	0.13550135501355	4	Munich, Bayern, Germany	GM	GM02	16532	48.15	11.5833	-1829149	4	Munich, Bayern, Germany	GM	GM02	16532	48.15	11.5833	-1829149	4	Munich, Bayern, Germany	GM	GM02	16532	48.15	11.5833	-1829149	20260628101500	http://www.jpost.com/defense-and-tech/article-900681
1311126386	20260628	202606	2026	2026.4877	GOV	PRESIDENT						GOV			ZAF	SOUTH AFRICAN	ZAF								1	017	017	01	1	0.0	2	1	2	1.54639175257732	4	Delville Wood, KwaZulu-Natal, South Africa	SF	SF02	77363	-29.8345	30.736	-1220657	4	Delville Wood, KwaZulu-Natal, South Africa	SF	SF02	77363	-29.8345	30.736	-1220657	4	Delville Wood, KwaZulu-Natal, South Africa	SF	SF02	77363	-29.8345	30.736	-1220657	20260628101500	https://www.sanews.gov.za/south-africa/president-ramaphosa-co-chair-unesco-education-meeting-paris
1311126387	20260628	202606	2026	2026.4877	GOVEDU	EDUCATION MINIST						GOV	EDU		GOV	PRIME MINISTER						GOV			1	010	010	01	1	0.0	2	1	2	2.91005291005291	4	Kendrapara, Orissa, India	IN	IN21	70218	20.5	86.4167	-2100278	4	Kendrapara, Orissa, India	IN	IN21	70218	20.5	86.4167	-2100278	4	Kendrapara, Orissa, India	IN	IN21	70218	20.5	86.4167	-2100278	20260628101500	https://news.webindia123.com/news/Articles/India/20260628/4468383.html
1311126388	20260628	202606	2026	2026.4877	GOVEDU	EDUCATION MINIST						GOV	EDU		GOV	PRIME MINISTER						GOV			1	010	010	01	1	0.0	2	1	2	2.91005291005291	4	Kendrapara, Orissa, India	IN	IN21	70218	20.5	86.4167	-2100278	4	Kendrapara, Orissa, India	IN	IN21	70218	20.5	86.4167	-2100278	4	Nalanda, Bihar, India	IN	IN34	17619	25.25	85.5833	-2105495	20260628101500	https://news.webindia123.com/news/Articles/India/20260628/4468383.html
1311126389	20260628	202606	2026	2026.4877	GOVEDU	EDUCATION MINIST						GOV	EDU		GOV	PRIME MINISTER						GOV			1	010	010	01	1	0.0	6	1	6	2.91005291005291	4	Nalanda, Bihar, India	IN	IN34	17619	25.25	85.5833	-2105495	4	Nalanda, Bihar, India	IN	IN34	17619	25.25	85.5833	-2105495	4	Nalanda, Bihar, India	IN	IN34	17619	25.25	85.5833	-2105495	20260628101500	https://news.webindia123.com/news/Articles/India/20260628/4468383.html
1311126390	20260628	202606	2026	2026.4877	GOVMED	INFORMATION OFFICE						GOV	MED		USA	ILLINOIS	USA								1	010	010	01	1	0.0	10	1	10	-3.24675324675325	2	Illinois, United States	US	USIL		40.3363	-89.0022	IL	2	Illinois, United States	US	USIL		40.3363	-89.0022	IL	2	Illinois, United States	US	USIL		40.3363	-89.0022	IL	20260628101500	https://103gbfrocks.com/ixp/463/p/illinois-police-cold-case/
1311126391	20260628	202606	2026	2026.4877	GOVMED	INFORMATION OFFICE						GOV	MED		USA	ILLINOIS	USA								1	0214	021	02	1	3.4	10	1	10	-3.24675324675325	2	Illinois, United States	US	USIL		40.3363	-89.0022	IL	2	Illinois, United States	US	USIL		40.3363	-89.0022	IL	2	Illinois, United States	US	USIL		40.3363	-89.0022	IL	20260628101500	https://103gbfrocks.com/ixp/463/p/illinois-police-cold-case/
1311126392	20260628	202606	2026	2026.4877	GOVMED	INFORMATION OFFICE						GOV	MED		USA	UNITED STATES	USA								1	084	084	08	2	7.0	1	1	1	-3.24675324675325	3	Galesburg, Illinois, United States	US	USIL	IL095	40.9478	-90.3712	408847	2	Illinois, United States	US	USIL		40.3363	-89.0022	IL	3	Galesburg, Illinois, United States	US	USIL	IL095	40.9478	-90.3712	408847	20260628101500	https://103gbfrocks.com/ixp/463/p/illinois-police-cold-case/
1311126393	20260628	202606	2026	2026.4877	GOVMED	INFORMATION OFFICE						GOV	MED		USA	ILLINOIS	USA								1	084	084	08	2	7.0	7	1	7	-3.24675324675325	3	Galesburg, Illinois, United States	US	USIL	IL095	40.9478	-90.3712	408847	2	Illinois, United States	US	USIL		40.3363	-89.0022	IL	2	Illinois, United States	US	USIL		40.3363	-89.0022	IL	20260628101500	https://103gbfrocks.com/ixp/463/p/illinois-police-cold-case/
1311126394	20260628	202606	2026	2026.4877	GOVMED	INFORMATION OFFICE						GOV	MED		USA	UNITED STATES	USA								1	084	084	08	2	7.0	2	1	2	-3.24675324675325	2	Illinois, United States	US	USIL		40.3363	-89.0022	IL	2	Illinois, United States	US	USIL		40.3363	-89.0022	IL	2	Illinois, United States	US	USIL		40.3363	-89.0022	IL	20260628101500	https://103gbfrocks.com/ixp/463/p/illinois-police-cold-case/
1311126395	20260628	202606	2026	2026.4877	GTM	GUATEMALA	GTM								COP	TROOPER						COP			0	046	046	04	1	7.0	1	1	1	-5.31914893617021	1	Guatemala	GT	GT		15.5	-90.25	GT	2	Connecticut, United States	US	USCT		41.5834	-72.7622	CT	2	Connecticut, United States	US	USCT		41.5834	-72.7622	CT	20260628101500	https://www.courant.com/2026/06/28/man-has-been-charged-in-i-95-crash-with-off-duty-officer-he-was-allegedly-parked-in-travel-lane/
1311126396	20260628	202606	2026	2026.4877	HLH	HOSPITAL						HLH													0	010	010	01	1	0.0	10	1	10	0.26315789473684	1	Canada	CA	CA		60	-96	CA	0								1	Canada	CA	CA		60	-96	CA	20260628101500	https://www.cbc.ca/news/canada/nova-scotia/hiker-rescue-nova-scotia-9.7249768
1311126397	20260628	202606	2026	2026.4877	IGO	INTERNATIONAL MARITIME ORGANIZATION						IGO													0	0333	033	03	1	5.2	10	1	10	-6.38930163447251	4	Tehran, Tehran, Iran	IR	IR26	41130	35.75	51.5148	10074674	0								4	Tehran, Tehran, Iran	IR	IR26	41130	35.75	51.5148	10074674	20260628101500	https://dominicanrepublicpost.com/iran-attacks-kuwait-and-bahrain-in-response-to-us-strikes/
1311126398	20260628	202606	2026	2026.4877	IGO	INTERNATIONAL MARITIME ORGANIZATION						IGO													0	160	160	16	4	-4.0	10	1	10	-6.38930163447251	4	Tehran, Tehran, Iran	IR	IR26	41130	35.75	51.5148	10074674	0								4	Tehran, Tehran, Iran	IR	IR26	41130	35.75	51.5148	10074674	20260628101500	https://dominicanrepublicpost.com/iran-attacks-kuwait-and-bahrain-in-response-to-us-strikes/
1311126399	20260628	202606	2026	2026.4877	IGOEUREEC	EUROPEAN COMMISSION	EUR	EEC				IGO													0	020	020	02	1	3.0	10	1	10	1.13250283125708	4	Bern, Bern, Switzerland	SZ	SZ05	26290	46.9167	7.46667	-2551235	0								4	Bern, Bern, Switzerland	SZ	SZ05	26290	46.9167	7.46667	-2551235	20260628101500	https://www.swissinfo.ch/eng/foreign-affairs/irelands-eu-presidency-to-shape-key-areas-for-switzerland/91663226
1311126400	20260628	202606	2026	2026.4877	IGOEUREEC	THE EU	EUR	EEC				IGO													0	036	036	03	1	4.0	10	1	10	1.13250283125708	4	Bern, Bern, Switzerland	SZ	SZ05	26290	46.9167	7.46667	-2551235	0								4	Bern, Bern, Switzerland	SZ	SZ05	26290	46.9167	7.46667	-2551235	20260628101500	https://www.swissinfo.ch/eng/foreign-affairs/irelands-eu-presidency-to-shape-key-areas-for-switzerland/91663226
1311126401	20260628	202606	2026	2026.4877	IGOEUREEC	THE EU	EUR	EEC				IGO			CHE	SWITZERLAND	CHE								1	050	050	05	1	3.5	5	1	5	1.13250283125708	4	Bern, Bern, Switzerland	SZ	SZ05	26290	46.9167	7.46667	-2551235	4	Bern, Bern, Switzerland	SZ	SZ05	26290	46.9167	7.46667	-2551235	4	Bern, Bern, Switzerland	SZ	SZ05	26290	46.9167	7.46667	-2551235	20260628101500	https://www.swissinfo.ch/eng/foreign-affairs/irelands-eu-presidency-to-shape-key-areas-for-switzerland/91663226
1311126402	20260628	202606	2026	2026.4877	IGOUNODEVWBK	WORLD BANK		UNO				IGO	DEV												0	020	020	02	1	3.0	3	1	3	2.11189329381252	1	Afghanistan	AF	AF		33	66	AF	0								1	Afghanistan	AF	AF		33	66	AF	20260628101500	https://www.universityworldnews.com/post.php?story=20260627081834145
1311126403	20260628	202606	2026	2026.4877	IGOUNODEVWBK	WORLD BANK		UNO				IGO	DEV												0	020	020	02	1	3.0	3	1	3	2.11189329381252	1	Brazil	BR	BR		-10	-55	BR	0								1	Brazil	BR	BR		-10	-55	BR	20260628101500	https://www.universityworldnews.com/post.php?story=20260627081834145
1311126404	20260628	202606	2026	2026.4877	IGOUNODEVWBK	WORLD BANK		UNO				IGO	DEV												0	020	020	02	1	3.0	4	1	4	2.11189329381252	1	United Kingdom	UK	UK		54	-4	UK	0								1	United Kingdom	UK	UK		54	-4	UK	20260628101500	https://www.universityworldnews.com/post.php?story=20260627081834145
1311126405	20260628	202606	2026	2026.4877	IND	MUMBAI	IND																		1	043	043	04	1	2.8	2	1	2	-3.03030303030303	4	Maihar, Madhya Pradesh, India	IN	IN35	17745	24.2667	80.75	-2103252	0								4	Mirzapur, Uttar Pradesh, India	IN	IN36	17924	27.2494	79.3139	10451923	20260628101500	https://news.webindia123.com/news/Articles/Entertainment/20260628/4468369.html
1311126406	20260628	202606	2026	2026.4877	IND	TAMIL NADU	IND								GOV	GOVERNMENT						GOV			1	100	100	10	3	-5.0	2	1	2	-1.72043010752688	4	Madras, Tamil Nadu, India	IN	IN25	70251	13.0833	80.2833	-2103041	4	Madras, Tamil Nadu, India	IN	IN25	70251	13.0833	80.2833	-2103041	4	Madras, Tamil Nadu, India	IN	IN25	70251	13.0833	80.2833	-2103041	20260628101500	https://www.thehindu.com/news/national/tamil-nadu/nadigar-sangam-elections-case-madras-high-court-to-pass-orders-on-july-1-2026/article71157328.ece
1311126407	20260628	202606	2026	2026.4877	IND	BOMBAY	IND								JUDJUD	HIGH COURT						JUD	JUD		0	030	030	03	1	4.0	2	1	2	-3.08924485125858	4	Bombay, Maharashtra, India	IN	IN16	70184	18.975	72.8258	-2092174	4	Bombay, Maharashtra, India	IN	IN16	70184	18.975	72.8258	-2092174	4	Bombay, Maharashtra, India	IN	IN16	70184	18.975	72.8258	-2092174	20260628101500	https://moneylife.in/article/a-national-judicial-reforms-commission-a-proposal-india-cannot-afford-to-ignore/80908.html
1311126408	20260628	202606	2026	2026.4877	IND	BOMBAY	IND								JUDJUD	HIGH COURT						JUD	JUD		0	100	100	10	3	-5.0	2	1	2	-3.08924485125858	4	Bombay, Maharashtra, India	IN	IN16	70184	18.975	72.8258	-2092174	4	Bombay, Maharashtra, India	IN	IN16	70184	18.975	72.8258	-2092174	4	Bombay, Maharashtra, India	IN	IN16	70184	18.975	72.8258	-2092174	20260628101500	https://moneylife.in/article/a-national-judicial-reforms-commission-a-proposal-india-cannot-afford-to-ignore/80908.html
1311126409	20260628	202606	2026	2026.4877	INDEDU	AMRITSAR	IND					EDU													0	013	013	01	1	0.4	2	1	2	-0.14450867052023	4	Kanpur, Uttar Pradesh, India	IN	IN36	70269	26.4667	80.35	-2099561	0								4	Kanpur, Uttar Pradesh, India	IN	IN36	70269	26.4667	80.35	-2099561	20260628101500	https://timesofindia.indiatimes.com/city/lucknow/female-cadet-pilot-injured-after-being-struck-by-running-propeller-during-deboarding-in-kanpur-fto/articleshow/132048614.cms
1311126410	20260628	202606	2026	2026.4877	INDEDU	AMRITSAR	IND					EDU			IND	AMRITSAR	IND								0	013	013	01	1	0.4	4	1	4	-0.14450867052023	4	Kanpur, Uttar Pradesh, India	IN	IN36	70269	26.4667	80.35	-2099561	4	Kanpur, Uttar Pradesh, India	IN	IN36	70269	26.4667	80.35	-2099561	4	Kanpur, Uttar Pradesh, India	IN	IN36	70269	26.4667	80.35	-2099561	20260628101500	https://timesofindia.indiatimes.com/city/lucknow/female-cadet-pilot-injured-after-being-struck-by-running-propeller-during-deboarding-in-kanpur-fto/articleshow/132048614.cms
1311126411	20260628	202606	2026	2026.4877	INDGOV	TAMIL NADU	IND					GOV			GOV	GOVERNMENT						GOV			1	100	100	10	3	-5.0	2	1	2	-1.72043010752688	5	Tamil Nadu, Tamil Nadu, India	IN	IN25	70248	11	78	-2112557	5	Tamil Nadu, Tamil Nadu, India	IN	IN25	70248	11	78	-2112557	5	Tamil Nadu, Tamil Nadu, India	IN	IN25	70248	11	78	-2112557	20260628101500	https://www.thehindu.com/news/national/tamil-nadu/nadigar-sangam-elections-case-madras-high-court-to-pass-orders-on-july-1-2026/article71157328.ece
1311126412	20260628	202606	2026	2026.4877	INDJUD	BOMBAY	IND					JUD			JUDJUD	JUDGE						JUD	JUD		0	030	030	03	1	4.0	2	1	2	-3.08924485125858	4	Bombay, Maharashtra, India	IN	IN16	70184	18.975	72.8258	-2092174	4	Bombay, Maharashtra, India	IN	IN16	70184	18.975	72.8258	-2092174	4	Bombay, Maharashtra, India	IN	IN16	70184	18.975	72.8258	-2092174	20260628101500	https://moneylife.in/article/a-national-judicial-reforms-commission-a-proposal-india-cannot-afford-to-ignore/80908.html
1311126413	20260628	202606	2026	2026.4877	INDJUD	BOMBAY	IND					JUD			JUDJUD	JUDGE						JUD	JUD		0	100	100	10	3	-5.0	2	1	2	-3.08924485125858	4	Bombay, Maharashtra, India	IN	IN16	70184	18.975	72.8258	-2092174	4	Bombay, Maharashtra, India	IN	IN16	70184	18.975	72.8258	-2092174	4	Bombay, Maharashtra, India	IN	IN16	70184	18.975	72.8258	-2092174	20260628101500	https://moneylife.in/article/a-national-judicial-reforms-commission-a-proposal-india-cannot-afford-to-ignore/80908.html
1311126414	20260628	202606	2026	2026.4877	IRL	IRELAND	IRL																		1	012	012	01	1	-0.4	2	1	2	-2.20385674931129	4	Donegal, Donegal, Ireland	EI	EI06	18287	54.65	-8.11667	-1502376	0								4	Donegal, Donegal, Ireland	EI	EI06	18287	54.65	-8.11667	-1502376	20260628101500	https://donegalnews.com/after-the-heat-back-to-a-wet-week-ahead-for-donegal2/
1311126415	20260628	202606	2026	2026.4877	IRL	IRELAND	IRL																		0	040	040	04	1	1.0	10	1	10	1.13250283125708	4	Dublin, Dublin, Ireland	EI	EI07	18288	53.3331	-6.24889	-1502554	0								4	Dublin, Dublin, Ireland	EI	EI07	18288	53.3331	-6.24889	-1502554	20260628101500	https://www.swissinfo.ch/eng/foreign-affairs/irelands-eu-presidency-to-shape-key-areas-for-switzerland/91663226
1311126416	20260628	202606	2026	2026.4877	IRL	IRELAND	IRL																		0	071	071	07	2	7.4	2	1	2	1.13250283125708	4	Dublin, Dublin, Ireland	EI	EI07	18288	53.3331	-6.24889	-1502554	0								4	Dublin, Dublin, Ireland	EI	EI07	18288	53.3331	-6.24889	-1502554	20260628101500	https://www.swissinfo.ch/eng/foreign-affairs/irelands-eu-presidency-to-shape-key-areas-for-switzerland/91663226
1311126417	20260628	202606	2026	2026.4877	IRL	IRELAND	IRL																		0	071	071	07	2	7.4	8	1	8	1.13250283125708	4	Dublin, Dublin, Ireland	EI	EI07	18288	53.3331	-6.24889	-1502554	0								4	Bern, Bern, Switzerland	SZ	SZ05	26290	46.9167	7.46667	-2551235	20260628101500	https://www.swissinfo.ch/eng/foreign-affairs/irelands-eu-presidency-to-shape-key-areas-for-switzerland/91663226
1311126418	20260628	202606	2026	2026.4877	IRL	DUBLIN	IRL								GOV	MINIST						GOV			1	036	036	03	1	4.0	5	1	5	1.13250283125708	4	Bern, Bern, Switzerland	SZ	SZ05	26290	46.9167	7.46667	-2551235	4	Brussels, Bruxelles-Capitale, Belgium	BE	BE11	5850	50.8333	4.33333	-1955538	4	Brussels, Bruxelles-Capitale, Belgium	BE	BE11	5850	50.8333	4.33333	-1955538	20260628101500	https://www.swissinfo.ch/eng/foreign-affairs/irelands-eu-presidency-to-shape-key-areas-for-switzerland/91663226
1311126419	20260628	202606	2026	2026.4877	IRL	DUBLIN	IRL								GOV	MINIST						GOV			1	036	036	03	1	4.0	2	1	2	1.13250283125708	4	Bern, Bern, Switzerland	SZ	SZ05	26290	46.9167	7.46667	-2551235	4	Bern, Bern, Switzerland	SZ	SZ05	26290	46.9167	7.46667	-2551235	4	Bern, Bern, Switzerland	SZ	SZ05	26290	46.9167	7.46667	-2551235	20260628101500	https://www.swissinfo.ch/eng/foreign-affairs/irelands-eu-presidency-to-shape-key-areas-for-switzerland/91663226
1311126420	20260628	202606	2026	2026.4877	IRN	IRAN	IRN																		1	085	085	08	2	7.0	2	1	2	-2.49597423510467	3	Versailles, New York, United States	US	USNY	NY009	42.519	-78.9959	968512	0								3	Versailles, New York, United States	US	USNY	NY009	42.519	-78.9959	968512	20260628101500	https://www.spokesman.com/stories/2026/jun/28/inland-nw-republicans-lukewarm-on-us-iran-deal-but/
1311126421	20260628	202606	2026	2026.4877	IRN	IRAN	IRN																		1	085	085	08	2	7.0	8	1	8	-2.49597423510467	1	Iran	IR	IR		32	53	IR	0								1	Iran	IR	IR		32	53	IR	20260628101500	https://www.spokesman.com/stories/2026/jun/28/inland-nw-republicans-lukewarm-on-us-iran-deal-but/
1311126422	20260628	202606	2026	2026.4877	IRN	IRAN	IRN																		0	190	190	19	4	-10.0	8	1	8	-4.69798657718121	4	Sirik, Hormozgan, Iran	IR	IR11	40985	26.5055	57.122	-3085885	0								4	Tehran, Tehran, Iran	IR	IR26	41130	35.75	51.5148	10074674	20260628101500	https://www.gdnonline.com:443/Details/1398959/DAMN-THOSE-DRONES-US-forces-carry-out-fresh-strikes-after-a-Panama-flagged-tanker-was-attacked-by-an-Iranian-drone
1311126423	20260628	202606	2026	2026.4877	IRN	IRAN	IRN								GOV	ADMINISTRATION						GOV			0	036	036	03	1	4.0	2	1	2	-6.38930163447251	4	Tehran, Tehran, Iran	IR	IR26	41130	35.75	51.5148	10074674	4	Tehran, Tehran, Iran	IR	IR26	41130	35.75	51.5148	10074674	4	Tehran, Tehran, Iran	IR	IR26	41130	35.75	51.5148	10074674	20260628101500	https://dominicanrepublicpost.com/iran-attacks-kuwait-and-bahrain-in-response-to-us-strikes/
1311126424	20260628	202606	2026	2026.4877	IRN	IRAN	IRN								GOV	ADMINISTRATION						GOV			0	036	036	03	1	4.0	2	1	2	-6.38930163447251	4	Tehran, Tehran, Iran	IR	IR26	41130	35.75	51.5148	10074674	4	Tehran, Tehran, Iran	IR	IR26	41130	35.75	51.5148	10074674	1	Oman	MU	MU		21	57	MU	20260628101500	https://dominicanrepublicpost.com/iran-attacks-kuwait-and-bahrain-in-response-to-us-strikes/
1311126425	20260628	202606	2026	2026.4877	IRN	IRAN	IRN								GOV	ADMINISTRATION						GOV			0	036	036	03	1	4.0	6	1	6	-6.38930163447251	4	Tehran, Tehran, Iran	IR	IR26	41130	35.75	51.5148	10074674	1	Oman	MU	MU		21	57	MU	1	Oman	MU	MU		21	57	MU	20260628101500	https://dominicanrepublicpost.com/iran-attacks-kuwait-and-bahrain-in-response-to-us-strikes/
1311126426	20260628	202606	2026	2026.4877	IRN	IRAN	IRN								IRNMOS	IRAN	IRN			MOS					0	1124	112	11	3	-2.0	2	1	2	-7.89889415481832	3	Washington, District of Columbia, United States	US	USDC	DC001	38.8951	-77.0364	531871	3	Washington, District of Columbia, United States	US	USDC	DC001	38.8951	-77.0364	531871	1	Israel	IS	IS		31.5	34.75	IS	20260628101500	https://www.rferl.org/a/iran-us-hormuz-cease-fire-violation-kuwait-bahrain-trump/33790546.html
1311126427	20260628	202606	2026	2026.4877	IRN	IRAN	IRN								IRNMOS	IRAN	IRN			MOS					0	1124	112	11	3	-2.0	8	1	8	-7.89889415481832	1	Israel	IS	IS		31.5	34.75	IS	1	Israel	IS	IS		31.5	34.75	IS	1	Lebanon	LE	LE		33.833333	35.833333	LE	20260628101500	https://www.rferl.org/a/iran-us-hormuz-cease-fire-violation-kuwait-bahrain-trump/33790546.html
1311126428	20260628	202606	2026	2026.4877	IRN	IRAN	IRN								ISR	ISRAEL	ISR								1	010	010	01	1	0.0	8	1	8	-4.34782608695652	1	Iran	IR	IR		32	53	IR	4	Jerusalem, Israel (general), Israel	IS	IS00	18315	31.7667	35.2333	-797092	4	Jerusalem, Israel (general), Israel	IS	IS00	18315	31.7667	35.2333	-797092	20260628101500	http://www.jpost.com/middle-east/iran-news/article-900685
1311126429	20260628	202606	2026	2026.4877	IRN	IRAN	IRN								ISR	JERUSALEM	ISR								1	013	013	01	1	0.4	8	1	8	-4.34782608695652	1	Iran	IR	IR		32	53	IR	4	Jerusalem, Israel (general), Israel	IS	IS00	18315	31.7667	35.2333	-797092	4	Jerusalem, Israel (general), Israel	IS	IS00	18315	31.7667	35.2333	-797092	20260628101500	http://www.jpost.com/middle-east/iran-news/article-900685
1311126430	20260628	202606	2026	2026.4877	IRN	IRAN	IRN								ISR	ISRAEL	ISR								0	0356	035	03	1	7.0	1	1	1	-3.45596432552954	4	Jerusalem, Israel (general), Israel	IS	IS00	18315	31.7667	35.2333	-797092	1	Lebanon	LE	LE		33.833333	35.833333	LE	4	Tehran, Tehran, Iran	IR	IR26	41130	35.75	51.5148	10074674	20260628101500	http://www.jpost.com/israel-news/defense-news/article-900701
1311126431	20260628	202606	2026	2026.4877	IRN	IRAN	IRN								ISR	ISRAEL	ISR								0	0356	035	03	1	7.0	1	1	1	-3.45596432552954	4	Tehran, Tehran, Iran	IR	IR26	41130	35.75	51.5148	10074674	4	Jerusalem, Israel (general), Israel	IS	IS00	18315	31.7667	35.2333	-797092	4	Jerusalem, Israel (general), Israel	IS	IS00	18315	31.7667	35.2333	-797092	20260628101500	http://www.jpost.com/israel-news/defense-news/article-900701
1311126432	20260628	202606	2026	2026.4877	IRN	IRAN	IRN								ISR	ISRAEL	ISR								1	043	043	04	1	2.8	10	1	10	-5.92885375494071	1	Iran	IR	IR		32	53	IR	1	Israel	IS	IS		31.5	34.75	IS	1	Israel	IS	IS		31.5	34.75	IS	20260628101500	https://www.chesterstandard.co.uk/news/26234504.bristol-airport-named-among-uks-worst-flight-delays/
1311126433	20260628	202606	2026	2026.4877	IRN	IRANIAN	IRN								ISR	JERUSALEM	ISR								1	190	190	19	4	-10.0	16	1	16	-4.34782608695652	1	Iran	IR	IR		32	53	IR	1	Iran	IR	IR		32	53	IR	1	Iran	IR	IR		32	53	IR	20260628101500	http://www.jpost.com/middle-east/iran-news/article-900685
1311126434	20260628	202606	2026	2026.4877	IRN	IRANIAN	IRN								ISRMED	JERUSALEM POST	ISR					MED			1	010	010	01	1	0.0	4	1	4	-4.34782608695652	1	Iran	IR	IR		32	53	IR	4	Jerusalem, Israel (general), Israel	IS	IS00	18315	31.7667	35.2333	-797092	4	Jerusalem, Israel (general), Israel	IS	IS00	18315	31.7667	35.2333	-797092	20260628101500	http://www.jpost.com/middle-east/iran-news/article-900685
1311126435	20260628	202606	2026	2026.4877	IRN	IRANIAN	IRN								ISRMED	JERUSALEM POST	ISR					MED			1	190	190	19	4	-10.0	4	1	4	-4.34782608695652	1	Iran	IR	IR		32	53	IR	1	Iran	IR	IR		32	53	IR	1	Iran	IR	IR		32	53	IR	20260628101500	http://www.jpost.com/middle-east/iran-news/article-900685
1311126436	20260628	202606	2026	2026.4877	IRN	TEHRAN	IRN								LBN	BEIRUT	LBN								0	110	110	11	3	-2.0	4	1	4	0.289855072463761	4	Tehran, Tehran, Iran	IR	IR26	41130	35.75	51.5148	10074674	4	Beirut, Beyrouth, Lebanon	LE	LE04	18808	33.8719	35.5097	-801546	4	Tehran, Tehran, Iran	IR	IR26	41130	35.75	51.5148	10074674	20260628101500	http://www.jpost.com/opinion/article-900704
1311126437	20260628	202606	2026	2026.4877	IRN	TEHRAN	IRN								LBN	BEIRUT	LBN								0	110	110	11	3	-2.0	1	1	1	0.289855072463761	4	Tehran, Tehran, Iran	IR	IR26	41130	35.75	51.5148	10074674	4	Tehran, Tehran, Iran	IR	IR26	41130	35.75	51.5148	10074674	4	Tehran, Tehran, Iran	IR	IR26	41130	35.75	51.5148	10074674	20260628101500	http://www.jpost.com/opinion/article-900704
1311126438	20260628	202606	2026	2026.4877	IRN	IRAN	IRN								LBNMIL	LEBANON	LBN					MIL			1	046	046	04	1	7.0	1	1	1	-3.45596432552954	4	Jerusalem, Israel (general), Israel	IS	IS00	18315	31.7667	35.2333	-797092	4	Jerusalem, Israel (general), Israel	IS	IS00	18315	31.7667	35.2333	-797092	4	Jerusalem, Israel (general), Israel	IS	IS00	18315	31.7667	35.2333	-797092	20260628101500	http://www.jpost.com/israel-news/defense-news/article-900701
1311126439	20260628	202606	2026	2026.4877	IRN	IRAN	IRN								MIL	COMMANDER						MIL			1	046	046	04	1	7.0	1	1	1	-3.45596432552954	4	Jerusalem, Israel (general), Israel	IS	IS00	18315	31.7667	35.2333	-797092	1	Lebanon	LE	LE		33.833333	35.833333	LE	4	Jerusalem, Israel (general), Israel	IS	IS00	18315	31.7667	35.2333	-797092	20260628101500	http://www.jpost.com/israel-news/defense-news/article-900701
1311126440	20260628	202606	2026	2026.4877	IRN	IRAN	IRN								MIL	COMMANDER						MIL			1	046	046	04	1	7.0	2	1	2	-3.45596432552954	1	Lebanon	LE	LE		33.833333	35.833333	LE	1	Lebanon	LE	LE		33.833333	35.833333	LE	4	Jerusalem, Israel (general), Israel	IS	IS00	18315	31.7667	35.2333	-797092	20260628101500	http://www.jpost.com/israel-news/defense-news/article-900701
1311126441	20260628	202606	2026	2026.4877	IRN	IRAN	IRN								MIL	COMMANDER						MIL			1	046	046	04	1	7.0	1	1	1	-3.45596432552954	1	Lebanon	LE	LE		33.833333	35.833333	LE	1	Lebanon	LE	LE		33.833333	35.833333	LE	1	Lebanon	LE	LE		33.833333	35.833333	LE	20260628101500	http://www.jpost.com/israel-news/defense-news/article-900701
1311126442	20260628	202606	2026	2026.4877	IRN	IRAN	IRN								QATMED	AL JAZEERA	QAT					MED			0	010	010	01	1	0.0	4	1	4	-6.38930163447251	4	Tehran, Tehran, Iran	IR	IR26	41130	35.75	51.5148	10074674	4	Tehran, Tehran, Iran	IR	IR26	41130	35.75	51.5148	10074674	4	Tehran, Tehran, Iran	IR	IR26	41130	35.75	51.5148	10074674	20260628101500	https://dominicanrepublicpost.com/iran-attacks-kuwait-and-bahrain-in-response-to-us-strikes/
1311126443	20260628	202606	2026	2026.4877	IRN	IRAN	IRN								USAGOV	OBAMA	USA					GOV			0	110	110	11	3	-2.0	1	1	1	-2.49597423510467	1	Iran	IR	IR		32	53	IR	3	Washington, District of Columbia, United States	US	USDC	DC001	38.8951	-77.0364	531871	3	Washington, District of Columbia, United States	US	USDC	DC001	38.8951	-77.0364	531871	20260628101500	https://www.spokesman.com/stories/2026/jun/28/inland-nw-republicans-lukewarm-on-us-iran-deal-but/
1311126444	20260628	202606	2026	2026.4877	IRN	IRAN	IRN								USAGOV	OBAMA	USA					GOV			0	110	110	11	3	-2.0	2	1	2	-2.49597423510467	1	Iran	IR	IR		32	53	IR	1	Iran	IR	IR		32	53	IR	3	Washington, District of Columbia, United States	US	USDC	DC001	38.8951	-77.0364	531871	20260628101500	https://www.spokesman.com/stories/2026/jun/28/inland-nw-republicans-lukewarm-on-us-iran-deal-but/
1311126445	20260628	202606	2026	2026.4877	IRNGOV	IRAN	IRN					GOV			IRN	TEHRAN	IRN								0	1124	112	11	3	-2.0	2	1	2	-6.38930163447251	4	Tehran, Tehran, Iran	IR	IR26	41130	35.75	51.5148	10074674	4	Tehran, Tehran, Iran	IR	IR26	41130	35.75	51.5148	10074674	4	Tehran, Tehran, Iran	IR	IR26	41130	35.75	51.5148	10074674	20260628101500	https://dominicanrepublicpost.com/iran-attacks-kuwait-and-bahrain-in-response-to-us-strikes/
1311126446	20260628	202606	2026	2026.4877	IRNGOV	IRAN	IRN					GOV			USA	THE US	USA								0	111	111	11	3	-2.0	10	1	10	-6.38930163447251	4	Tehran, Tehran, Iran	IR	IR26	41130	35.75	51.5148	10074674	4	Tehran, Tehran, Iran	IR	IR26	41130	35.75	51.5148	10074674	4	Tehran, Tehran, Iran	IR	IR26	41130	35.75	51.5148	10074674	20260628101500	https://dominicanrepublicpost.com/iran-attacks-kuwait-and-bahrain-in-response-to-us-strikes/
1311126447	20260628	202606	2026	2026.4877	IRQMED	IRAQ	IRQ					MED			IRQ	IRAQ	IRQ								1	112	112	11	3	-2.0	1	1	1	-6.61157024793389	4	Baghdad, Baghdad, Iraq	IZ	IZ07	36785	33.3386	44.3939	-3103581	4	Baghdad, Baghdad, Iraq	IZ	IZ07	36785	33.3386	44.3939	-3103581	4	Baghdad, Baghdad, Iraq	IZ	IZ07	36785	33.3386	44.3939	-3103581	20260628101500	https://abcnews.com/International/wireStory/iraqi-officials-including-lawmakers-arrested-corruption-charges-overnight-134285889
1311126448	20260628	202606	2026	2026.4877	IRQMED	IRAQ	IRQ					MED			IRQ	IRAQ	IRQ								1	112	112	11	3	-2.0	1	1	1	-6.61157024793389	4	Baghdad, Baghdad, Iraq	IZ	IZ07	36785	33.3386	44.3939	-3103581	1	United States	US	US		39.828175	-98.5795	US	1	United States	US	US		39.828175	-98.5795	US	20260628101500	https://abcnews.com/International/wireStory/iraqi-officials-including-lawmakers-arrested-corruption-charges-overnight-134285889
1311126449	20260628	202606	2026	2026.4877	ISR	ISRAEL	ISR																		1	042	042	04	1	1.9	10	1	10	0.867678958785253	4	Rosh Haayin, HaMerkaz, Israel	IS	IS02	18311	32.0942	34.9458	-781245	0								4	Rosh Haayin, HaMerkaz, Israel	IS	IS02	18311	32.0942	34.9458	-781245	20260628101500	http://www.jpost.com/israel-news/article-900684
1311126450	20260628	202606	2026	2026.4877	ISR	ISRAEL	ISR																		1	043	043	04	1	2.8	4	1	4	0.867678958785253	4	Rosh Haayin, HaMerkaz, Israel	IS	IS02	18311	32.0942	34.9458	-781245	0								4	Rosh Haayin, HaMerkaz, Israel	IS	IS02	18311	32.0942	34.9458	-781245	20260628101500	http://www.jpost.com/israel-news/article-900684
1311126451	20260628	202606	2026	2026.4877	ISR	TEL AVIV	ISR																		1	043	043	04	1	2.8	12	1	10	0.867678958785253	4	Tel Aviv, Tel Aviv, Israel	IS	IS05	18316	32.0667	34.7667	-781545	0								4	Rosh Haayin, HaMerkaz, Israel	IS	IS02	18311	32.0942	34.9458	-781245	20260628101500	http://www.jpost.com/israel-news/article-900684
1311126452	20260628	202606	2026	2026.4877	ISR	ISRAEL	ISR																		0	051	051	05	1	3.4	1	1	1	-6.27802690582959	4	Beirut, Beyrouth, Lebanon	LE	LE04	18808	33.8719	35.5097	-801546	0								3	Washington, District of Columbia, United States	US	USDC	DC001	38.8951	-77.0364	531871	20260628101500	https://news.webindia123.com/news/Articles/World/20260628/4468350.html
1311126453	20260628	202606	2026	2026.4877	ISR	ISRAEL	ISR																		0	051	051	05	1	3.4	1	1	1	-6.27802690582959	1	Israel	IS	IS		31.5	34.75	IS	0								4	Beirut, Beyrouth, Lebanon	LE	LE04	18808	33.8719	35.5097	-801546	20260628101500	https://news.webindia123.com/news/Articles/World/20260628/4468350.html
1311126454	20260628	202606	2026	2026.4877	ISR	ISRAELI	ISR																		1	061	061	06	2	6.4	2	1	2	1.30378096479792	4	Tel Aviv, Tel Aviv, Israel	IS	IS05	18316	32.0667	34.7667	-781545	0								4	Tel Aviv, Tel Aviv, Israel	IS	IS05	18316	32.0667	34.7667	-781545	20260628101500	http://www.jpost.com/business-and-innovation/article-900700
1311126455	20260628	202606	2026	2026.4877	ISR	ISRAEL	ISR																		0	110	110	11	3	-2.0	4	1	4	-3.64526659412405	1	Israel	IS	IS		31.5	34.75	IS	0								1	South Africa	SF	SF		-30	26	SF	20260628101500	https://www.universityworldnews.com/post.php?story=20260624113411692
1311126456	20260628	202606	2026	2026.4877	ISR	ISRAEL	ISR																		1	130	130	13	3	-4.4	10	1	10	0.867678958785253	4	Eilat, HaDarom, Israel	IS	IS01	18315	29.558	34.9482	-779626	0								4	Eilat, HaDarom, Israel	IS	IS01	18315	29.558	34.9482	-779626	20260628101500	http://www.jpost.com/israel-news/article-900684
1311126457	20260628	202606	2026	2026.4877	ISR	ISRAELI	ISR								BUS	COMPANIES						BUS			1	061	061	06	2	6.4	8	1	8	1.30378096479792	4	Tel Aviv, Tel Aviv, Israel	IS	IS05	18316	32.0667	34.7667	-781545	4	Tel Aviv, Tel Aviv, Israel	IS	IS05	18316	32.0667	34.7667	-781545	4	Tel Aviv, Tel Aviv, Israel	IS	IS05	18316	32.0667	34.7667	-781545	20260628101500	http://www.jpost.com/business-and-innovation/article-900700
1311126458	20260628	202606	2026	2026.4877	ISR	ISRAEL	ISR								CVL	IMMIGRANT						CVL			1	043	043	04	1	2.8	5	1	5	1.44927536231884	4	Tel Aviv, Tel Aviv, Israel	IS	IS05	18316	32.0667	34.7667	-781545	4	Tel Aviv, Tel Aviv, Israel	IS	IS05	18316	32.0667	34.7667	-781545	4	Tel Aviv, Tel Aviv, Israel	IS	IS05	18316	32.0667	34.7667	-781545	20260628101500	http://www.jpost.com/aliyah/article-900706
1311126459	20260628	202606	2026	2026.4877	ISR	ISRAEL	ISR								EDU	STUDENT						EDU			0	1721	172	17	4	-5.0	4	1	4	-3.64526659412405	1	Israel	IS	IS		31.5	34.75	IS	1	South Africa	SF	SF		-30	26	SF	1	Israel	IS	IS		31.5	34.75	IS	20260628101500	https://www.universityworldnews.com/post.php?story=20260624113411692
1311126460	20260628	202606	2026	2026.4877	ISR	ISRAEL	ISR								GOV	FINANCE MINIST						GOV			0	010	010	01	1	0.0	7	1	7	-5.09849362688297	4	Jerusalem, Israel (general), Israel	IS	IS00	18315	31.7667	35.2333	-797092	4	Jerusalem, Israel (general), Israel	IS	IS00	18315	31.7667	35.2333	-797092	4	Jerusalem, Israel (general), Israel	IS	IS00	18315	31.7667	35.2333	-797092	20260628101500	http://www.jpost.com/business-and-innovation/banking-and-finance/article-900687
1311126461	20260628	202606	2026	2026.4877	ISR	ISRAEL	ISR								GOV	MINISTRY						GOV			1	043	043	04	1	2.8	10	1	10	1.44927536231884	4	Tel Aviv, Tel Aviv, Israel	IS	IS05	18316	32.0667	34.7667	-781545	4	Tel Aviv, Tel Aviv, Israel	IS	IS05	18316	32.0667	34.7667	-781545	4	Tel Aviv, Tel Aviv, Israel	IS	IS05	18316	32.0667	34.7667	-781545	20260628101500	http://www.jpost.com/aliyah/article-900706
1311126462	20260628	202606	2026	2026.4877	ISR	ISRAEL	ISR								GOV	CHIEF OF STAFF						GOV			0	043	043	04	1	2.8	6	1	6	-3.45596432552954	4	Jerusalem, Israel (general), Israel	IS	IS00	18315	31.7667	35.2333	-797092	4	Jerusalem, Israel (general), Israel	IS	IS00	18315	31.7667	35.2333	-797092	4	Jerusalem, Israel (general), Israel	IS	IS00	18315	31.7667	35.2333	-797092	20260628101500	http://www.jpost.com/israel-news/defense-news/article-900701
1311126463	20260628	202606	2026	2026.4877	ISR	ISRAEL	ISR								GOV	CHIEF OF STAFF						GOV			0	043	043	04	1	2.8	6	1	6	-3.45596432552954	4	Jerusalem, Israel (general), Israel	IS	IS00	18315	31.7667	35.2333	-797092	4	Tehran, Tehran, Iran	IR	IR26	41130	35.75	51.5148	10074674	4	Jerusalem, Israel (general), Israel	IS	IS00	18315	31.7667	35.2333	-797092	20260628101500	http://www.jpost.com/israel-news/defense-news/article-900701
1311126464	20260628	202606	2026	2026.4877	ISR	ISRAEL	ISR								GOV	CHIEF OF STAFF						GOV			0	043	043	04	1	2.8	6	1	4	-3.45596432552954	4	Jerusalem, Israel (general), Israel	IS	IS00	18315	31.7667	35.2333	-797092	4	Tehran, Tehran, Iran	IR	IR26	41130	35.75	51.5148	10074674	4	Tehran, Tehran, Iran	IR	IR26	41130	35.75	51.5148	10074674	20260628101500	http://www.jpost.com/israel-news/defense-news/article-900701
1311126465	20260628	202606	2026	2026.4877	ISR	ISRAEL	ISR								GOV	CHIEF OF STAFF						GOV			0	043	043	04	1	2.8	2	1	2	-3.45596432552954	4	Tehran, Tehran, Iran	IR	IR26	41130	35.75	51.5148	10074674	4	Tehran, Tehran, Iran	IR	IR26	41130	35.75	51.5148	10074674	4	Tehran, Tehran, Iran	IR	IR26	41130	35.75	51.5148	10074674	20260628101500	http://www.jpost.com/israel-news/defense-news/article-900701
1311126466	20260628	202606	2026	2026.4877	ISR	ISRAEL	ISR								HLH	DOCTOR						HLH			1	075	075	07	2	7.0	10	1	10	1.44927536231884	4	Tel Aviv, Tel Aviv, Israel	IS	IS05	18316	32.0667	34.7667	-781545	4	Tel Aviv, Tel Aviv, Israel	IS	IS05	18316	32.0667	34.7667	-781545	4	Tel Aviv, Tel Aviv, Israel	IS	IS05	18316	32.0667	34.7667	-781545	20260628101500	http://www.jpost.com/aliyah/article-900706
1311126467	20260628	202606	2026	2026.4877	ISR	ISRAEL	ISR								IRN	IRAN	IRN								1	042	042	04	1	1.9	10	1	10	-5.92885375494071	1	Israel	IS	IS		31.5	34.75	IS	1	Iran	IR	IR		32	53	IR	1	Israel	IS	IS		31.5	34.75	IS	20260628101500	https://www.chesterstandard.co.uk/news/26234504.bristol-airport-named-among-uks-worst-flight-delays/
1311126468	20260628	202606	2026	2026.4877	ISR	ISRAEL	ISR								USA	THE US	USA								1	042	042	04	1	1.9	10	1	10	-5.92885375494071	4	Bristol, Bristol, City of, United Kingdom	UK	UKB7	40094	51.45	-2.58333	-2590919	4	Bristol, Bristol, City of, United Kingdom	UK	UKB7	40094	51.45	-2.58333	-2590919	4	Bristol, Bristol, City of, United Kingdom	UK	UKB7	40094	51.45	-2.58333	-2590919	20260628101500	https://www.chesterstandard.co.uk/news/26234504.bristol-airport-named-among-uks-worst-flight-delays/
1311126469	20260628	202606	2026	2026.4877	ISR	ISRAELI	ISR								USA	THE US	USA								1	190	190	19	4	-10.0	7	1	7	-3.45596432552954	4	Jerusalem, Israel (general), Israel	IS	IS00	18315	31.7667	35.2333	-797092	4	Jerusalem, Israel (general), Israel	IS	IS00	18315	31.7667	35.2333	-797092	4	Tehran, Tehran, Iran	IR	IR26	41130	35.75	51.5148	10074674	20260628101500	http://www.jpost.com/israel-news/defense-news/article-900701
1311126470	20260628	202606	2026	2026.4877	ISR	ISRAELI	ISR								USA	THE US	USA								1	190	190	19	4	-10.0	1	1	1	-3.45596432552954	4	Tehran, Tehran, Iran	IR	IR26	41130	35.75	51.5148	10074674	3	Washington, District of Columbia, United States	US	USDC	DC001	38.8951	-77.0364	531871	4	Tehran, Tehran, Iran	IR	IR26	41130	35.75	51.5148	10074674	20260628101500	http://www.jpost.com/israel-news/defense-news/article-900701
1311126471	20260628	202606	2026	2026.4877	ISRGOV	ISRAEL	ISR					GOV													0	010	010	01	1	0.0	4	1	4	-9.81308411214953	4	Ashkelon, HaDarom, Israel	IS	IS01	18315	31.6693	34.5715	-779275	0								4	Ashkelon, HaDarom, Israel	IS	IS01	18315	31.6693	34.5715	-779275	20260628101500	http://www.jpost.com/israel-news/defense-news/article-900702
1311126472	20260628	202606	2026	2026.4877	ISRGOV	ISRAEL	ISR					GOV													0	042	042	04	1	1.9	4	1	4	-9.81308411214953	4	Ashkelon, HaDarom, Israel	IS	IS01	18315	31.6693	34.5715	-779275	0								4	Ashkelon, HaDarom, Israel	IS	IS01	18315	31.6693	34.5715	-779275	20260628101500	http://www.jpost.com/israel-news/defense-news/article-900702
1311126473	20260628	202606	2026	2026.4877	ISRGOV	ISRAEL	ISR					GOV			LBN	LEBANON	LBN								0	010	010	01	1	0.0	4	1	4	-9.81308411214953	4	Ashkelon, HaDarom, Israel	IS	IS01	18315	31.6693	34.5715	-779275	1	Lebanon	LE	LE		33.833333	35.833333	LE	1	Lebanon	LE	LE		33.833333	35.833333	LE	20260628101500	http://www.jpost.com/israel-news/defense-news/article-900702
1311126474	20260628	202606	2026	2026.4877	ITA	ITALY	ITA																		1	012	012	01	1	-0.4	2	1	2	-2.66990291262136	4	Fiumicino, Emilia-Romagna, Italy	IT	IT05	18342	44.1211	12.4175	-117590	0								4	Fiumicino, Emilia-Romagna, Italy	IT	IT05	18342	44.1211	12.4175	-117590	20260628101500	https://www.birminghammail.co.uk/travel/uk-tourists-italy-face-drastic-34185394
1311126475	20260628	202606	2026	2026.4877	ITA	NAPLES	ITA																		0	036	036	03	1	4.0	1	1	1	-0.79443892750745	4	Lecce, Puglia, Italy	IT	IT13	18384	40.3833	18.1833	-119920	0								4	Lecce, Puglia, Italy	IT	IT13	18384	40.3833	18.1833	-119920	20260628101500	https://www.thelocal.it/20260628/on-the-agenda-whats-happening-in-italy-this-week-179
1311126476	20260628	202606	2026	2026.4877	ITA	MILAN	ITA																		1	042	042	04	1	1.9	7	1	7	4.7244094488189	4	Bardolino, Veneto, Italy	IT	IT20	18419	45.55	10.7167	-111241	0								4	Bardolino, Veneto, Italy	IT	IT20	18419	45.55	10.7167	-111241	20260628101500	https://eturbonews.com/lgbt-travel-capitalizing-on-film-location-as-a-tour/
1311126477	20260628	202606	2026	2026.4877	ITA	ITALY	ITA																		0	138	138	13	3	-7.0	2	1	2	-0.79443892750745	4	Palermo, Sicilia, Italy	IT	IT15	18395	38.1167	13.3667	-123798	0								4	Lampedusa, Italy (general), Italy	IT	IT00	18390	35.5	12.6	-119645	20260628101500	https://www.thelocal.it/20260628/on-the-agenda-whats-happening-in-italy-this-week-179
1311126478	20260628	202606	2026	2026.4877	ITA	ITALY	ITA																		0	138	138	13	3	-7.0	2	1	2	-0.79443892750745	4	Pantelleria, Italy (general), Italy	IT	IT00	18398	36.8333	11.95	-123934	0								4	Pantelleria, Italy (general), Italy	IT	IT00	18398	36.8333	11.95	-123934	20260628101500	https://www.thelocal.it/20260628/on-the-agenda-whats-happening-in-italy-this-week-179
1311126479	20260628	202606	2026	2026.4877	ITA	ITALIAN	ITA								BUS	AIRLINE						BUS			0	138	138	13	3	-7.0	6	1	6	-0.79443892750745	4	Palermo, Sicilia, Italy	IT	IT15	18395	38.1167	13.3667	-123798	4	Palermo, Sicilia, Italy	IT	IT15	18395	38.1167	13.3667	-123798	4	Palermo, Sicilia, Italy	IT	IT15	18395	38.1167	13.3667	-123798	20260628101500	https://www.thelocal.it/20260628/on-the-agenda-whats-happening-in-italy-this-week-179
1311126480	20260628	202606	2026	2026.4877	ITA	ITALIAN	ITA								BUS	AIRLINE						BUS			0	138	138	13	3	-7.0	2	1	2	-0.79443892750745	4	Ravello, Campania, Italy	IT	IT04	18333	40.65	14.6167	-126145	4	Palermo, Sicilia, Italy	IT	IT15	18395	38.1167	13.3667	-123798	4	Ravello, Campania, Italy	IT	IT04	18333	40.65	14.6167	-126145	20260628101500	https://www.thelocal.it/20260628/on-the-agenda-whats-happening-in-italy-this-week-179
1311126481	20260628	202606	2026	2026.4877	ITA	ITALIAN	ITA								BUS	AIRLINE						BUS			0	138	138	13	3	-7.0	2	1	2	-0.79443892750745	4	Ravello, Campania, Italy	IT	IT04	18333	40.65	14.6167	-126145	4	Ravello, Campania, Italy	IT	IT04	18333	40.65	14.6167	-126145	4	Ravello, Campania, Italy	IT	IT04	18333	40.65	14.6167	-126145	20260628101500	https://www.thelocal.it/20260628/on-the-agenda-whats-happening-in-italy-this-week-179
1311126482	20260628	202606	2026	2026.4877	ITA	ITALY	ITA								GOV	GOVERNMENT						GOV			1	014	014	01	1	0.0	4	1	4	-2.66990291262136	4	Ciampino, Lazio, Italy	IT	IT07	18350	41.8	12.6	-115489	4	Ciampino, Lazio, Italy	IT	IT07	18350	41.8	12.6	-115489	4	Ciampino, Lazio, Italy	IT	IT07	18350	41.8	12.6	-115489	20260628101500	https://www.birminghammail.co.uk/travel/uk-tourists-italy-face-drastic-34185394
1311126483	20260628	202606	2026	2026.4877	JPN	JAPANESE	JPN																		0	195	195	19	4	-10.0	2	1	2	2.12628865979381	3	Washington, District of Columbia, United States	US	USDC	DC001	38.8951	-77.0364	531871	0								3	Washington, District of Columbia, United States	US	USDC	DC001	38.8951	-77.0364	531871	20260628101500	https://www.spokesman.com/stories/2026/jun/28/who-is-your-american-hero-locals-share-their-favor/
1311126484	20260628	202606	2026	2026.4877	JPN	JAPANESE	JPN																		0	195	195	19	4	-10.0	8	1	8	2.12628865979381	1	Japan	JA	JA		36	138	JA	0								1	Japan	JA	JA		36	138	JA	20260628101500	https://www.spokesman.com/stories/2026/jun/28/who-is-your-american-hero-locals-share-their-favor/
1311126485	20260628	202606	2026	2026.4877	JUD	HIGH COURT						JUD													0	020	020	02	1	3.0	5	1	5	-3.08924485125858	4	Bengaluru, Karnataka, India	IN	IN19	70159	12.9833	77.5833	-2090174	0								4	Bengaluru, Karnataka, India	IN	IN19	70159	12.9833	77.5833	-2090174	20260628101500	https://moneylife.in/article/a-national-judicial-reforms-commission-a-proposal-india-cannot-afford-to-ignore/80908.html
1311126486	20260628	202606	2026	2026.4877	JUD	SUPREME COURT						JUD													1	020	020	02	1	3.0	10	1	10	-3.08924485125858	4	Bombay, Maharashtra, India	IN	IN16	70184	18.975	72.8258	-2092174	0								4	Bombay, Maharashtra, India	IN	IN16	70184	18.975	72.8258	-2092174	20260628101500	https://moneylife.in/article/a-national-judicial-reforms-commission-a-proposal-india-cannot-afford-to-ignore/80908.html
1311126487	20260628	202606	2026	2026.4877	JUD	HIGH COURT						JUD													0	090	090	09	2	-2.0	5	1	5	-3.08924485125858	4	Bengaluru, Karnataka, India	IN	IN19	70159	12.9833	77.5833	-2090174	0								4	Bengaluru, Karnataka, India	IN	IN19	70159	12.9833	77.5833	-2090174	20260628101500	https://moneylife.in/article/a-national-judicial-reforms-commission-a-proposal-india-cannot-afford-to-ignore/80908.html
1311126488	20260628	202606	2026	2026.4877	JUDJUD	HIGH COURT						JUD	JUD												0	030	030	03	1	4.0	6	1	6	-3.08924485125858	4	Bombay, Maharashtra, India	IN	IN16	70184	18.975	72.8258	-2092174	0								4	Bombay, Maharashtra, India	IN	IN16	70184	18.975	72.8258	-2092174	20260628101500	https://moneylife.in/article/a-national-judicial-reforms-commission-a-proposal-india-cannot-afford-to-ignore/80908.html
1311126489	20260628	202606	2026	2026.4877	JUDJUD	HIGH COURT						JUD	JUD												0	100	100	10	3	-5.0	6	1	6	-3.08924485125858	4	Bombay, Maharashtra, India	IN	IN16	70184	18.975	72.8258	-2092174	0								4	Bombay, Maharashtra, India	IN	IN16	70184	18.975	72.8258	-2092174	20260628101500	https://moneylife.in/article/a-national-judicial-reforms-commission-a-proposal-india-cannot-afford-to-ignore/80908.html
1311126490	20260628	202606	2026	2026.4877	KEN	KENYA	KEN																		1	020	020	02	1	3.0	5	1	5	-1.82741116751269	1	Kenya	KE	KE		1	38	KE	0								1	Kenya	KE	KE		1	38	KE	20260628101500	https://www.universityworldnews.com/post.php?story=20260610103334438
1311126491	20260628	202606	2026	2026.4877	KEN	KENYA	KEN								AFR	AFRICA	AFR								0	010	010	01	1	0.0	10	1	10	-1.82741116751269	1	Kenya	KE	KE		1	38	KE	1	Kenya	KE	KE		1	38	KE	1	Kenya	KE	KE		1	38	KE	20260628101500	https://www.universityworldnews.com/post.php?story=20260610103334438
1311126492	20260628	202606	2026	2026.4877	KEN	KENYA	KEN								BUS	INDUSTRY						BUS			1	020	020	02	1	3.0	2	1	2	-1.82741116751269	1	Kenya	KE	KE		1	38	KE	1	Kenya	KE	KE		1	38	KE	1	Kenya	KE	KE		1	38	KE	20260628101500	https://www.universityworldnews.com/post.php?story=20260610103334438
1311126493	20260628	202606	2026	2026.4877	KEN	KENYA	KEN								EDU	UNIVERSITY						EDU			1	010	010	01	1	0.0	4	1	2	-1.82741116751269	1	Kenya	KE	KE		1	38	KE	1	Kenya	KE	KE		1	38	KE	1	Kenya	KE	KE		1	38	KE	20260628101500	https://www.universityworldnews.com/post.php?story=20260610103334438
1311126494	20260628	202606	2026	2026.4877	KEN	KENYA	KEN								RUS	RUSSIAN	RUS								0	190	190	19	4	-10.0	1	1	1	-1.82741116751269	1	Kenya	KE	KE		1	38	KE	1	Kenya	KE	KE		1	38	KE	1	Kenya	KE	KE		1	38	KE	20260628101500	https://www.universityworldnews.com/post.php?story=20260610103334438
1311126495	20260628	202606	2026	2026.4877	KEN	KENYA	KEN								RUS	RUSSIAN	RUS								0	190	190	19	4	-10.0	4	1	4	-1.82741116751269	1	Kenya	KE	KE		1	38	KE	1	Russia	RS	RS		60	100	RS	1	Kenya	KE	KE		1	38	KE	20260628101500	https://www.universityworldnews.com/post.php?story=20260610103334438
1311126496	20260628	202606	2026	2026.4877	KOR	SOUTH KOREA	KOR																		0	110	110	11	3	-2.0	3	1	3	4.08163265306122	1	Chile	CI	CI		-30	-71	CI	0								1	Chile	CI	CI		-30	-71	CI	20260628101500	https://www.universityworldnews.com/post.php?story=20260623133705472
1311126497	20260628	202606	2026	2026.4877	KOR	SOUTH KOREA	KOR																		0	110	110	11	3	-2.0	7	1	7	4.08163265306122	1	South Korea	KS	KS		37	127.5	KS	0								1	South Korea	KS	KS		37	127.5	KS	20260628101500	https://www.universityworldnews.com/post.php?story=20260623133705472
1311126498	20260628	202606	2026	2026.4877	LBN	LEBANON	LBN																		0	186	186	18	4	-10.0	8	1	8	-0.86741016109046	1	Lebanon	LE	LE		33.833333	35.833333	LE	0								1	Lebanon	LE	LE		33.833333	35.833333	LE	20260628101500	http://www.jpost.com/opinion/article-900674
1311126499	20260628	202606	2026	2026.4877	LBN	LEBANON	LBN								GOV	GOVERNMENT						GOV			0	020	020	02	1	3.0	4	1	4	-0.86741016109046	1	Lebanon	LE	LE		33.833333	35.833333	LE	1	Lebanon	LE	LE		33.833333	35.833333	LE	1	Lebanon	LE	LE		33.833333	35.833333	LE	20260628101500	http://www.jpost.com/opinion/article-900674
1311126500	20260628	202606	2026	2026.4877	LBN	LEBANON	LBN								IRN	IRAN	IRN								0	036	036	03	1	4.0	4	1	4	-3.45596432552954	1	Lebanon	LE	LE		33.833333	35.833333	LE	4	Tehran, Tehran, Iran	IR	IR26	41130	35.75	51.5148	10074674	4	Tehran, Tehran, Iran	IR	IR26	41130	35.75	51.5148	10074674	20260628101500	http://www.jpost.com/israel-news/defense-news/article-900701
1311126501	20260628	202606	2026	2026.4877	LBN	LEBANON	LBN								ISR	ISRAEL	ISR								1	190	190	19	4	-10.0	1	1	1	-9.81308411214953	4	Ashkelon, HaDarom, Israel	IS	IS01	18315	31.6693	34.5715	-779275	4	Ashkelon, HaDarom, Israel	IS	IS01	18315	31.6693	34.5715	-779275	4	Ashkelon, HaDarom, Israel	IS	IS01	18315	31.6693	34.5715	-779275	20260628101500	http://www.jpost.com/israel-news/defense-news/article-900702
1311126502	20260628	202606	2026	2026.4877	LBN	LEBANON	LBN								ISR	ISRAEL	ISR								1	190	190	19	4	-10.0	2	1	2	-9.81308411214953	1	Lebanon	LE	LE		33.833333	35.833333	LE	4	Ashkelon, HaDarom, Israel	IS	IS01	18315	31.6693	34.5715	-779275	4	Ashkelon, HaDarom, Israel	IS	IS01	18315	31.6693	34.5715	-779275	20260628101500	http://www.jpost.com/israel-news/defense-news/article-900702
1311126503	20260628	202606	2026	2026.4877	LBN	LEBANON	LBN								ISR	ISRAEL	ISR								1	190	190	19	4	-10.0	1	1	1	-9.81308411214953	1	Lebanon	LE	LE		33.833333	35.833333	LE	4	Ashkelon, HaDarom, Israel	IS	IS01	18315	31.6693	34.5715	-779275	1	Lebanon	LE	LE		33.833333	35.833333	LE	20260628101500	http://www.jpost.com/israel-news/defense-news/article-900702
1311126504	20260628	202606	2026	2026.4877	LBN	LEBANON	LBN								LBNMIL	LEBANESE	LBN					MIL			0	0312	031	03	1	5.2	6	1	6	-0.86741016109046	1	Lebanon	LE	LE		33.833333	35.833333	LE	1	Lebanon	LE	LE		33.833333	35.833333	LE	1	Lebanon	LE	LE		33.833333	35.833333	LE	20260628101500	http://www.jpost.com/opinion/article-900674
1311126505	20260628	202606	2026	2026.4877	LBN	LEBANON	LBN								LBNMIL	LEBANESE	LBN					MIL			0	057	057	05	1	8.0	8	1	8	-0.86741016109046	1	Lebanon	LE	LE		33.833333	35.833333	LE	1	Lebanon	LE	LE		33.833333	35.833333	LE	1	Lebanon	LE	LE		33.833333	35.833333	LE	20260628101500	http://www.jpost.com/opinion/article-900674
1311126506	20260628	202606	2026	2026.4877	LBN	LEBANON	LBN								MIL	CAPTAIN						MIL			1	190	190	19	4	-10.0	1	1	1	-9.81308411214953	1	Lebanon	LE	LE		33.833333	35.833333	LE	4	Ashkelon, HaDarom, Israel	IS	IS01	18315	31.6693	34.5715	-779275	4	Ashkelon, HaDarom, Israel	IS	IS01	18315	31.6693	34.5715	-779275	20260628101500	http://www.jpost.com/israel-news/defense-news/article-900702
1311126507	20260628	202606	2026	2026.4877	LBN	LEBANESE	LBN								USA	AMERICAN	USA								0	043	043	04	1	2.8	10	1	10	0.289855072463761	4	Beirut, Beyrouth, Lebanon	LE	LE04	18808	33.8719	35.5097	-801546	3	Washington, District of Columbia, United States	US	USDC	DC001	38.8951	-77.0364	531871	3	Washington, District of Columbia, United States	US	USDC	DC001	38.8951	-77.0364	531871	20260628101500	http://www.jpost.com/opinion/article-900704
1311126508	20260628	202606	2026	2026.4877	LBNGOV	LEBANON	LBN					GOV			LBN	LEBANESE	LBN								1	110	110	11	3	-2.0	2	1	2	-0.86741016109046	1	Lebanon	LE	LE		33.833333	35.833333	LE	1	Lebanon	LE	LE		33.833333	35.833333	LE	1	Iran	IR	IR		32	53	IR	20260628101500	http://www.jpost.com/opinion/article-900674
1311126509	20260628	202606	2026	2026.4877	LBNMIL	LEBANON	LBN					MIL			IRN	IRAN	IRN								1	046	046	04	1	7.0	1	1	1	-3.45596432552954	1	Lebanon	LE	LE		33.833333	35.833333	LE	4	Tehran, Tehran, Iran	IR	IR26	41130	35.75	51.5148	10074674	4	Tehran, Tehran, Iran	IR	IR26	41130	35.75	51.5148	10074674	20260628101500	http://www.jpost.com/israel-news/defense-news/article-900701
1311126510	20260628	202606	2026	2026.4877	LBNMIL	LEBANON	LBN					MIL			LBN	LEBANON	LBN								0	0312	031	03	1	5.2	2	1	2	-0.86741016109046	1	Lebanon	LE	LE		33.833333	35.833333	LE	1	Lebanon	LE	LE		33.833333	35.833333	LE	1	Lebanon	LE	LE		33.833333	35.833333	LE	20260628101500	http://www.jpost.com/opinion/article-900674
1311126511	20260628	202606	2026	2026.4877	LBNMIL	LEBANESE	LBN					MIL			LBN	LEBANON	LBN								0	057	057	05	1	8.0	8	1	8	-0.86741016109046	1	Lebanon	LE	LE		33.833333	35.833333	LE	1	Lebanon	LE	LE		33.833333	35.833333	LE	1	Lebanon	LE	LE		33.833333	35.833333	LE	20260628101500	http://www.jpost.com/opinion/article-900674
1311126512	20260628	202606	2026	2026.4877	LBNMIL	LEBANON	LBN					MIL			LBN	LEBANON	LBN								1	190	190	19	4	-10.0	2	1	2	-9.81308411214953	4	Ashkelon, HaDarom, Israel	IS	IS01	18315	31.6693	34.5715	-779275	4	Ashkelon, HaDarom, Israel	IS	IS01	18315	31.6693	34.5715	-779275	4	Ashkelon, HaDarom, Israel	IS	IS01	18315	31.6693	34.5715	-779275	20260628101500	http://www.jpost.com/israel-news/defense-news/article-900702
1311126513	20260628	202606	2026	2026.4877	LEG	LAWMAKER						LEG													0	138	138	13	3	-7.0	10	1	10	0.289855072463761	4	Beirut, Beyrouth, Lebanon	LE	LE04	18808	33.8719	35.5097	-801546	0								4	Beirut, Beyrouth, Lebanon	LE	LE04	18808	33.8719	35.5097	-801546	20260628101500	http://www.jpost.com/opinion/article-900704
1311126514	20260628	202606	2026	2026.4877	LEG	CONGRESS						LEG			GBR	GREAT BRITAIN	GBR								0	1044	104	10	3	-5.0	8	1	8	1.00439422473321	4	North Church, Hertfordshire, United Kingdom	UK	UKF8	40114	51.7667	-0.583333	-2604245	4	North Church, Hertfordshire, United Kingdom	UK	UKF8	40114	51.7667	-0.583333	-2604245	4	North Church, Hertfordshire, United Kingdom	UK	UKF8	40114	51.7667	-0.583333	-2604245	20260628101500	https://www.spokesman.com/stories/2026/jun/28/get-ready-for-the-fourth-with-a-special-edition-of/
1311126515	20260628	202606	2026	2026.4877	LEG	CONGRESS						LEG			GBR	GREAT BRITAIN	GBR								0	1044	104	10	3	-5.0	2	1	2	1.00439422473321	2	Washington, United States	US	USWA		47.3917	-121.571	WA	2	Washington, United States	US	USWA		47.3917	-121.571	WA	2	Washington, United States	US	USWA		47.3917	-121.571	WA	20260628101500	https://www.spokesman.com/stories/2026/jun/28/get-ready-for-the-fourth-with-a-special-edition-of/
1311126516	20260628	202606	2026	2026.4877	LEG	CONGRESS						LEG			USA	PHILADELPHIA	USA								0	042	042	04	1	1.9	4	1	4	-0.80924855491329	3	Philadelphia, Pennsylvania, United States	US	USPA	PA101	39.9523	-75.1638	1209052	3	Philadelphia, Pennsylvania, United States	US	USPA	PA101	39.9523	-75.1638	1209052	3	Philadelphia, Pennsylvania, United States	US	USPA	PA101	39.9523	-75.1638	1209052	20260628101500	https://www.spokesman.com/stories/2026/jun/28/answers-to-the-big-fourth-of-july-trivia-quiz/
1311126517	20260628	202606	2026	2026.4877	LEG	CONGRESS						LEG			USA	PHILADELPHIA	USA								0	042	042	04	1	1.9	1	1	1	-0.80924855491329	3	Washington, District of Columbia, United States	US	USDC	DC001	38.8951	-77.0364	531871	3	Philadelphia, Pennsylvania, United States	US	USPA	PA101	39.9523	-75.1638	1209052	3	Philadelphia, Pennsylvania, United States	US	USPA	PA101	39.9523	-75.1638	1209052	20260628101500	https://www.spokesman.com/stories/2026/jun/28/answers-to-the-big-fourth-of-july-trivia-quiz/
1311126518	20260628	202606	2026	2026.4877	MED	MEDIA						MED													1	010	010	01	1	0.0	10	1	10	-0.62315513283044	1	Nepal	NP	NP		28	84	NP	0								1	Nepal	NP	NP		28	84	NP	20260628101500	https://www.universityworldnews.com/post.php?story=20260625115046442
1311126519	20260628	202606	2026	2026.4877	MED	WEBSITE						MED													0	110	110	11	3	-2.0	10	1	10	-3.08924485125858	4	Bengaluru, Karnataka, India	IN	IN19	70159	12.9833	77.5833	-2090174	0								4	Bengaluru, Karnataka, India	IN	IN19	70159	12.9833	77.5833	-2090174	20260628101500	https://moneylife.in/article/a-national-judicial-reforms-commission-a-proposal-india-cannot-afford-to-ignore/80908.html
1311126520	20260628	202606	2026	2026.4877	MED	TELEVISION						MED			ELI	ACTOR						ELI			1	020	020	02	1	3.0	5	1	5	1.36239782016349	0								0								0								20260628101500	https://news.webindia123.com/news/Articles/Entertainment/20260628/4468384.html
1311126521	20260628	202606	2026	2026.4877	MED	MEDIA						MED			ELI	ACTOR						ELI			1	193	193	19	4	-10.0	4	1	4	-3.03030303030303	4	Bachhon, Madhya Pradesh, India	IN	IN35	17736	24.9833	80.05	-2089469	4	Mumbai, Maharashtra, India	IN	IN16	70184	18.975	72.8258	-2092174	4	Bachhon, Madhya Pradesh, India	IN	IN35	17736	24.9833	80.05	-2089469	20260628101500	https://news.webindia123.com/news/Articles/Entertainment/20260628/4468369.html
1311126522	20260628	202606	2026	2026.4877	MED	MEDIA						MED			IND	MADHYA PRADESH	IND								1	193	193	19	4	-10.0	1	1	1	-3.03030303030303	4	Mumbai, Maharashtra, India	IN	IN16	70184	18.975	72.8258	-2092174	4	Mumbai, Maharashtra, India	IN	IN16	70184	18.975	72.8258	-2092174	4	Mumbai, Maharashtra, India	IN	IN16	70184	18.975	72.8258	-2092174	20260628101500	https://news.webindia123.com/news/Articles/Entertainment/20260628/4468369.html
1311126523	20260628	202606	2026	2026.4877	MEX	MEXICO	MEX																		1	040	040	04	1	1.0	3	1	3	0	1	Mexico	MX	MX		23	-102	MX	0								1	Mexico	MX	MX		23	-102	MX	20260628101500	http://www.mexicoledger.com/stories/mexico-to-host-first-annual-jeep-thing,120066
1311126524	20260628	202606	2026	2026.4877	MEX	MEXICO	MEX																		1	043	043	04	1	2.8	10	1	10	0	2	Missouri, United States	US	USMO		38.4623	-92.302	MO	0								2	Missouri, United States	US	USMO		38.4623	-92.302	MO	20260628101500	http://www.mexicoledger.com/stories/mexico-to-host-first-annual-jeep-thing,120066
1311126525	20260628	202606	2026	2026.4877	MEX	MEXICO	MEX								CVL	VILLAGE						CVL			1	040	040	04	1	1.0	2	1	2	0	1	Mexico	MX	MX		23	-102	MX	1	Mexico	MX	MX		23	-102	MX	1	Mexico	MX	MX		23	-102	MX	20260628101500	http://www.mexicoledger.com/stories/mexico-to-host-first-annual-jeep-thing,120066
1311126526	20260628	202606	2026	2026.4877	MEX	MEXICO	MEX								USA	MISSOURI	USA								0	036	036	03	1	4.0	1	1	1	0	2	Missouri, United States	US	USMO		38.4623	-92.302	MO	2	Missouri, United States	US	USMO		38.4623	-92.302	MO	2	Missouri, United States	US	USMO		38.4623	-92.302	MO	20260628101500	http://www.mexicoledger.com/stories/mexico-to-host-first-annual-jeep-thing,120066
1311126527	20260628	202606	2026	2026.4877	MEX	MEXICO	MEX								USA	MISSOURI	USA								0	036	036	03	1	4.0	7	1	7	0	1	Mexico	MX	MX		23	-102	MX	2	Missouri, United States	US	USMO		38.4623	-92.302	MO	2	Missouri, United States	US	USMO		38.4623	-92.302	MO	20260628101500	http://www.mexicoledger.com/stories/mexico-to-host-first-annual-jeep-thing,120066
1311126528	20260628	202606	2026	2026.4877	MIL	MILITARY						MIL			CAN	CANADA	CAN								0	046	046	04	1	7.0	6	1	6	-0.99220411055989	1	Canada	CA	CA		60	-96	CA	1	Canada	CA	CA		60	-96	CA	1	Canada	CA	CA		60	-96	CA	20260628101500	https://www.courant.com/2026/06/28/a-single-act-of-mercy-to-the-enemy-made-a-british-soldier-a-hero-in-a-ct-town-his-legacy-lives/
1311126529	20260628	202606	2026	2026.4877	MIL	NAVAL						MIL			FRAMIL	FRANCE	FRA					MIL			1	040	040	04	1	1.0	1	1	1	3.73134328358209	1	France	FR	FR		46	2	FR	1	France	FR	FR		46	2	FR	1	France	FR	FR		46	2	FR	20260628101500	https://www.qatar-tribune.com/article/241727/latest-news/amiri-naval-forces-commander-meets-french-navy-chief-of-staff
1311126530	20260628	202606	2026	2026.4877	MIL	COMMANDER						MIL			IRN	IRAN	IRN								1	046	046	04	1	7.0	4	1	4	-3.45596432552954	1	Lebanon	LE	LE		33.833333	35.833333	LE	4	Tehran, Tehran, Iran	IR	IR26	41130	35.75	51.5148	10074674	4	Tehran, Tehran, Iran	IR	IR26	41130	35.75	51.5148	10074674	20260628101500	http://www.jpost.com/israel-news/defense-news/article-900701
1311126531	20260628	202606	2026	2026.4877	MIL	CAPTAIN						MIL			LBN	LEBANON	LBN								1	190	190	19	4	-10.0	8	1	8	-9.81308411214953	4	Ashkelon, HaDarom, Israel	IS	IS01	18315	31.6693	34.5715	-779275	4	Ashkelon, HaDarom, Israel	IS	IS01	18315	31.6693	34.5715	-779275	4	Ashkelon, HaDarom, Israel	IS	IS01	18315	31.6693	34.5715	-779275	20260628101500	http://www.jpost.com/israel-news/defense-news/article-900702
1311126532	20260628	202606	2026	2026.4877	MIL	MILITARY						MIL			USA	UNITED STATES	USA								0	046	046	04	1	7.0	2	1	2	-0.99220411055989	3	West Haven, Connecticut, United States	US	USCT	CT009	41.2707	-72.947	211953	3	West Haven, Connecticut, United States	US	USCT		41.2707	-72.947	211953	3	West Haven, Connecticut, United States	US	USCT		41.2707	-72.947	211953	20260628101500	https://www.courant.com/2026/06/28/a-single-act-of-mercy-to-the-enemy-made-a-british-soldier-a-hero-in-a-ct-town-his-legacy-lives/
1311126533	20260628	202606	2026	2026.4877	MIL	MILITARY						MIL			USA	UNITED STATES	USA								0	046	046	04	1	7.0	2	1	2	-0.99220411055989	1	Canada	CA	CA		60	-96	CA	3	West Haven, Connecticut, United States	US	USCT		41.2707	-72.947	211953	3	West Haven, Connecticut, United States	US	USCT		41.2707	-72.947	211953	20260628101500	https://www.courant.com/2026/06/28/a-single-act-of-mercy-to-the-enemy-made-a-british-soldier-a-hero-in-a-ct-town-his-legacy-lives/
1311126534	20260628	202606	2026	2026.4877	MNCIND	RELIANCE INDUSTRIES	IND					MNC													1	033	033	03	1	5.2	5	1	5	0.95846645367412	4	Mumbai, Maharashtra, India	IN	IN16	70184	18.975	72.8258	-2092174	0								4	Mumbai, Maharashtra, India	IN	IN16	70184	18.975	72.8258	-2092174	20260628101500	https://www.thehindu.com/news/national/andhra-pradesh/reliance-to-donate-tirumala-25-electric-buses-worth-275-crore-anant-ambani-donates-hair/article71157353.ece
1311126535	20260628	202606	2026	2026.4877	MNCJPN	HONDA	JPN					MNC													1	051	051	05	1	3.4	5	1	5	3.47826086956522	0								0								0								20260628101500	https://www.fark.com/comments/14113434/Honda-celebrates-50-years-since-groundbreaking-Accord-model-debuted-Which-is-odd-since-Im-pretty-sure-Jesus-his-Apostles-were-in-one
1311126536	20260628	202606	2026	2026.4877	MNCJPN	TOYOTA	JPN					MNC			COP	TROOPER						COP			0	046	046	04	1	7.0	2	1	2	-5.31914893617021	1	Guatemala	GT	GT		15.5	-90.25	GT	2	Connecticut, United States	US	USCT		41.5834	-72.7622	CT	2	Connecticut, United States	US	USCT		41.5834	-72.7622	CT	20260628101500	https://www.courant.com/2026/06/28/man-has-been-charged-in-i-95-crash-with-off-duty-officer-he-was-allegedly-parked-in-travel-lane/
1311126537	20260628	202606	2026	2026.4877	MNCJPN	TOYOTA	JPN					MNC			COP	TROOPER						COP			0	046	046	04	1	7.0	3	1	3	-5.31914893617021	1	Spain	SP	SP		40	-4	SP	1	Spain	SP	SP		40	-4	SP	1	Spain	SP	SP		40	-4	SP	20260628101500	https://www.courant.com/2026/06/28/man-has-been-charged-in-i-95-crash-with-off-duty-officer-he-was-allegedly-parked-in-travel-lane/
1311126538	20260628	202606	2026	2026.4877	MNCUSA	ISHARES	USA					MNC													0	010	010	01	1	0.0	10	1	10	2.50481695568401	1	Australia	AS	AS		-25	135	AS	0								1	Australia	AS	AS		-25	135	AS	20260628101500	https://www.themarketsdaily.com/2026/06/28/ishares-msci-eafe-growth-etf-efg-shares-sold-by-sterling-capital-management-llc.html
1311126539	20260628	202606	2026	2026.4877	MNCUSA	ISHARES	USA					MNC													1	071	071	07	2	7.4	10	1	10	2.50481695568401	1	Australia	AS	AS		-25	135	AS	0								1	Australia	AS	AS		-25	135	AS	20260628101500	https://www.themarketsdaily.com/2026/06/28/ishares-msci-eafe-growth-etf-efg-shares-sold-by-sterling-capital-management-llc.html
1311126540	20260628	202606	2026	2026.4877	MOS	ISLAMIC				MOS															0	112	112	11	3	-2.0	10	1	10	-4.34782608695652	1	Iran	IR	IR		32	53	IR	0								1	Iran	IR	IR		32	53	IR	20260628101500	http://www.jpost.com/middle-east/iran-news/article-900685
1311126541	20260628	202606	2026	2026.4877	NGA	NIGERIA	NGA								EDU	UNIVERSITY						EDU			1	010	010	01	1	0.0	1	1	1	5.17241379310345	1	Canada	CA	CA		60	-96	CA	1	Canada	CA	CA		60	-96	CA	1	Canada	CA	CA		60	-96	CA	20260628101500	https://www.universityworldnews.com/post.php?story=20260626094643667
1311126542	20260628	202606	2026	2026.4877	NGA	NIGERIA	NGA								EDU	UNIVERSITY						EDU			1	010	010	01	1	0.0	1	1	1	5.17241379310345	1	Malaysia	MY	MY		2.5	112.5	MY	1	Malaysia	MY	MY		2.5	112.5	MY	1	Malaysia	MY	MY		2.5	112.5	MY	20260628101500	https://www.universityworldnews.com/post.php?story=20260626094643667
1311126543	20260628	202606	2026	2026.4877	NGOHRIAMN	AMNESTY INTERNATIONAL		AMN				NGO	HRI												0	051	051	05	1	3.4	10	1	10	-3.77754459601259	1	United Kingdom	UK	UK		54	-4	UK	0								1	United Kingdom	UK	UK		54	-4	UK	20260628101500	https://www.outinperth.com/uk-reveals-proposed-conversion-therapy-ban-legislation/
1311126544	20260628	202606	2026	2026.4877	NGOHRIAMN	AMNESTY INTERNATIONAL		AMN				NGO	HRI		GBR	UNITED KINGDOM	GBR								0	020	020	02	1	3.0	3	1	3	-3.77754459601259	1	United Kingdom	UK	UK		54	-4	UK	1	United Kingdom	UK	UK		54	-4	UK	1	United Kingdom	UK	UK		54	-4	UK	20260628101500	https://www.outinperth.com/uk-reveals-proposed-conversion-therapy-ban-legislation/
1311126545	20260628	202606	2026	2026.4877	NZL	AUCKLAND	NZL																		1	036	036	03	1	4.0	10	1	10	-7.46268656716418	4	Brisbane, Queensland, Australia	AS	AS04	154654	-27.5	153.017	-1561728	0								4	Brisbane, Queensland, Australia	AS	AS04	154654	-27.5	153.017	-1561728	20260628101500	https://www.indianweekender.co.nz/news/auckland-diversion-leaves-qantas-passengers-stuck-on-plane-for-over-8-hours
1311126546	20260628	202606	2026	2026.4877	NZL	TARANAKI	NZL																		1	073	073	07	2	7.4	9	1	7	4.41558441558441	4	Ruapehu, New Zealand (general), New Zealand	NZ	NZ00	22390	-39.2833	175.567	-1517679	0								4	Ruapehu, New Zealand (general), New Zealand	NZ	NZ00	22390	-39.2833	175.567	-1517679	20260628101500	https://livenews.co.nz/2026/06/28/beacon-of-hope-plb-credited-in-taranaki-maunga-rescue/
1311126547	20260628	202606	2026	2026.4877	NZL	WELLINGTON	NZL								AUS	BRISBANE	AUS								1	043	043	04	1	2.8	7	1	7	-7.46268656716418	4	Wellington, New Zealand (general), New Zealand	NZ	NZ00	22391	-41.3	174.783	-1521348	4	Brisbane, Queensland, Australia	AS	AS04	154654	-27.5	153.017	-1561728	4	Brisbane, Queensland, Australia	AS	AS04	154654	-27.5	153.017	-1561728	20260628101500	https://www.indianweekender.co.nz/news/auckland-diversion-leaves-qantas-passengers-stuck-on-plane-for-over-8-hours
1311126548	20260628	202606	2026	2026.4877	OMN	OMAN	OMN								GOV	ADMINISTRATION						GOV			0	036	036	03	1	4.0	2	1	2	-6.38930163447251	4	Tehran, Tehran, Iran	IR	IR26	41130	35.75	51.5148	10074674	4	Tehran, Tehran, Iran	IR	IR26	41130	35.75	51.5148	10074674	1	Oman	MU	MU		21	57	MU	20260628101500	https://dominicanrepublicpost.com/iran-attacks-kuwait-and-bahrain-in-response-to-us-strikes/
1311126549	20260628	202606	2026	2026.4877	OMN	OMAN	OMN								GOV	ADMINISTRATION						GOV			0	036	036	03	1	4.0	2	1	2	-6.38930163447251	4	Tehran, Tehran, Iran	IR	IR26	41130	35.75	51.5148	10074674	1	Oman	MU	MU		21	57	MU	1	Oman	MU	MU		21	57	MU	20260628101500	https://dominicanrepublicpost.com/iran-attacks-kuwait-and-bahrain-in-response-to-us-strikes/
1311126550	20260628	202606	2026	2026.4877	OMN	OMAN	OMN								GOV	ADMINISTRATION						GOV			0	036	036	03	1	4.0	2	1	2	-6.38930163447251	1	Oman	MU	MU		21	57	MU	4	Tehran, Tehran, Iran	IR	IR26	41130	35.75	51.5148	10074674	4	Tehran, Tehran, Iran	IR	IR26	41130	35.75	51.5148	10074674	20260628101500	https://dominicanrepublicpost.com/iran-attacks-kuwait-and-bahrain-in-response-to-us-strikes/
1311126551	20260628	202606	2026	2026.4877	OMN	OMAN	OMN								GOV	ADMINISTRATION						GOV			0	036	036	03	1	4.0	4	1	4	-6.38930163447251	1	Oman	MU	MU		21	57	MU	1	Oman	MU	MU		21	57	MU	1	Oman	MU	MU		21	57	MU	20260628101500	https://dominicanrepublicpost.com/iran-attacks-kuwait-and-bahrain-in-response-to-us-strikes/
1311126552	20260628	202606	2026	2026.4877	OPP	THE OPPOSITION						OPP			GOV	MINIST						GOV			1	110	110	11	3	-2.0	5	1	5	-0.33333333333333	1	India	IN	IN		20	77	IN	1	India	IN	IN		20	77	IN	1	India	IN	IN		20	77	IN	20260628101500	https://www.thehindu.com/news/national/andhra-pradesh/nda-government-interfering-in-sir-alleges-ysrcps-kakani-govardhan-reddy/article71157277.ece
1311126553	20260628	202606	2026	2026.4877	OPP	THE OPPOSITION						OPP			GOV	MINIST						GOV			1	120	120	12	3	-4.0	5	1	5	-0.33333333333333	1	India	IN	IN		20	77	IN	1	India	IN	IN		20	77	IN	1	India	IN	IN		20	77	IN	20260628101500	https://www.thehindu.com/news/national/andhra-pradesh/nda-government-interfering-in-sir-alleges-ysrcps-kakani-govardhan-reddy/article71157277.ece
1311126554	20260628	202606	2026	2026.4877	OPP	ACTIVIST						OPP			GOVEDU	EDUCATION MINIST						GOV	EDU		1	090	090	09	2	-2.0	5	1	5	-8.77192982456142	0								0								0								20260628101500	https://www.thehindu.com/news/national/sonam-wangchuk-joins-cjp-protest-begins-hunger-strike-at-jantar-mantar/article71157421.ece
1311126555	20260628	202606	2026	2026.4877	OPP	ACTIVIST						OPP			GOVEDU	EDUCATION MINIST						GOV	EDU		1	141	141	14	3	-6.5	5	1	5	-8.77192982456142	0								0								0								20260628101500	https://www.thehindu.com/news/national/sonam-wangchuk-joins-cjp-protest-begins-hunger-strike-at-jantar-mantar/article71157421.ece
1311126556	20260628	202606	2026	2026.4877	PAK	PAKISTAN	PAK																		1	020	020	02	1	3.0	5	1	5	10.2739726027397	4	Lahore, Punjab, Pakistan	PK	PK04	23677	31.5497	74.3436	-2767043	0								4	Lahore, Punjab, Pakistan	PK	PK04	23677	31.5497	74.3436	-2767043	20260628101500	https://www.universityworldnews.com/post.php?story=20260627134944965
1311126557	20260628	202606	2026	2026.4877	PAK	KARACHI	PAK								MIL	PARAMILITARY						MIL			1	190	190	19	4	-10.0	1	1	1	-11.7283950617284	4	Islamabad, Islamabad, Pakistan	PK	PK08	23674	33.7	73.1667	-2762812	4	Kabul, Kabol, Afghanistan	AF	AF13	3580	34.5167	69.1833	-3378435	4	Kabul, Kabol, Afghanistan	AF	AF13	3580	34.5167	69.1833	-3378435	20260628101500	http://www.jpost.com/international/article-900671
1311126558	20260628	202606	2026	2026.4877	PAK	KARACHI	PAK								MIL	PARAMILITARY						MIL			1	190	190	19	4	-10.0	1	1	1	-11.7283950617284	4	Kabul, Kabol, Afghanistan	AF	AF13	3580	34.5167	69.1833	-3378435	4	Islamabad, Islamabad, Pakistan	PK	PK08	23674	33.7	73.1667	-2762812	4	Islamabad, Islamabad, Pakistan	PK	PK08	23674	33.7	73.1667	-2762812	20260628101500	http://www.jpost.com/international/article-900671
1311126559	20260628	202606	2026	2026.4877	PAK	KARACHI	PAK								MIL	PARAMILITARY						MIL			1	190	190	19	4	-10.0	1	1	1	-11.7283950617284	4	Kabul, Kabol, Afghanistan	AF	AF13	3580	34.5167	69.1833	-3378435	4	Kabul, Kabol, Afghanistan	AF	AF13	3580	34.5167	69.1833	-3378435	4	Islamabad, Islamabad, Pakistan	PK	PK08	23674	33.7	73.1667	-2762812	20260628101500	http://www.jpost.com/international/article-900671
1311126560	20260628	202606	2026	2026.4877	PAK	KARACHI	PAK								PAKCOP	PAKISTAN RANGER	PAK					COP			1	190	190	19	4	-10.0	1	1	1	-11.7283950617284	4	Kabul, Kabol, Afghanistan	AF	AF13	3580	34.5167	69.1833	-3378435	4	Islamabad, Islamabad, Pakistan	PK	PK08	23674	33.7	73.1667	-2762812	4	Islamabad, Islamabad, Pakistan	PK	PK08	23674	33.7	73.1667	-2762812	20260628101500	http://www.jpost.com/international/article-900671
1311126561	20260628	202606	2026	2026.4877	PAK	PAKISTAN	PAK								PAKCOP	PAKISTAN RANGER	PAK					COP			1	190	190	19	4	-10.0	4	1	4	-11.7283950617284	4	Kabul, Kabol, Afghanistan	AF	AF13	3580	34.5167	69.1833	-3378435	4	Islamabad, Islamabad, Pakistan	PK	PK08	23674	33.7	73.1667	-2762812	4	Kabul, Kabol, Afghanistan	AF	AF13	3580	34.5167	69.1833	-3378435	20260628101500	http://www.jpost.com/international/article-900671
1311126562	20260628	202606	2026	2026.4877	PAK	KARACHI	PAK								PAKCOP	PAKISTAN RANGER	PAK					COP			1	190	190	19	4	-10.0	1	1	1	-11.7283950617284	4	Kabul, Kabol, Afghanistan	AF	AF13	3580	34.5167	69.1833	-3378435	4	Kabul, Kabol, Afghanistan	AF	AF13	3580	34.5167	69.1833	-3378435	4	Kabul, Kabol, Afghanistan	AF	AF13	3580	34.5167	69.1833	-3378435	20260628101500	http://www.jpost.com/international/article-900671
1311126563	20260628	202606	2026	2026.4877	PHL	PHILIPPINE	PHL								EDU	STUDENT						EDU			0	020	020	02	1	3.0	3	1	3	2.11189329381252	1	Afghanistan	AF	AF		33	66	AF	1	Afghanistan	AF	AF		33	66	AF	1	Afghanistan	AF	AF		33	66	AF	20260628101500	https://www.universityworldnews.com/post.php?story=20260627081834145
1311126564	20260628	202606	2026	2026.4877	PHL	PHILIPPINE	PHL								EDU	STUDENT						EDU			0	020	020	02	1	3.0	1	1	1	2.11189329381252	1	Canada	CA	CA		60	-96	CA	4	New Brunswick, Limpopo, South Africa	SF	SF09	77343	-22.2602	29.8744	-1265423	4	New Brunswick, Limpopo, South Africa	SF	SF09	77343	-22.2602	29.8744	-1265423	20260628101500	https://www.universityworldnews.com/post.php?story=20260627081834145
1311126565	20260628	202606	2026	2026.4877	PHL	PHILIPPINE	PHL								EDU	STUDENT						EDU			0	020	020	02	1	3.0	1	1	1	2.11189329381252	1	Philippines	RP	RP		13	122	RP	1	United Kingdom	UK	UK		54	-4	UK	1	Philippines	RP	RP		13	122	RP	20260628101500	https://www.universityworldnews.com/post.php?story=20260627081834145
1311126566	20260628	202606	2026	2026.4877	POL	POLAND	POL								ITA	ITALY	ITA								0	080	080	08	2	5.0	1	1	1	-2.44798041615667	4	Kremlin, Moskva, Russia	RS	RS48	25106	55.7522	37.6156	-2960561	4	Kremlin, Moskva, Russia	RS	RS48	25106	55.7522	37.6156	-2960561	3	Washington, District of Columbia, United States	US	USDC	DC001	38.8951	-77.0364	531871	20260628101500	https://freebeacon.com/national-security/in-the-end-i-was-right-how-a-harvard-historian-helped-reagan-topple-soviet-communism/
1311126567	20260628	202606	2026	2026.4877	POL	POLAND	POL								ITA	ITALY	ITA								0	080	080	08	2	5.0	2	1	2	-2.44798041615667	1	Poland	PL	PL		52	20	PL	1	Italy	IT	IT		42.833333	12.833333	IT	1	Poland	PL	PL		52	20	PL	20260628101500	https://freebeacon.com/national-security/in-the-end-i-was-right-how-a-harvard-historian-helped-reagan-topple-soviet-communism/
1311126568	20260628	202606	2026	2026.4877	PSE	PALESTINE	PSE																		0	110	110	11	3	-2.0	4	1	4	-3.64526659412405	1	Israel	IS	IS		31.5	34.75	IS	0								1	South Africa	SF	SF		-30	26	SF	20260628101500	https://www.universityworldnews.com/post.php?story=20260624113411692
1311126569	20260628	202606	2026	2026.4877	PSE	PALESTINE	PSE								EDU	STUDENT						EDU			0	1721	172	17	4	-5.0	1	1	1	-3.64526659412405	1	Israel	IS	IS		31.5	34.75	IS	1	Israel	IS	IS		31.5	34.75	IS	1	Israel	IS	IS		31.5	34.75	IS	20260628101500	https://www.universityworldnews.com/post.php?story=20260624113411692
1311126570	20260628	202606	2026	2026.4877	PSE	PALESTINE	PSE								EDU	STUDENT						EDU			0	1721	172	17	4	-5.0	3	1	3	-3.64526659412405	1	Israel	IS	IS		31.5	34.75	IS	1	South Africa	SF	SF		-30	26	SF	1	Israel	IS	IS		31.5	34.75	IS	20260628101500	https://www.universityworldnews.com/post.php?story=20260624113411692
1311126571	20260628	202606	2026	2026.4877	PSE	PALESTINE	PSE								ISR	ISRAEL	ISR								0	010	010	01	1	0.0	4	1	4	-3.64526659412405	1	Israel	IS	IS		31.5	34.75	IS	1	Israel	IS	IS		31.5	34.75	IS	1	Israel	IS	IS		31.5	34.75	IS	20260628101500	https://www.universityworldnews.com/post.php?story=20260624113411692
1311126572	20260628	202606	2026	2026.4877	PSE	PALESTINE	PSE								ISR	ISRAEL	ISR								0	1721	172	17	4	-5.0	2	1	2	-3.64526659412405	1	Israel	IS	IS		31.5	34.75	IS	1	Israel	IS	IS		31.5	34.75	IS	1	Israel	IS	IS		31.5	34.75	IS	20260628101500	https://www.universityworldnews.com/post.php?story=20260624113411692
1311126573	20260628	202606	2026	2026.4877	PSEREBUAF	HAMAS	PSE					REB	UAF		PSE	GAZA	PSE								1	190	190	19	4	-10.0	1	1	1	-9.58904109589041	1	Gaza Strip	GZ	GZ		31.425074	34.373398	GZ	1	Gaza Strip	GZ	GZ		31.425074	34.373398	GZ	1	Gaza Strip	GZ	GZ		31.425074	34.373398	GZ	20260628101500	http://www.jpost.com/israel-news/defense-news/article-900665
1311126574	20260628	202606	2026	2026.4877	PSEREBUAF	HAMAS	PSE					REB	UAF		PSE	GAZA	PSE								1	190	190	19	4	-10.0	4	1	4	-9.58904109589041	1	Syria	SY	SY		35	38	SY	1	Syria	SY	SY		35	38	SY	1	Syria	SY	SY		35	38	SY	20260628101500	http://www.jpost.com/israel-news/defense-news/article-900665
1311126575	20260628	202606	2026	2026.4877	PTY	PARTY LEADER																			1	042	042	04	1	1.9	8	1	8	2.91005291005291	4	Kendrapara, Orissa, India	IN	IN21	70218	20.5	86.4167	-2100278	0								4	Kendrapara, Orissa, India	IN	IN21	70218	20.5	86.4167	-2100278	20260628101500	https://news.webindia123.com/news/Articles/India/20260628/4468383.html
1311126576	20260628	202606	2026	2026.4877	QAT	QATAR	QAT								IRN	IRAN	IRN								1	111	111	11	3	-2.0	10	1	10	-6	1	Qatar	QA	QA		25.5	51.25	QA	1	Qatar	QA	QA		25.5	51.25	QA	1	Qatar	QA	QA		25.5	51.25	QA	20260628101500	https://www.qatar-tribune.com/article/241729/latest-news/qatar-strongly-condemns-irans-repeated-attacks-on-bahrain-and-kuwait
1311126577	20260628	202606	2026	2026.4877	QAT	QATAR	QAT								VEN	VENEZUELA	VEN								1	073	073	07	2	7.4	10	1	10	6.86274509803921	1	Qatar	QA	QA		25.5	51.25	QA	1	Qatar	QA	QA		25.5	51.25	QA	1	Qatar	QA	QA		25.5	51.25	QA	20260628101500	https://www.qatar-tribune.com/article/241728/latest-news/qatar-led-rescue-mission-in-venezuela-reinforced-by-syrian-civil-defence-team-and-volunteers
1311126578	20260628	202606	2026	2026.4877	ROU	ROMANIA									EDU	STUDENT						EDU			0	051	051	05	1	3.4	1	1	1	2.11189329381252	1	Austria	AU	AU		47.333333	13.333333	AU	1	Austria	AU	AU		47.333333	13.333333	AU	1	Austria	AU	AU		47.333333	13.333333	AU	20260628101500	https://www.universityworldnews.com/post.php?story=20260627081834145
1311126579	20260628	202606	2026	2026.4877	ROU	ROMANIA									EDU	STUDENT						EDU			0	051	051	05	1	3.4	4	1	4	2.11189329381252	1	Romania	RO	RO		46	25	RO	1	Romania	RO	RO		46	25	RO	1	Romania	RO	RO		46	25	RO	20260628101500	https://www.universityworldnews.com/post.php?story=20260627081834145
1311126580	20260628	202606	2026	2026.4877	RUS	RUSSIA	RUS																		1	042	042	04	1	1.9	1	1	1	-2.44798041615667	4	Kremlin, Moskva, Russia	RS	RS48	25106	55.7522	37.6156	-2960561	0								3	Washington, District of Columbia, United States	US	USDC	DC001	38.8951	-77.0364	531871	20260628101500	https://freebeacon.com/national-security/in-the-end-i-was-right-how-a-harvard-historian-helped-reagan-topple-soviet-communism/
1311126581	20260628	202606	2026	2026.4877	RUS	RUSSIA	RUS																		1	042	042	04	1	1.9	2	1	2	-2.44798041615667	3	Washington, District of Columbia, United States	US	USDC	DC001	38.8951	-77.0364	531871	0								3	Washington, District of Columbia, United States	US	USDC	DC001	38.8951	-77.0364	531871	20260628101500	https://freebeacon.com/national-security/in-the-end-i-was-right-how-a-harvard-historian-helped-reagan-topple-soviet-communism/
1311126582	20260628	202606	2026	2026.4877	RUS	RUSSIA	RUS																		1	070	070	07	2	7.0	2	1	2	-2.44798041615667	4	Leningrad, Sankt-Peterburg, Russia	RS	RS66	25095	59.8944	30.2642	-2996338	0								4	Leningrad, Sankt-Peterburg, Russia	RS	RS66	25095	59.8944	30.2642	-2996338	20260628101500	https://freebeacon.com/national-security/in-the-end-i-was-right-how-a-harvard-historian-helped-reagan-topple-soviet-communism/
1311126583	20260628	202606	2026	2026.4877	RUS	RUSSIA	RUS								ELI	ACTOR						ELI			0	010	010	01	1	0.0	2	1	2	-2.44798041615667	4	Kremlin, Moskva, Russia	RS	RS48	25106	55.7522	37.6156	-2960561	4	Kremlin, Moskva, Russia	RS	RS48	25106	55.7522	37.6156	-2960561	4	Kremlin, Moskva, Russia	RS	RS48	25106	55.7522	37.6156	-2960561	20260628101500	https://freebeacon.com/national-security/in-the-end-i-was-right-how-a-harvard-historian-helped-reagan-topple-soviet-communism/
1311126584	20260628	202606	2026	2026.4877	RUS	RUSSIA	RUS								ELI	ACTOR						ELI			0	010	010	01	1	0.0	2	1	2	-2.44798041615667	4	Kremlin, Moskva, Russia	RS	RS48	25106	55.7522	37.6156	-2960561	3	Washington, District of Columbia, United States	US	USDC	DC001	38.8951	-77.0364	531871	4	Kremlin, Moskva, Russia	RS	RS48	25106	55.7522	37.6156	-2960561	20260628101500	https://freebeacon.com/national-security/in-the-end-i-was-right-how-a-harvard-historian-helped-reagan-topple-soviet-communism/
1311126585	20260628	202606	2026	2026.4877	RUS	RUSSIA	RUS								ELI	ACTOR						ELI			0	051	051	05	1	3.4	2	1	2	-2.44798041615667	4	Kremlin, Moskva, Russia	RS	RS48	25106	55.7522	37.6156	-2960561	4	Kremlin, Moskva, Russia	RS	RS48	25106	55.7522	37.6156	-2960561	4	Kremlin, Moskva, Russia	RS	RS48	25106	55.7522	37.6156	-2960561	20260628101500	https://freebeacon.com/national-security/in-the-end-i-was-right-how-a-harvard-historian-helped-reagan-topple-soviet-communism/
1311126586	20260628	202606	2026	2026.4877	RUS	RUSSIA	RUS								ELI	ACTOR						ELI			0	051	051	05	1	3.4	2	1	2	-2.44798041615667	4	Kremlin, Moskva, Russia	RS	RS48	25106	55.7522	37.6156	-2960561	3	Washington, District of Columbia, United States	US	USDC	DC001	38.8951	-77.0364	531871	3	Washington, District of Columbia, United States	US	USDC	DC001	38.8951	-77.0364	531871	20260628101500	https://freebeacon.com/national-security/in-the-end-i-was-right-how-a-harvard-historian-helped-reagan-topple-soviet-communism/
1311126587	20260628	202606	2026	2026.4877	RUS	RUSSIA	RUS								ITA	ITALY	ITA								0	080	080	08	2	5.0	1	1	1	-2.44798041615667	4	Kremlin, Moskva, Russia	RS	RS48	25106	55.7522	37.6156	-2960561	4	Kremlin, Moskva, Russia	RS	RS48	25106	55.7522	37.6156	-2960561	4	Kremlin, Moskva, Russia	RS	RS48	25106	55.7522	37.6156	-2960561	20260628101500	https://freebeacon.com/national-security/in-the-end-i-was-right-how-a-harvard-historian-helped-reagan-topple-soviet-communism/
1311126588	20260628	202606	2026	2026.4877	RUS	RUSSIA	RUS								ITA	ITALY	ITA								0	080	080	08	2	5.0	1	1	1	-2.44798041615667	4	Kremlin, Moskva, Russia	RS	RS48	25106	55.7522	37.6156	-2960561	1	Italy	IT	IT		42.833333	12.833333	IT	4	Kremlin, Moskva, Russia	RS	RS48	25106	55.7522	37.6156	-2960561	20260628101500	https://freebeacon.com/national-security/in-the-end-i-was-right-how-a-harvard-historian-helped-reagan-topple-soviet-communism/
1311126589	20260628	202606	2026	2026.4877	RUS	RUSSIAN	RUS								KEN	KENYA	KEN								0	190	190	19	4	-10.0	1	1	1	-1.82741116751269	1	Kenya	KE	KE		1	38	KE	1	Kenya	KE	KE		1	38	KE	1	Kenya	KE	KE		1	38	KE	20260628101500	https://www.universityworldnews.com/post.php?story=20260610103334438
1311126590	20260628	202606	2026	2026.4877	RUS	RUSSIAN	RUS								KEN	KENYA	KEN								0	190	190	19	4	-10.0	4	1	4	-1.82741116751269	1	Russia	RS	RS		60	100	RS	1	Kenya	KE	KE		1	38	KE	1	Kenya	KE	KE		1	38	KE	20260628101500	https://www.universityworldnews.com/post.php?story=20260610103334438
1311126591	20260628	202606	2026	2026.4877	RUS	RUSSIA	RUS								USA	UNITED STATES	USA								0	080	080	08	2	5.0	1	1	1	-2.44798041615667	4	Kremlin, Moskva, Russia	RS	RS48	25106	55.7522	37.6156	-2960561	4	Kremlin, Moskva, Russia	RS	RS48	25106	55.7522	37.6156	-2960561	4	Kremlin, Moskva, Russia	RS	RS48	25106	55.7522	37.6156	-2960561	20260628101500	https://freebeacon.com/national-security/in-the-end-i-was-right-how-a-harvard-historian-helped-reagan-topple-soviet-communism/
1311126592	20260628	202606	2026	2026.4877	RUS	RUSSIA	RUS								USA	UNITED STATES	USA								0	080	080	08	2	5.0	1	1	1	-2.44798041615667	4	Kremlin, Moskva, Russia	RS	RS48	25106	55.7522	37.6156	-2960561	2	New Hampshire, United States	US	USNH		43.4108	-71.5653	NH	4	Kremlin, Moskva, Russia	RS	RS48	25106	55.7522	37.6156	-2960561	20260628101500	https://freebeacon.com/national-security/in-the-end-i-was-right-how-a-harvard-historian-helped-reagan-topple-soviet-communism/
1311126593	20260628	202606	2026	2026.4877	RWA	RWANDA	RWA																		1	010	010	01	1	0.0	5	1	5	3.2258064516129	4	Kigali, (RW09), Rwanda	RW	RW09	21996	-1.95361	30.0606	-2181358	0								4	Kigali, (RW09), Rwanda	RW	RW09	21996	-1.95361	30.0606	-2181358	20260628101500	https://www.universityworldnews.com/post.php?story=20260627141824456
1311126594	20260628	202606	2026	2026.4877	SPY	INTELLIGENCE						SPY													0	020	020	02	1	3.0	10	1	10	-3.08924485125858	4	Bombay, Maharashtra, India	IN	IN16	70184	18.975	72.8258	-2092174	0								4	Bombay, Maharashtra, India	IN	IN16	70184	18.975	72.8258	-2092174	20260628101500	https://moneylife.in/article/a-national-judicial-reforms-commission-a-proposal-india-cannot-afford-to-ignore/80908.html
1311126595	20260628	202606	2026	2026.4877	SPY	INTELLIGENCE						SPY													0	060	060	06	2	6.0	10	1	10	-3.08924485125858	4	Bombay, Maharashtra, India	IN	IN16	70184	18.975	72.8258	-2092174	0								4	Bombay, Maharashtra, India	IN	IN16	70184	18.975	72.8258	-2092174	20260628101500	https://moneylife.in/article/a-national-judicial-reforms-commission-a-proposal-india-cannot-afford-to-ignore/80908.html
1311126596	20260628	202606	2026	2026.4877	TCD	CHAD	TCD								CVL	COMMUNITY						CVL			1	040	040	04	1	1.0	10	1	10	13.5802469135802	1	Australia	AS	AS		-25	135	AS	1	Australia	AS	AS		-25	135	AS	1	Australia	AS	AS		-25	135	AS	20260628101500	https://joy.org.au/saturdaymagazine/2026/06/sat-27th-june-2026-chad-hughes-ceo-of-thorne-harbour-health-lgbtiqa-update/
1311126597	20260628	202606	2026	2026.4877	THA	THAILAND	THA																		1	010	010	01	1	0.0	24	2	20	-5.27086383601757	4	Pattaya, Chon Buri, Thailand	TH	TH46	26532	12.9333	100.883	-3242432	0								4	Pattaya, Chon Buri, Thailand	TH	TH46	26532	12.9333	100.883	-3242432	20260628101500	https://www.smh.com.au/world/asia/everything-about-him-was-slow-inside-quiet-thai-life-of-suitcase-murder-suspect-20260628-p60aq3.html
1311126598	20260628	202606	2026	2026.4877	THA	THAILAND	THA																		0	173	173	17	4	-5.0	10	2	10	-5.27086383601757	4	Pattaya, Chon Buri, Thailand	TH	TH46	26532	12.9333	100.883	-3242432	0								4	Pattaya, Chon Buri, Thailand	TH	TH46	26532	12.9333	100.883	-3242432	20260628101500	https://www.smh.com.au/world/asia/everything-about-him-was-slow-inside-quiet-thai-life-of-suitcase-murder-suspect-20260628-p60aq3.html
1311126599	20260628	202606	2026	2026.4877	THA	THAILAND	THA																		0	173	173	17	4	-5.0	6	2	6	-5.27086383601757	4	Bangkok, Krung Thep Mahanakhon, Thailand	TH	TH40	26423	13.75	100.517	-3250083	0								4	Bangkok, Krung Thep Mahanakhon, Thailand	TH	TH40	26423	13.75	100.517	-3250083	20260628101500	https://www.smh.com.au/world/asia/everything-about-him-was-slow-inside-quiet-thai-life-of-suitcase-murder-suspect-20260628-p60aq3.html
1311126600	20260628	202606	2026	2026.4877	THA	THAI	THA																		1	190	190	19	4	-10.0	34	2	20	-5.27086383601757	4	Pattaya, Chon Buri, Thailand	TH	TH46	26532	12.9333	100.883	-3242432	0								4	Pattaya, Chon Buri, Thailand	TH	TH46	26532	12.9333	100.883	-3242432	20260628101500	https://www.smh.com.au/world/asia/everything-about-him-was-slow-inside-quiet-thai-life-of-suitcase-murder-suspect-20260628-p60aq3.html
1311126601	20260628	202606	2026	2026.4877	THA	THAILAND	THA								AUS	AUSTRALIAN	AUS								1	112	112	11	3	-2.0	6	2	6	-5.27086383601757	4	Pattaya, Chon Buri, Thailand	TH	TH46	26532	12.9333	100.883	-3242432	4	Ballarat, Victoria, Australia	AS	AS07	5377	-37.5627	143.863	-1557125	4	Ballarat, Victoria, Australia	AS	AS07	5377	-37.5627	143.863	-1557125	20260628101500	https://www.smh.com.au/world/asia/everything-about-him-was-slow-inside-quiet-thai-life-of-suitcase-murder-suspect-20260628-p60aq3.html
1311126602	20260628	202606	2026	2026.4877	THA	THAILAND	THA								AUS	AUSTRALIA	AUS								1	190	190	19	4	-10.0	2	2	2	-5.27086383601757	4	Pattaya, Chon Buri, Thailand	TH	TH46	26532	12.9333	100.883	-3242432	4	Ballarat, Victoria, Australia	AS	AS07	5377	-37.5627	143.863	-1557125	4	Ballarat, Victoria, Australia	AS	AS07	5377	-37.5627	143.863	-1557125	20260628101500	https://www.smh.com.au/world/asia/everything-about-him-was-slow-inside-quiet-thai-life-of-suitcase-murder-suspect-20260628-p60aq3.html
1311126603	20260628	202606	2026	2026.4877	THA	THAILAND	THA								AUS	AUSTRALIAN	AUS								1	190	190	19	4	-10.0	4	2	4	-5.27086383601757	4	Pattaya, Chon Buri, Thailand	TH	TH46	26532	12.9333	100.883	-3242432	4	Ballarat, Victoria, Australia	AS	AS07	5377	-37.5627	143.863	-1557125	4	Pattaya, Chon Buri, Thailand	TH	TH46	26532	12.9333	100.883	-3242432	20260628101500	https://www.smh.com.au/world/asia/everything-about-him-was-slow-inside-quiet-thai-life-of-suitcase-murder-suspect-20260628-p60aq3.html
1311126604	20260628	202606	2026	2026.4877	THA	THAI	THA								AUS	AUSTRALIAN	AUS								1	190	190	19	4	-10.0	10	1	10	-8.23170731707317	4	Pattaya, Chon Buri, Thailand	TH	TH46	26532	12.9333	100.883	-3242432	1	Australia	AS	AS		-25	135	AS	4	Bangkok, Krung Thep Mahanakhon, Thailand	TH	TH40	26423	13.75	100.517	-3250083	20260628101500	http://www.jpost.com/international/article-900693
1311126605	20260628	202606	2026	2026.4877	THA	THAILAND	THA								COP	POLICE						COP			0	013	013	01	1	0.4	4	2	4	-5.27086383601757	4	Pattaya, Chon Buri, Thailand	TH	TH46	26532	12.9333	100.883	-3242432	4	Pattaya, Chon Buri, Thailand	TH	TH46	26532	12.9333	100.883	-3242432	4	Pattaya, Chon Buri, Thailand	TH	TH46	26532	12.9333	100.883	-3242432	20260628101500	https://www.smh.com.au/world/asia/everything-about-him-was-slow-inside-quiet-thai-life-of-suitcase-murder-suspect-20260628-p60aq3.html
1311126606	20260628	202606	2026	2026.4877	THA	THAI	THA								COP	POLICE						COP			0	020	020	02	1	3.0	20	2	20	-5.27086383601757	4	Pattaya, Chon Buri, Thailand	TH	TH46	26532	12.9333	100.883	-3242432	4	Pattaya, Chon Buri, Thailand	TH	TH46	26532	12.9333	100.883	-3242432	4	Pattaya, Chon Buri, Thailand	TH	TH46	26532	12.9333	100.883	-3242432	20260628101500	https://www.smh.com.au/world/asia/everything-about-him-was-slow-inside-quiet-thai-life-of-suitcase-murder-suspect-20260628-p60aq3.html
1311126607	20260628	202606	2026	2026.4877	UAF	TERRORIST						UAF			MIL	MILITARY						MIL			1	193	193	19	4	-10.0	1	1	1	-11.7283950617284	4	Islamabad, Islamabad, Pakistan	PK	PK08	23674	33.7	73.1667	-2762812	4	Islamabad, Islamabad, Pakistan	PK	PK08	23674	33.7	73.1667	-2762812	4	Islamabad, Islamabad, Pakistan	PK	PK08	23674	33.7	73.1667	-2762812	20260628101500	http://www.jpost.com/international/article-900671
1311126608	20260628	202606	2026	2026.4877	UGA	UGANDA	UGA																		0	016	016	01	1	-2.0	2	1	2	-2.00573065902579	4	Kampala, Kampala, Uganda	UG	UG37	18585	0.315556	32.5656	-1728891	0								4	Kampala, Kampala, Uganda	UG	UG37	18585	0.315556	32.5656	-1728891	20260628101500	https://timesofindia.indiatimes.com/world/rest-of-world/i-do-not-believe-in-free-press-uganda-military-chief-orders-media-shutdown-of-major-outlets/articleshow/132048074.cms
1311126609	20260628	202606	2026	2026.4877	UGA	UGANDA	UGA								MED	MEDIA						MED			0	010	010	01	1	0.0	2	1	2	-2.00573065902579	4	Kampala, Kampala, Uganda	UG	UG37	18585	0.315556	32.5656	-1728891	4	Kampala, Kampala, Uganda	UG	UG37	18585	0.315556	32.5656	-1728891	4	Kampala, Kampala, Uganda	UG	UG37	18585	0.315556	32.5656	-1728891	20260628101500	https://timesofindia.indiatimes.com/world/rest-of-world/i-do-not-believe-in-free-press-uganda-military-chief-orders-media-shutdown-of-major-outlets/articleshow/132048074.cms
1311126610	20260628	202606	2026	2026.4877	UGA	UGANDA	UGA								MED	MEDIA						MED			0	016	016	01	1	-2.0	2	1	2	-2.00573065902579	4	Kampala, Kampala, Uganda	UG	UG37	18585	0.315556	32.5656	-1728891	4	Kampala, Kampala, Uganda	UG	UG37	18585	0.315556	32.5656	-1728891	4	Kampala, Kampala, Uganda	UG	UG37	18585	0.315556	32.5656	-1728891	20260628101500	https://timesofindia.indiatimes.com/world/rest-of-world/i-do-not-believe-in-free-press-uganda-military-chief-orders-media-shutdown-of-major-outlets/articleshow/132048074.cms
1311126611	20260628	202606	2026	2026.4877	UGA	UGANDA	UGA								OPP	OPPOSITION LEADER						OPP			1	1383	138	13	3	-7.0	2	1	2	-2.00573065902579	4	Kampala, Kampala, Uganda	UG	UG37	18585	0.315556	32.5656	-1728891	4	Kampala, Kampala, Uganda	UG	UG37	18585	0.315556	32.5656	-1728891	4	Kampala, Kampala, Uganda	UG	UG37	18585	0.315556	32.5656	-1728891	20260628101500	https://timesofindia.indiatimes.com/world/rest-of-world/i-do-not-believe-in-free-press-uganda-military-chief-orders-media-shutdown-of-major-outlets/articleshow/132048074.cms
1311126612	20260628	202606	2026	2026.4877	UGA	UGANDA	UGA								UGAOPP	UGANDA	UGA					OPP			1	1383	138	13	3	-7.0	2	1	2	-2.00573065902579	4	Kampala, Kampala, Uganda	UG	UG37	18585	0.315556	32.5656	-1728891	4	Kampala, Kampala, Uganda	UG	UG37	18585	0.315556	32.5656	-1728891	4	Kampala, Kampala, Uganda	UG	UG37	18585	0.315556	32.5656	-1728891	20260628101500	https://timesofindia.indiatimes.com/world/rest-of-world/i-do-not-believe-in-free-press-uganda-military-chief-orders-media-shutdown-of-major-outlets/articleshow/132048074.cms
1311126613	20260628	202606	2026	2026.4877	UGAGOV	YOWERI MUSEVENI	UGA					GOV			OPP	OPPOSITION LEADER						OPP			1	1383	138	13	3	-7.0	6	1	6	-2.00573065902579	4	Kampala, Kampala, Uganda	UG	UG37	18585	0.315556	32.5656	-1728891	4	Kampala, Kampala, Uganda	UG	UG37	18585	0.315556	32.5656	-1728891	4	Kampala, Kampala, Uganda	UG	UG37	18585	0.315556	32.5656	-1728891	20260628101500	https://timesofindia.indiatimes.com/world/rest-of-world/i-do-not-believe-in-free-press-uganda-military-chief-orders-media-shutdown-of-major-outlets/articleshow/132048074.cms
1311126614	20260628	202606	2026	2026.4877	UGAMIL	UGANDA	UGA					MIL			MED	MEDIA						MED			1	120	120	12	3	-4.0	5	1	5	2.28758169934641	4	Kampala, Kampala, Uganda	UG	UG37	18585	0.315556	32.5656	-1728891	4	Kampala, Kampala, Uganda	UG	UG37	18585	0.315556	32.5656	-1728891	4	Kampala, Kampala, Uganda	UG	UG37	18585	0.315556	32.5656	-1728891	20260628101500	http://www.jpost.com/international/article-900690
1311126615	20260628	202606	2026	2026.4877	UGAMIL	UGANDA	UGA					MIL			MED	MEDIA						MED			1	1721	172	17	4	-5.0	5	1	5	2.28758169934641	4	Kampala, Kampala, Uganda	UG	UG37	18585	0.315556	32.5656	-1728891	4	Kampala, Kampala, Uganda	UG	UG37	18585	0.315556	32.5656	-1728891	4	Kampala, Kampala, Uganda	UG	UG37	18585	0.315556	32.5656	-1728891	20260628101500	http://www.jpost.com/international/article-900690
1311126616	20260628	202606	2026	2026.4877	USA	UNITED STATES	USA																		1	010	010	01	1	0.0	2	1	2	2.3543990086741	3	Centennial Park, Washington, United States	US	USWA	WA061	47.8698	-121.825	1533356	0								3	Centennial Park, Washington, United States	US	USWA		47.8698	-121.825	1533356	20260628101500	https://www.spokesman.com/stories/2026/jun/28/i-think-its-a-lovely-symbol-state-rep-helps-bring-/
1311126617	20260628	202606	2026	2026.4877	USA	UNITED STATES	USA																		0	010	010	01	1	0.0	4	1	4	1.90114068441065	3	San Bernardino, California, United States	US	USCA	CA071	34.1083	-117.29	1661375	0								3	San Bernardino, California, United States	US	USCA		34.1083	-117.29	1661375	20260628101500	https://www.themarketsdaily.com/2026/06/28/cornerstone-wealth-group-llc-acquires-14845-shares-of-mcdonalds-corporation-mcd.html
1311126618	20260628	202606	2026	2026.4877	USA	UNITED STATES	USA																		0	010	010	01	1	0.0	4	1	4	-0.99220411055989	3	New Haven, Connecticut, United States	US	USCT	CT009	41.3082	-72.9282	209231	0								3	New Haven, Connecticut, United States	US	USCT		41.3082	-72.9282	209231	20260628101500	https://www.courant.com/2026/06/28/a-single-act-of-mercy-to-the-enemy-made-a-british-soldier-a-hero-in-a-ct-town-his-legacy-lives/
1311126619	20260628	202606	2026	2026.4877	USA	UNITED STATES	USA																		1	010	010	01	1	0.0	4	1	4	-8.30324909747292	3	Putnam County, New York, United States	US	USNY	NY079	41.4334	-73.7329	974138	0								2	New York, United States	US	USNY		42.1497	-74.9384	NY	20260628101500	https://www.courant.com/2026/06/28/man-accused-of-recording-sexual-assault-of-four-underage-girls-in-ct/
1311126620	20260628	202606	2026	2026.4877	USA	THE US	USA																		0	010	010	01	1	0.0	3	1	3	0.20449897750511	1	Germany	GM	GM		51.5	10.5	GM	0								1	Switzerland	SZ	SZ		47	8	SZ	20260628101500	https://www.swissinfo.ch/eng/swiss-politics/switzerland-has-made-an-advance-payment-of-500-million-for-the-f-35s/91663010
1311126621	20260628	202606	2026	2026.4877	USA	UNITED STATES	USA																		1	013	013	01	1	0.4	4	1	4	2.12628865979381	2	Montana, United States	US	USMT		46.9048	-110.326	MT	0								2	Montana, United States	US	USMT		46.9048	-110.326	MT	20260628101500	https://www.spokesman.com/stories/2026/jun/28/who-is-your-american-hero-locals-share-their-favor/
1311126622	20260628	202606	2026	2026.4877	USA	AMERICAN	USA																		1	020	020	02	1	3.0	6	1	6	2.78099652375434	3	Wyoming Valley, Pennsylvania, United States	US	USPA	PA079	41.2512	-75.9074	1191846	0								3	Wyoming Valley, Pennsylvania, United States	US	USPA		41.2512	-75.9074	1191846	20260628101500	https://www.spokesman.com/stories/2026/jun/28/preserving-history-250-years-in-daughters-of-ameri/
1311126623	20260628	202606	2026	2026.4877	USA	UNITED STATES	USA																		1	020	020	02	1	3.0	4	1	4	2.78099652375434	2	Rhode Island, United States	US	USRI		41.6772	-71.5101	RI	0								2	Rhode Island, United States	US	USRI		41.6772	-71.5101	RI	20260628101500	https://www.spokesman.com/stories/2026/jun/28/preserving-history-250-years-in-daughters-of-ameri/
1311126624	20260628	202606	2026	2026.4877	USA	UNITED STATES	USA																		0	036	036	03	1	4.0	4	1	4	-5.31914893617021	2	Connecticut, United States	US	USCT		41.5834	-72.7622	CT	0								2	Connecticut, United States	US	USCT		41.5834	-72.7622	CT	20260628101500	https://www.courant.com/2026/06/28/man-has-been-charged-in-i-95-crash-with-off-duty-officer-he-was-allegedly-parked-in-travel-lane/
1311126625	20260628	202606	2026	2026.4877	USA	MISSOURI	USA																		0	036	036	03	1	4.0	2	1	2	0	2	Missouri, United States	US	USMO		38.4623	-92.302	MO	0								2	Missouri, United States	US	USMO		38.4623	-92.302	MO	20260628101500	http://www.mexicoledger.com/stories/mexico-to-host-first-annual-jeep-thing,120066
1311126626	20260628	202606	2026	2026.4877	USA	UNITED STATES	USA																		0	042	042	04	1	1.9	4	1	4	2.78099652375434	2	Rhode Island, United States	US	USRI		41.6772	-71.5101	RI	0								2	Rhode Island, United States	US	USRI		41.6772	-71.5101	RI	20260628101500	https://www.spokesman.com/stories/2026/jun/28/preserving-history-250-years-in-daughters-of-ameri/
1311126627	20260628	202606	2026	2026.4877	USA	WASHINGTON	USA																		1	043	043	04	1	2.8	2	1	2	2.12628865979381	3	Washington, District of Columbia, United States	US	USDC	DC001	38.8951	-77.0364	531871	0								2	Montana, United States	US	USMT		46.9048	-110.326	MT	20260628101500	https://www.spokesman.com/stories/2026/jun/28/who-is-your-american-hero-locals-share-their-favor/
1311126628	20260628	202606	2026	2026.4877	USA	UNITED STATES	USA																		1	051	051	05	1	3.4	4	1	4	2.3543990086741	3	Olympia, Washington, United States	US	USWA	WA067	47.0379	-122.901	1533353	0								3	Olympia, Washington, United States	US	USWA	WA067	47.0379	-122.901	1533353	20260628101500	https://www.spokesman.com/stories/2026/jun/28/i-think-its-a-lovely-symbol-state-rep-helps-bring-/
1311126629	20260628	202606	2026	2026.4877	USA	UNITED STATES	USA																		1	051	051	05	1	3.4	4	1	4	2.3543990086741	3	Centennial Park, Washington, United States	US	USWA	WA061	47.8698	-121.825	1533356	0								3	Centennial Park, Washington, United States	US	USWA		47.8698	-121.825	1533356	20260628101500	https://www.spokesman.com/stories/2026/jun/28/i-think-its-a-lovely-symbol-state-rep-helps-bring-/
1311126630	20260628	202606	2026	2026.4877	USA	UNITED STATES	USA																		0	080	080	08	2	5.0	2	1	2	-0.89722675367048	3	Chicago, Illinois, United States	US	USIL	IL031	41.85	-87.6501	423587	0								3	Chicago, Illinois, United States	US	USIL	IL031	41.85	-87.6501	423587	20260628101500	https://www.spokesman.com/stories/2026/jun/27/mcdonalds-new-fried-apple-pie-cant-live-up-to-its-/
1311126631	20260628	202606	2026	2026.4877	USA	TENNESSEE	USA																		0	080	080	08	2	5.0	3	1	3	-0.89722675367048	2	Tennessee, United States	US	USTN		35.7449	-86.7489	TN	0								2	Tennessee, United States	US	USTN		35.7449	-86.7489	TN	20260628101500	https://www.spokesman.com/stories/2026/jun/27/mcdonalds-new-fried-apple-pie-cant-live-up-to-its-/
1311126632	20260628	202606	2026	2026.4877	USA	UNITED STATES	USA																		1	110	110	11	3	-2.0	2	1	2	2.3543990086741	3	Inchelium, Washington, United States	US	USWA	WA019	48.2968	-118.197	1521149	0								3	Inchelium, Washington, United States	US	USWA	WA019	48.2968	-118.197	1521149	20260628101500	https://www.spokesman.com/stories/2026/jun/28/i-think-its-a-lovely-symbol-state-rep-helps-bring-/
1311126633	20260628	202606	2026	2026.4877	USA	UNITED STATES	USA																		0	120	120	12	3	-4.0	3	1	3	-0.1914486279515	2	Hawaii, United States	US	USHI		21.1098	-157.531	HI	0								2	Hawaii, United States	US	USHI		21.1098	-157.531	HI	20260628101500	https://www.spokesman.com/stories/2026/jun/28/think-about-what-it-took-northwest-tribal-leaders-/
1311126634	20260628	202606	2026	2026.4877	USA	UNITED STATES	USA																		1	181	181	18	4	-9.0	4	1	4	0	1	United States	US	US		39.828175	-98.5795	US	0								1	United States	US	US		39.828175	-98.5795	US	20260628101500	https://www.inverness-courier.co.uk/news/aiming-to-live-out-the-love-of-god-every-day-438424/
1311126635	20260628	202606	2026	2026.4877	USA	AMERICAN	USA																		1	192	192	19	4	-9.5	2	1	2	1.7743979721166	3	Washington, District of Columbia, United States	US	USDC	DC001	38.8951	-77.0364	531871	0								3	Boston, Massachusetts, United States	US	USMA	MA025	42.3584	-71.0598	617565	20260628101500	https://www.theadvocate.com/baton_rouge/opinion/hillyer-semiquicentennial-john-adams-declaration-indpendence/article_4e02b722-bdb5-5fe4-9423-967b7f16bd70.html
1311126636	20260628	202606	2026	2026.4877	USA	AMERICAN	USA																		1	192	192	19	4	-9.5	5	1	5	1.7743979721166	3	Long Island, Massachusetts, United States	US	USMA	MA027	42.034	-71.8467	610647	0								3	Long Island, Massachusetts, United States	US	USMA		42.034	-71.8467	610647	20260628101500	https://www.theadvocate.com/baton_rouge/opinion/hillyer-semiquicentennial-john-adams-declaration-indpendence/article_4e02b722-bdb5-5fe4-9423-967b7f16bd70.html
1311126637	20260628	202606	2026	2026.4877	USA	UNITED STATES	USA								CHN	CHINA	CHN								0	080	080	08	2	5.0	1	1	1	-1.171875	3	Washington, District of Columbia, United States	US	USDC	DC001	38.8951	-77.0364	531871	1	China	CH	CH		35	105	CH	3	Washington, District of Columbia, United States	US	USDC	DC001	38.8951	-77.0364	531871	20260628101500	https://freebeacon.com/culture/americas-vision-statement/
1311126638	20260628	202606	2026	2026.4877	USA	UNITED STATES	USA								COP	POLICE						COP			0	051	051	05	1	3.4	4	1	4	-5.31914893617021	2	Connecticut, United States	US	USCT		41.5834	-72.7622	CT	2	Connecticut, United States	US	USCT		41.5834	-72.7622	CT	2	Connecticut, United States	US	USCT		41.5834	-72.7622	CT	20260628101500	https://www.courant.com/2026/06/28/man-has-been-charged-in-i-95-crash-with-off-duty-officer-he-was-allegedly-parked-in-travel-lane/
1311126639	20260628	202606	2026	2026.4877	USA	UNITED STATES	USA								CVL	INDIGENOUS PEOPLE						CVL			1	020	020	02	1	3.0	1	1	1	-0.1914486279515	2	Hawaii, United States	US	USHI		21.1098	-157.531	HI	4	Iroquois, Ontario, Canada	CA	CA08	30554	44.85	-75.3167	-566648	4	Iroquois, Ontario, Canada	CA	CA08	30554	44.85	-75.3167	-566648	20260628101500	https://www.spokesman.com/stories/2026/jun/28/think-about-what-it-took-northwest-tribal-leaders-/
1311126640	20260628	202606	2026	2026.4877	USA	UNITED STATES	USA								CVL	INDIGENOUS PEOPLE						CVL			1	020	020	02	1	3.0	1	1	1	-0.1914486279515	2	Hawaii, United States	US	USHI		21.1098	-157.531	HI	2	Hawaii, United States	US	USHI		21.1098	-157.531	HI	2	Hawaii, United States	US	USHI		21.1098	-157.531	HI	20260628101500	https://www.spokesman.com/stories/2026/jun/28/think-about-what-it-took-northwest-tribal-leaders-/
1311126641	20260628	202606	2026	2026.4877	USA	UNITED STATES	USA								CVL	INDIGENOUS PEOPLE						CVL			1	020	020	02	1	3.0	2	1	2	-0.1914486279515	2	Washington, United States	US	USWA		47.3917	-121.571	WA	2	Washington, United States	US	USWA		47.3917	-121.571	WA	2	Washington, United States	US	USWA		47.3917	-121.571	WA	20260628101500	https://www.spokesman.com/stories/2026/jun/28/think-about-what-it-took-northwest-tribal-leaders-/
1311126642	20260628	202606	2026	2026.4877	USA	PORTLAND	USA								CVL	NATIONALS						CVL			1	043	043	04	1	2.8	20	1	10	2.33766233766234	3	Portland, Oregon, United States	US	USOR	OR051	45.5235	-122.676	1136645	3	Portland, Oregon, United States	US	USOR	OR051	45.5235	-122.676	1136645	3	Portland, Oregon, United States	US	USOR	OR051	45.5235	-122.676	1136645	20260628101500	https://www.kptv.com/2026/06/28/usa-fencings-summer-nationals-return-portland-free-to-attend-convention-center/
1311126643	20260628	202606	2026	2026.4877	USA	UNITED STATES	USA								CVLCVL	NATURALIZED						CVL	CVL		0	051	051	05	1	3.4	4	1	4	2.78099652375434	2	Rhode Island, United States	US	USRI		41.6772	-71.5101	RI	2	Rhode Island, United States	US	USRI		41.6772	-71.5101	RI	2	Rhode Island, United States	US	USRI		41.6772	-71.5101	RI	20260628101500	https://www.spokesman.com/stories/2026/jun/28/preserving-history-250-years-in-daughters-of-ameri/
1311126644	20260628	202606	2026	2026.4877	USA	WASHINGTON	USA								EDU	SCHOOL						EDU			1	043	043	04	1	2.8	6	1	6	2.12628865979381	3	Washington, District of Columbia, United States	US	USDC	DC001	38.8951	-77.0364	531871	3	Washington, District of Columbia, United States	US	USDC	DC001	38.8951	-77.0364	531871	1	Japan	JA	JA		36	138	JA	20260628101500	https://www.spokesman.com/stories/2026/jun/28/who-is-your-american-hero-locals-share-their-favor/
1311126645	20260628	202606	2026	2026.4877	USA	WASHINGTON	USA								EDU	SCHOOL						EDU			1	043	043	04	1	2.8	2	1	2	2.12628865979381	3	Washington, District of Columbia, United States	US	USDC	DC001	38.8951	-77.0364	531871	3	Washington, District of Columbia, United States	US	USDC	DC001	38.8951	-77.0364	531871	2	Montana, United States	US	USMT		46.9048	-110.326	MT	20260628101500	https://www.spokesman.com/stories/2026/jun/28/who-is-your-american-hero-locals-share-their-favor/
1311126646	20260628	202606	2026	2026.4877	USA	AMERICAN	USA								EDU	STUDENT						EDU			1	043	043	04	1	2.8	10	1	10	2.40213523131673	1	United States	US	US		39.828175	-98.5795	US	1	United States	US	US		39.828175	-98.5795	US	1	United States	US	US		39.828175	-98.5795	US	20260628101500	https://www.universityworldnews.com/post.php?story=20260624115600905
1311126647	20260628	202606	2026	2026.4877	USA	UNITED STATES	USA								EDU	SCHOOL						EDU			1	070	070	07	2	7.0	10	1	10	2.40213523131673	1	United States	US	US		39.828175	-98.5795	US	1	United States	US	US		39.828175	-98.5795	US	1	United States	US	US		39.828175	-98.5795	US	20260628101500	https://www.universityworldnews.com/post.php?story=20260624115600905
1311126648	20260628	202606	2026	2026.4877	USA	UNITED STATES	USA								EDU	STUDENT						EDU			0	190	190	19	4	-10.0	1	1	1	-0.15105740181269	2	Ohio, United States	US	USOH		40.3736	-82.7755	OH	2	Connecticut, United States	US	USCT		41.5834	-72.7622	CT	2	Connecticut, United States	US	USCT		41.5834	-72.7622	CT	20260628101500	https://www.courant.com/2026/06/28/opinion-free-speech-and-me-in-connecticut-still-fresh-after-250-years/
1311126649	20260628	202606	2026	2026.4877	USA	UNITED STATES	USA								EDU	STUDENT						EDU			0	190	190	19	4	-10.0	1	1	1	-0.15105740181269	2	Ohio, United States	US	USOH		40.3736	-82.7755	OH	2	Connecticut, United States	US	USCT		41.5834	-72.7622	CT	2	Ohio, United States	US	USOH		40.3736	-82.7755	OH	20260628101500	https://www.courant.com/2026/06/28/opinion-free-speech-and-me-in-connecticut-still-fresh-after-250-years/
1311126650	20260628	202606	2026	2026.4877	USA	UNITED STATES	USA								EDU	STUDENT						EDU			0	193	193	19	4	-10.0	2	1	2	-0.15105740181269	2	Ohio, United States	US	USOH		40.3736	-82.7755	OH	2	Connecticut, United States	US	USCT		41.5834	-72.7622	CT	2	Connecticut, United States	US	USCT		41.5834	-72.7622	CT	20260628101500	https://www.courant.com/2026/06/28/opinion-free-speech-and-me-in-connecticut-still-fresh-after-250-years/
1311126651	20260628	202606	2026	2026.4877	USA	UNITED STATES	USA								EDUEDU	COLLEGE						EDU	EDU		1	042	042	04	1	1.9	10	1	10	0	2	Hawaii, United States	US	USHI		21.1098	-157.531	HI	2	Hawaii, United States	US	USHI		21.1098	-157.531	HI	2	Hawaii, United States	US	USHI		21.1098	-157.531	HI	20260628101500	https://www.universityworldnews.com/post.php?story=20260627155723800
1311126652	20260628	202606	2026	2026.4877	USA	UNITED STATES	USA								GBR	UNITED KINGDOM	GBR								0	010	010	01	1	0.0	4	1	4	1.7743979721166	2	Connecticut, United States	US	USCT		41.5834	-72.7622	CT	1	United Kingdom	UK	UK		54	-4	UK	2	Connecticut, United States	US	USCT		41.5834	-72.7622	CT	20260628101500	https://www.theadvocate.com/baton_rouge/opinion/hillyer-semiquicentennial-john-adams-declaration-indpendence/article_4e02b722-bdb5-5fe4-9423-967b7f16bd70.html
1311126653	20260628	202606	2026	2026.4877	USA	UNITED STATES	USA								GBR	UNITED KINGDOM	GBR								1	051	051	05	1	3.4	2	1	2	-0.99220411055989	3	West Haven, Connecticut, United States	US	USCT	CT009	41.2707	-72.947	211953	3	West Haven, Connecticut, United States	US	USCT		41.2707	-72.947	211953	3	West Haven, Connecticut, United States	US	USCT		41.2707	-72.947	211953	20260628101500	https://www.courant.com/2026/06/28/a-single-act-of-mercy-to-the-enemy-made-a-british-soldier-a-hero-in-a-ct-town-his-legacy-lives/
1311126654	20260628	202606	2026	2026.4877	USA	TEXAS	USA								IRN	IRAN	IRN								0	010	010	01	1	0.0	2	1	2	-2.49597423510467	2	Texas, United States	US	USTX		31.106	-97.6475	TX	1	Iran	IR	IR		32	53	IR	2	Texas, United States	US	USTX		31.106	-97.6475	TX	20260628101500	https://www.spokesman.com/stories/2026/jun/28/inland-nw-republicans-lukewarm-on-us-iran-deal-but/
1311126655	20260628	202606	2026	2026.4877	USA	UNITED STATES	USA								IRN	IRAN	IRN								0	013	013	01	1	0.4	2	1	2	-2.49597423510467	2	Texas, United States	US	USTX		31.106	-97.6475	TX	1	Iran	IR	IR		32	53	IR	1	Iran	IR	IR		32	53	IR	20260628101500	https://www.spokesman.com/stories/2026/jun/28/inland-nw-republicans-lukewarm-on-us-iran-deal-but/
1311126656	20260628	202606	2026	2026.4877	USA	UNITED STATES	USA								IRN	IRAN	IRN								0	013	013	01	1	0.4	4	1	4	-2.49597423510467	2	Texas, United States	US	USTX		31.106	-97.6475	TX	1	Iran	IR	IR		32	53	IR	2	Texas, United States	US	USTX		31.106	-97.6475	TX	20260628101500	https://www.spokesman.com/stories/2026/jun/28/inland-nw-republicans-lukewarm-on-us-iran-deal-but/
1311126657	20260628	202606	2026	2026.4877	USA	UNITED STATES	USA								IRN	IRAN	IRN								0	013	013	01	1	0.4	2	1	2	-2.49597423510467	2	Texas, United States	US	USTX		31.106	-97.6475	TX	2	Texas, United States	US	USTX		31.106	-97.6475	TX	2	Texas, United States	US	USTX		31.106	-97.6475	TX	20260628101500	https://www.spokesman.com/stories/2026/jun/28/inland-nw-republicans-lukewarm-on-us-iran-deal-but/
1311126658	20260628	202606	2026	2026.4877	USA	TEXAS	USA								IRN	IRAN	IRN								0	060	060	06	2	6.0	6	1	6	-2.49597423510467	2	Texas, United States	US	USTX		31.106	-97.6475	TX	1	Iran	IR	IR		32	53	IR	1	Iran	IR	IR		32	53	IR	20260628101500	https://www.spokesman.com/stories/2026/jun/28/inland-nw-republicans-lukewarm-on-us-iran-deal-but/
1311126659	20260628	202606	2026	2026.4877	USA	UNITED STATES	USA								IRN	IRAN	IRN								0	060	060	06	2	6.0	2	1	2	-2.49597423510467	2	Texas, United States	US	USTX		31.106	-97.6475	TX	1	Iran	IR	IR		32	53	IR	2	Texas, United States	US	USTX		31.106	-97.6475	TX	20260628101500	https://www.spokesman.com/stories/2026/jun/28/inland-nw-republicans-lukewarm-on-us-iran-deal-but/
1311126660	20260628	202606	2026	2026.4877	USA	UNITED STATES	USA								IRN	IRAN	IRN								0	060	060	06	2	6.0	2	1	2	-2.49597423510467	2	Texas, United States	US	USTX		31.106	-97.6475	TX	2	Texas, United States	US	USTX		31.106	-97.6475	TX	2	Texas, United States	US	USTX		31.106	-97.6475	TX	20260628101500	https://www.spokesman.com/stories/2026/jun/28/inland-nw-republicans-lukewarm-on-us-iran-deal-but/
1311126661	20260628	202606	2026	2026.4877	USA	UNITED STATES	USA								IRN	IRAN	IRN								0	070	070	07	2	7.0	2	1	2	-2.49597423510467	3	Washington, District of Columbia, United States	US	USDC	DC001	38.8951	-77.0364	531871	1	Iran	IR	IR		32	53	IR	3	Washington, District of Columbia, United States	US	USDC	DC001	38.8951	-77.0364	531871	20260628101500	https://www.spokesman.com/stories/2026/jun/28/inland-nw-republicans-lukewarm-on-us-iran-deal-but/
1311126662	20260628	202606	2026	2026.4877	USA	UNITED STATES	USA								IRN	IRAN	IRN								0	070	070	07	2	7.0	6	1	6	-2.49597423510467	2	Idaho, United States	US	USID		44.2394	-114.51	ID	1	Iran	IR	IR		32	53	IR	2	Idaho, United States	US	USID		44.2394	-114.51	ID	20260628101500	https://www.spokesman.com/stories/2026/jun/28/inland-nw-republicans-lukewarm-on-us-iran-deal-but/
1311126663	20260628	202606	2026	2026.4877	USA	UNITED STATES	USA								IRN	IRAN	IRN								0	070	070	07	2	7.0	2	1	2	-2.49597423510467	1	Iran	IR	IR		32	53	IR	1	Iran	IR	IR		32	53	IR	1	Iran	IR	IR		32	53	IR	20260628101500	https://www.spokesman.com/stories/2026/jun/28/inland-nw-republicans-lukewarm-on-us-iran-deal-but/
1311126664	20260628	202606	2026	2026.4877	USA	WASHINGTON	USA								IRN	IRAN	IRN								1	180	180	18	4	-9.0	2	1	2	-2.49597423510467	3	Washington, District of Columbia, United States	US	USDC	DC001	38.8951	-77.0364	531871	3	Washington, District of Columbia, United States	US	USDC	DC001	38.8951	-77.0364	531871	3	Washington, District of Columbia, United States	US	USDC	DC001	38.8951	-77.0364	531871	20260628101500	https://www.spokesman.com/stories/2026/jun/28/inland-nw-republicans-lukewarm-on-us-iran-deal-but/
1311126665	20260628	202606	2026	2026.4877	USA	WASHINGTON	USA								IRN	IRAN	IRN								1	180	180	18	4	-9.0	8	1	8	-2.49597423510467	3	Washington, District of Columbia, United States	US	USDC	DC001	38.8951	-77.0364	531871	1	Iran	IR	IR		32	53	IR	1	Iran	IR	IR		32	53	IR	20260628101500	https://www.spokesman.com/stories/2026/jun/28/inland-nw-republicans-lukewarm-on-us-iran-deal-but/
1311126666	20260628	202606	2026	2026.4877	USA	WASHINGTON	USA								IRN	IRAN	IRN								1	190	190	19	4	-10.0	2	1	2	-2.49597423510467	2	Texas, United States	US	USTX		31.106	-97.6475	TX	1	Iran	IR	IR		32	53	IR	2	Texas, United States	US	USTX		31.106	-97.6475	TX	20260628101500	https://www.spokesman.com/stories/2026/jun/28/inland-nw-republicans-lukewarm-on-us-iran-deal-but/
1311126667	20260628	202606	2026	2026.4877	USA	WASHINGTON	USA								IRN	IRAN	IRN								1	190	190	19	4	-10.0	6	1	6	-2.49597423510467	2	Texas, United States	US	USTX		31.106	-97.6475	TX	2	Texas, United States	US	USTX		31.106	-97.6475	TX	2	Texas, United States	US	USTX		31.106	-97.6475	TX	20260628101500	https://www.spokesman.com/stories/2026/jun/28/inland-nw-republicans-lukewarm-on-us-iran-deal-but/
1311126668	20260628	202606	2026	2026.4877	USA	THE US	USA								ISR	ISRAEL	ISR								0	0356	035	03	1	7.0	1	1	1	-3.45596432552954	4	Jerusalem, Israel (general), Israel	IS	IS00	18315	31.7667	35.2333	-797092	1	Lebanon	LE	LE		33.833333	35.833333	LE	4	Tehran, Tehran, Iran	IR	IR26	41130	35.75	51.5148	10074674	20260628101500	http://www.jpost.com/israel-news/defense-news/article-900701
1311126669	20260628	202606	2026	2026.4877	USA	THE US	USA								ISR	ISRAEL	ISR								0	0356	035	03	1	7.0	1	1	1	-3.45596432552954	4	Tehran, Tehran, Iran	IR	IR26	41130	35.75	51.5148	10074674	4	Jerusalem, Israel (general), Israel	IS	IS00	18315	31.7667	35.2333	-797092	4	Jerusalem, Israel (general), Israel	IS	IS00	18315	31.7667	35.2333	-797092	20260628101500	http://www.jpost.com/israel-news/defense-news/article-900701
1311126670	20260628	202606	2026	2026.4877	USA	THE US	USA								ISR	ISRAEL	ISR								1	043	043	04	1	2.8	10	1	10	-5.92885375494071	1	Israel	IS	IS		31.5	34.75	IS	1	Israel	IS	IS		31.5	34.75	IS	1	Israel	IS	IS		31.5	34.75	IS	20260628101500	https://www.chesterstandard.co.uk/news/26234504.bristol-airport-named-among-uks-worst-flight-delays/
1311126671	20260628	202606	2026	2026.4877	USA	THE US	USA								ISR	ISRAELI	ISR								1	190	190	19	4	-10.0	4	1	4	-3.45596432552954	4	Jerusalem, Israel (general), Israel	IS	IS00	18315	31.7667	35.2333	-797092	4	Jerusalem, Israel (general), Israel	IS	IS00	18315	31.7667	35.2333	-797092	4	Tehran, Tehran, Iran	IR	IR26	41130	35.75	51.5148	10074674	20260628101500	http://www.jpost.com/israel-news/defense-news/article-900701
1311126672	20260628	202606	2026	2026.4877	USA	THE US	USA								ISR	ISRAELI	ISR								1	190	190	19	4	-10.0	1	1	1	-3.45596432552954	3	Washington, District of Columbia, United States	US	USDC	DC001	38.8951	-77.0364	531871	4	Tehran, Tehran, Iran	IR	IR26	41130	35.75	51.5148	10074674	4	Tehran, Tehran, Iran	IR	IR26	41130	35.75	51.5148	10074674	20260628101500	http://www.jpost.com/israel-news/defense-news/article-900701
1311126673	20260628	202606	2026	2026.4877	USA	THE US	USA								ISR	ISRAELI	ISR								1	190	190	19	4	-10.0	3	1	3	-3.45596432552954	1	Lebanon	LE	LE		33.833333	35.833333	LE	1	Lebanon	LE	LE		33.833333	35.833333	LE	1	Lebanon	LE	LE		33.833333	35.833333	LE	20260628101500	http://www.jpost.com/israel-news/defense-news/article-900701
1311126674	20260628	202606	2026	2026.4877	USA	AMERICAN	USA								LBN	LEBANESE	LBN								0	015	015	01	1	0.0	10	1	10	0.289855072463761	3	Washington, District of Columbia, United States	US	USDC	DC001	38.8951	-77.0364	531871	4	Beirut, Beyrouth, Lebanon	LE	LE04	18808	33.8719	35.5097	-801546	4	Beirut, Beyrouth, Lebanon	LE	LE04	18808	33.8719	35.5097	-801546	20260628101500	http://www.jpost.com/opinion/article-900704
1311126675	20260628	202606	2026	2026.4877	USA	AMERICAN	USA								LBN	LEBANESE	LBN								0	042	042	04	1	1.9	2	1	2	0.289855072463761	4	Tehran, Tehran, Iran	IR	IR26	41130	35.75	51.5148	10074674	4	Beirut, Beyrouth, Lebanon	LE	LE04	18808	33.8719	35.5097	-801546	4	Tehran, Tehran, Iran	IR	IR26	41130	35.75	51.5148	10074674	20260628101500	http://www.jpost.com/opinion/article-900704
1311126676	20260628	202606	2026	2026.4877	USA	AMERICAN	USA								LBN	LEBANESE	LBN								0	042	042	04	1	1.9	8	1	8	0.289855072463761	4	Tehran, Tehran, Iran	IR	IR26	41130	35.75	51.5148	10074674	4	Tehran, Tehran, Iran	IR	IR26	41130	35.75	51.5148	10074674	4	Tehran, Tehran, Iran	IR	IR26	41130	35.75	51.5148	10074674	20260628101500	http://www.jpost.com/opinion/article-900704
1311126677	20260628	202606	2026	2026.4877	USA	PHILADELPHIA	USA								LEG	CONGRESS						LEG			0	043	043	04	1	2.8	4	1	4	-0.80924855491329	3	Philadelphia, Pennsylvania, United States	US	USPA	PA101	39.9523	-75.1638	1209052	3	Philadelphia, Pennsylvania, United States	US	USPA	PA101	39.9523	-75.1638	1209052	3	Philadelphia, Pennsylvania, United States	US	USPA	PA101	39.9523	-75.1638	1209052	20260628101500	https://www.spokesman.com/stories/2026/jun/28/answers-to-the-big-fourth-of-july-trivia-quiz/
1311126678	20260628	202606	2026	2026.4877	USA	PHILADELPHIA	USA								LEG	CONGRESS						LEG			0	043	043	04	1	2.8	1	1	1	-0.80924855491329	3	Philadelphia, Pennsylvania, United States	US	USPA	PA101	39.9523	-75.1638	1209052	3	Washington, District of Columbia, United States	US	USDC	DC001	38.8951	-77.0364	531871	3	Philadelphia, Pennsylvania, United States	US	USPA	PA101	39.9523	-75.1638	1209052	20260628101500	https://www.spokesman.com/stories/2026/jun/28/answers-to-the-big-fourth-of-july-trivia-quiz/
1311126679	20260628	202606	2026	2026.4877	USA	MISSOURI	USA								MEX	MEXICO	MEX								0	036	036	03	1	4.0	1	1	1	0	2	Missouri, United States	US	USMO		38.4623	-92.302	MO	2	Missouri, United States	US	USMO		38.4623	-92.302	MO	2	Missouri, United States	US	USMO		38.4623	-92.302	MO	20260628101500	http://www.mexicoledger.com/stories/mexico-to-host-first-annual-jeep-thing,120066
1311126680	20260628	202606	2026	2026.4877	USA	MISSOURI	USA								MEX	MEXICO	MEX								0	036	036	03	1	4.0	7	1	7	0	2	Missouri, United States	US	USMO		38.4623	-92.302	MO	1	Mexico	MX	MX		23	-102	MX	2	Missouri, United States	US	USMO		38.4623	-92.302	MO	20260628101500	http://www.mexicoledger.com/stories/mexico-to-host-first-annual-jeep-thing,120066
1311126681	20260628	202606	2026	2026.4877	USA	UNITED STATES	USA								MIL	MILITARY						MIL			0	046	046	04	1	7.0	2	1	2	-0.99220411055989	3	West Haven, Connecticut, United States	US	USCT	CT009	41.2707	-72.947	211953	3	West Haven, Connecticut, United States	US	USCT		41.2707	-72.947	211953	3	West Haven, Connecticut, United States	US	USCT		41.2707	-72.947	211953	20260628101500	https://www.courant.com/2026/06/28/a-single-act-of-mercy-to-the-enemy-made-a-british-soldier-a-hero-in-a-ct-town-his-legacy-lives/
1311126682	20260628	202606	2026	2026.4877	USA	UNITED STATES	USA								MIL	MILITARY						MIL			0	046	046	04	1	7.0	2	1	2	-0.99220411055989	3	West Haven, Connecticut, United States	US	USCT	CT009	41.2707	-72.947	211953	1	Canada	CA	CA		60	-96	CA	3	West Haven, Connecticut, United States	US	USCT		41.2707	-72.947	211953	20260628101500	https://www.courant.com/2026/06/28/a-single-act-of-mercy-to-the-enemy-made-a-british-soldier-a-hero-in-a-ct-town-his-legacy-lives/
1311126683	20260628	202606	2026	2026.4877	USA	AMERICAN	USA								NLD	LEIDEN	NLD								0	071	071	07	2	7.4	7	1	7	2.40213523131673	1	United States	US	US		39.828175	-98.5795	US	1	United States	US	US		39.828175	-98.5795	US	1	United States	US	US		39.828175	-98.5795	US	20260628101500	https://www.universityworldnews.com/post.php?story=20260624115600905
1311126684	20260628	202606	2026	2026.4877	USA	UNITED STATES	USA								RWA	RWANDA	RWA								1	173	173	17	4	-5.0	10	1	10	3.2258064516129	4	Kigali, (RW09), Rwanda	RW	RW09	21996	-1.95361	30.0606	-2181358	4	Kigali, (RW09), Rwanda	RW	RW09	21996	-1.95361	30.0606	-2181358	4	Kigali, (RW09), Rwanda	RW	RW09	21996	-1.95361	30.0606	-2181358	20260628101500	https://www.universityworldnews.com/post.php?story=20260627141824456
1311126685	20260628	202606	2026	2026.4877	USA	CONNECTICUT	USA								USAEDU	OHIO	USA					EDU			0	043	043	04	1	2.8	6	1	6	-0.15105740181269	2	Connecticut, United States	US	USCT		41.5834	-72.7622	CT	2	Ohio, United States	US	USOH		40.3736	-82.7755	OH	2	Connecticut, United States	US	USCT		41.5834	-72.7622	CT	20260628101500	https://www.courant.com/2026/06/28/opinion-free-speech-and-me-in-connecticut-still-fresh-after-250-years/
1311126686	20260628	202606	2026	2026.4877	USA	UNITED STATES	USA								USAEDU	OHIO	USA					EDU			0	043	043	04	1	2.8	2	1	2	-0.15105740181269	2	Ohio, United States	US	USOH		40.3736	-82.7755	OH	2	Ohio, United States	US	USOH		40.3736	-82.7755	OH	2	Connecticut, United States	US	USCT		41.5834	-72.7622	CT	20260628101500	https://www.courant.com/2026/06/28/opinion-free-speech-and-me-in-connecticut-still-fresh-after-250-years/
1311126687	20260628	202606	2026	2026.4877	USA	A US	USA								USAMED	REUTERS	USA					MED			0	013	013	01	1	0.4	10	1	10	-4.34782608695652	1	Iran	IR	IR		32	53	IR	1	Iran	IR	IR		32	53	IR	1	Iran	IR	IR		32	53	IR	20260628101500	http://www.jpost.com/middle-east/iran-news/article-900685
1311126688	20260628	202606	2026	2026.4877	USAEDU	OHIO	USA					EDU			USA	CONNECTICUT	USA								0	042	042	04	1	1.9	6	1	6	-0.15105740181269	2	Ohio, United States	US	USOH		40.3736	-82.7755	OH	2	Connecticut, United States	US	USCT		41.5834	-72.7622	CT	2	Connecticut, United States	US	USCT		41.5834	-72.7622	CT	20260628101500	https://www.courant.com/2026/06/28/opinion-free-speech-and-me-in-connecticut-still-fresh-after-250-years/
1311126689	20260628	202606	2026	2026.4877	USAEDU	OHIO	USA					EDU			USA	UNITED STATES	USA								0	042	042	04	1	1.9	2	1	2	-0.15105740181269	2	Ohio, United States	US	USOH		40.3736	-82.7755	OH	2	Ohio, United States	US	USOH		40.3736	-82.7755	OH	2	Connecticut, United States	US	USCT		41.5834	-72.7622	CT	20260628101500	https://www.courant.com/2026/06/28/opinion-free-speech-and-me-in-connecticut-still-fresh-after-250-years/
1311126690	20260628	202606	2026	2026.4877	mro	MORO			mro																1	010	010	01	1	0.0	10	1	10	7.21649484536082	0								0								0								20260628101500	https://www.sunstar.com.ph/zamboanga/1103bde-reaffirms-commitment-to-sustainable-peace
1311126691	20260628	202606	2026	2026.4877	scoGOV	SCOTTISH			sco			GOV													1	042	042	04	1	1.9	10	1	10	-4.90566037735849	1	United Kingdom	UK	UK		54	-4	UK	0								1	United Kingdom	UK	UK		54	-4	UK	20260628101500	https://www.talkingretail.com/featured/shop-theft-in-scotland-hits-highest-levels-in-over-half-a-century-24-06-2026/
